Account_Planning,Calendar_Year,Financial_Entity,Submission,MainPlan_Option,Renewal_Selection,Option_Tag,Common_Key_Figure
0000000080,2026,9000000003,00000000002020,M,,,2
0000000080,2026,9000000004,00000000002020,M,,,94
0000000080,2026,9000000005,00000000002020,M,,,8
0000000080,2026,9000000006,00000000002020,M,,,50
0000000080,2026,9000000007,00000000002020,M,,,14
0000000080,2026,9000000008,00000000002020,M,,,36
0000000080,2026,9000000009,00000000002020,M,,,0
0000000080,2026,9000000010,00000000002020,M,,,91
0000000080,2026,9000000011,00000000002020,M,,,16
0000000080,2026,9000000012,00000000002020,M,,,3
0000000080,2027,9000000003,00000000002020,M,,,2
0000000080,2027,9000000004,00000000002020,M,,,77
0000000080,2027,9000000005,00000000002020,M,,,8
0000000080,2027,9000000006,00000000002020,M,,,40
0000000080,2027,9000000007,00000000002020,M,,,15
0000000080,2027,9000000008,00000000002020,M,,,37
0000000080,2027,9000000009,00000000002020,M,,,0
0000000080,2027,9000000010,00000000002020,M,,,73
0000000080,2027,9000000011,00000000002020,M,,,18
0000000080,2027,9000000012,00000000002020,M,,,6
0000000080,2028,9000000003,00000000002020,M,,,0
0000000080,2028,9000000003,00000000002020,M,,,1
0000000080,2028,9000000004,00000000002020,M,,,14
0000000080,2028,9000000004,00000000002020,M,,,44
0000000080,2028,9000000005,00000000002020,M,,,1
0000000080,2028,9000000005,00000000002020,M,,,5
0000000080,2028,9000000006,00000000002020,M,,,7
0000000080,2028,9000000006,00000000002020,M,,,21
0000000080,2028,9000000007,00000000002020,M,,,3
0000000080,2028,9000000007,00000000002020,M,,,11
0000000080,2028,9000000008,00000000002020,M,,,9
0000000080,2028,9000000008,00000000002020,M,,,28
0000000080,2028,9000000009,00000000002020,M,,,0
0000000080,2028,9000000009,00000000002020,M,,,0
0000000080,2028,9000000010,00000000002020,M,,,14
0000000080,2028,9000000010,00000000002020,M,,,43
0000000080,2028,9000000011,00000000002020,M,,,3
0000000080,2028,9000000011,00000000002020,M,,,10
0000000080,2028,9000000012,00000000002020,M,,,1
0000000080,2028,9000000012,00000000002020,M,,,2
0000000080,2029,9000000003,00000000002020,M,,,1
0000000080,2029,9000000004,00000000002020,M,,,64
0000000080,2029,9000000005,00000000002020,M,,,6
0000000080,2029,9000000006,00000000002020,M,,,26
0000000080,2029,9000000007,00000000002020,M,,,13
0000000080,2029,9000000008,00000000002020,M,,,29
0000000080,2029,9000000010,00000000002020,M,,,70
0000000080,2029,9000000011,00000000002020,M,,,9
0000000080,2029,9000000012,00000000002020,M,,,5
0000000080,2030,9000000003,00000000002020,M,,,2
0000000080,2030,9000000004,00000000002020,M,,,59
0000000080,2030,9000000005,00000000002020,M,,,6
0000000080,2030,9000000006,00000000002020,M,,,25
0000000080,2030,9000000007,00000000002020,M,,,9
0000000080,2030,9000000008,00000000002020,M,,,38
0000000080,2030,9000000010,00000000002020,M,,,78
0000000080,2030,9000000011,00000000002020,M,,,6
0000000080,2030,9000000012,00000000002020,M,,,2
0000000080,2031,9000000003,00000000002020,M,,,2
0000000080,2031,9000000004,00000000002020,M,,,54
0000000080,2031,9000000005,00000000002020,M,,,6
0000000080,2031,9000000006,00000000002020,M,,,22
0000000080,2031,9000000007,00000000002020,M,,,8
0000000080,2031,9000000008,00000000002020,M,,,36
0000000080,2031,9000000010,00000000002020,M,,,84
0000000080,2031,9000000011,00000000002020,M,,,5
0000000080,2031,9000000012,00000000002020,M,,,2
0000000080,2032,9000000003,00000000002020,M,,,3
0000000080,2032,9000000004,00000000002020,M,,,52
0000000080,2032,9000000005,00000000002020,M,,,6
0000000080,2032,9000000006,00000000002020,M,,,16
0000000080,2032,9000000007,00000000002020,M,,,7
0000000080,2032,9000000008,00000000002020,M,,,26
0000000080,2032,9000000010,00000000002020,M,,,89
0000000080,2032,9000000011,00000000002020,M,,,4
0000000080,2032,9000000012,00000000002020,M,,,1
0000000080,2033,9000000003,00000000002020,M,,,3
0000000080,2033,9000000004,00000000002020,M,,,48
0000000080,2033,9000000005,00000000002020,M,,,6
0000000080,2033,9000000006,00000000002020,M,,,14
0000000080,2033,9000000007,00000000002020,M,,,6
0000000080,2033,9000000008,00000000002020,M,,,26
0000000080,2033,9000000010,00000000002020,M,,,99
0000000080,2033,9000000011,00000000002020,M,,,5
0000000080,2033,9000000012,00000000002020,M,,,1
0000000080,2034,9000000003,00000000002020,M,,,2
0000000080,2034,9000000004,00000000002020,M,,,46
0000000080,2034,9000000005,00000000002020,M,,,6
0000000080,2034,9000000006,00000000002020,M,,,12
0000000080,2034,9000000007,00000000002020,M,,,5
0000000080,2034,9000000008,00000000002020,M,,,25
0000000080,2034,9000000010,00000000002020,M,,,113
0000000080,2034,9000000012,00000000002020,M,,,1
0000000080,2035,9000000003,00000000002020,M,,,1
0000000080,2035,9000000004,00000000002020,M,,,41
0000000080,2035,9000000005,00000000002020,M,,,6
0000000080,2035,9000000006,00000000002020,M,,,12
0000000080,2035,9000000007,00000000002020,M,,,4
0000000080,2035,9000000008,00000000002020,M,,,24
0000000080,2035,9000000010,00000000002020,M,,,101
0000000080,2035,9000000012,00000000002020,M,,,1
0000000080,2036,9000000003,00000000002020,M,,,0
0000000080,2036,9000000004,00000000002020,M,,,39
0000000080,2036,9000000005,00000000002020,M,,,5
0000000080,2036,9000000006,00000000002020,M,,,11
0000000080,2036,9000000007,00000000002020,M,,,3
0000000080,2036,9000000008,00000000002020,M,,,23
0000000080,2036,9000000010,00000000002020,M,,,94
0000000080,2036,9000000012,00000000002020,M,,,0
0000000080,2037,9000000003,00000000002020,M,,,0
0000000080,2037,9000000004,00000000002020,M,,,37
0000000080,2037,9000000005,00000000002020,M,,,9
0000000080,2037,9000000006,00000000002020,M,,,3
0000000080,2037,9000000007,00000000002020,M,,,3
0000000080,2037,9000000008,00000000002020,M,,,21
0000000080,2037,9000000010,00000000002020,M,,,93
0000000080,2037,9000000012,00000000002020,M,,,0
0000000080,2038,9000000003,00000000002020,M,,,0
0000000080,2038,9000000004,00000000002020,M,,,39
0000000080,2038,9000000005,00000000002020,M,,,5
0000000080,2038,9000000007,00000000002020,M,,,3
0000000080,2038,9000000008,00000000002020,M,,,19
0000000080,2038,9000000010,00000000002020,M,,,89
0000000080,2038,9000000012,00000000002020,M,,,0
0000000080,2039,9000000003,00000000002020,M,,,0
0000000080,2039,9000000004,00000000002020,M,,,36
0000000080,2039,9000000005,00000000002020,M,,,4
0000000080,2039,9000000007,00000000002020,M,,,2
0000000080,2039,9000000008,00000000002020,M,,,18
0000000080,2039,9000000010,00000000002020,M,,,99
0000000080,2039,9000000012,00000000002020,M,,,0
0000000080,2040,9000000003,00000000002020,M,,,0
0000000080,2040,9000000004,00000000002020,M,,,33
0000000080,2040,9000000005,00000000002020,M,,,5
0000000080,2040,9000000007,00000000002020,M,,,2
0000000080,2040,9000000010,00000000002020,M,,,93
0000000080,2040,9000000012,00000000002020,M,,,0
0000000090,2026,9000000004,00000000002020,M,,,-1
0000000090,2026,9000000006,00000000002020,M,,,0
0000000090,2026,9000000009,00000000002020,M,,,0
0000000090,2027,9000000006,00000000002020,M,,,0
0000000090,2027,9000000007,00000000002020,M,,,-1
0000000090,2027,9000000009,00000000002020,M,,,0
0000000090,2028,9000000004,00000000002020,M,,,2
0000000090,2028,9000000004,00000000002020,M,,,-5
0000000090,2028,9000000005,00000000002020,M,,,0
0000000090,2028,9000000005,00000000002020,M,,,0
0000000090,2028,9000000006,00000000002020,M,,,0
0000000090,2028,9000000006,00000000002020,M,,,-2
0000000090,2028,9000000007,00000000002020,M,,,-2
0000000090,2028,9000000007,00000000002020,M,,,1
0000000090,2028,9000000009,00000000002020,M,,,-1
0000000090,2028,9000000009,00000000002020,M,,,0
0000000090,2028,9000000010,00000000002020,M,,,0
0000000090,2029,9000000004,00000000002020,M,,,0
0000000090,2029,9000000005,00000000002020,M,,,-1
0000000090,2029,9000000006,00000000002020,M,,,-1
0000000090,2029,9000000007,00000000002020,M,,,-1
0000000100,2026,9000000003,00000000002020,M,,,36
0000000100,2026,9000000004,00000000002020,M,,,1515
0000000100,2026,9000000005,00000000002020,M,,,144
0000000100,2026,9000000006,00000000002020,M,,,787
0000000100,2026,9000000007,00000000002020,M,,,228
0000000100,2026,9000000008,00000000002020,M,,,524
0000000100,2026,9000000009,00000000002020,M,,,15
0000000100,2026,9000000010,00000000002020,M,,,1231
0000000100,2026,9000000011,00000000002020,M,,,267
0000000100,2026,9000000012,00000000002020,M,,,27
0000000100,2027,9000000003,00000000002020,M,,,63
0000000100,2027,9000000004,00000000002020,M,,,1553
0000000100,2027,9000000005,00000000002020,M,,,171
0000000100,2027,9000000006,00000000002020,M,,,811
0000000100,2027,9000000007,00000000002020,M,,,305
0000000100,2027,9000000008,00000000002020,M,,,692
0000000100,2027,9000000009,00000000002020,M,,,15
0000000100,2027,9000000010,00000000002020,M,,,1247
0000000100,2027,9000000011,00000000002020,M,,,369
0000000100,2027,9000000012,00000000002020,M,,,98
0000000100,2028,9000000003,00000000002020,M,,,13
0000000100,2028,9000000003,00000000002020,M,,,34
0000000100,2028,9000000004,00000000002020,M,,,415
0000000100,2028,9000000004,00000000002020,M,,,1001
0000000100,2028,9000000005,00000000002020,M,,,45
0000000100,2028,9000000005,00000000002020,M,,,140
0000000100,2028,9000000006,00000000002020,M,,,191
0000000100,2028,9000000006,00000000002020,M,,,474
0000000100,2028,9000000007,00000000002020,M,,,44
0000000100,2028,9000000007,00000000002020,M,,,307
0000000100,2028,9000000008,00000000002020,M,,,222
0000000100,2028,9000000008,00000000002020,M,,,652
0000000100,2028,9000000009,00000000002020,M,,,7
0000000100,2028,9000000010,00000000002020,M,,,307
0000000100,2028,9000000010,00000000002020,M,,,936
0000000100,2028,9000000011,00000000002020,M,,,93
0000000100,2028,9000000011,00000000002020,M,,,254
0000000100,2028,9000000012,00000000002020,M,,,0
0000000100,2028,9000000012,00000000002020,M,,,72
0000000100,2029,9000000003,00000000002020,M,,,34
0000000100,2029,9000000004,00000000002020,M,,,1417
0000000100,2029,9000000005,00000000002020,M,,,147
0000000100,2029,9000000006,00000000002020,M,,,548
0000000100,2029,9000000007,00000000002020,M,,,275
0000000100,2029,9000000008,00000000002020,M,,,553
0000000100,2029,9000000010,00000000002020,M,,,1295
0000000100,2029,9000000011,00000000002020,M,,,189
0000000100,2029,9000000012,00000000002020,M,,,108
0000000100,2030,9000000003,00000000002020,M,,,53
0000000100,2030,9000000004,00000000002020,M,,,1341
0000000100,2030,9000000005,00000000002020,M,,,154
0000000100,2030,9000000006,00000000002020,M,,,535
0000000100,2030,9000000007,00000000002020,M,,,208
0000000100,2030,9000000008,00000000002020,M,,,731
0000000100,2030,9000000010,00000000002020,M,,,1473
0000000100,2030,9000000011,00000000002020,M,,,139
0000000100,2030,9000000012,00000000002020,M,,,55
0000000100,2031,9000000003,00000000002020,M,,,43
0000000100,2031,9000000004,00000000002020,M,,,1253
0000000100,2031,9000000005,00000000002020,M,,,153
0000000100,2031,9000000006,00000000002020,M,,,473
0000000100,2031,9000000007,00000000002020,M,,,177
0000000100,2031,9000000008,00000000002020,M,,,707
0000000100,2031,9000000010,00000000002020,M,,,1620
0000000100,2031,9000000011,00000000002020,M,,,111
0000000100,2031,9000000012,00000000002020,M,,,48
0000000100,2032,9000000003,00000000002020,M,,,80
0000000100,2032,9000000004,00000000002020,M,,,1229
0000000100,2032,9000000005,00000000002020,M,,,144
0000000100,2032,9000000006,00000000002020,M,,,364
0000000100,2032,9000000007,00000000002020,M,,,178
0000000100,2032,9000000008,00000000002020,M,,,528
0000000100,2032,9000000010,00000000002020,M,,,1762
0000000100,2032,9000000011,00000000002020,M,,,101
0000000100,2032,9000000012,00000000002020,M,,,44
0000000100,2033,9000000003,00000000002020,M,,,79
0000000100,2033,9000000004,00000000002020,M,,,1156
0000000100,2033,9000000005,00000000002020,M,,,146
0000000100,2033,9000000006,00000000002020,M,,,323
0000000100,2033,9000000007,00000000002020,M,,,148
0000000100,2033,9000000008,00000000002020,M,,,553
0000000100,2033,9000000010,00000000002020,M,,,1998
0000000100,2033,9000000011,00000000002020,M,,,122
0000000100,2033,9000000012,00000000002020,M,,,40
0000000100,2034,9000000003,00000000002020,M,,,45
0000000100,2034,9000000004,00000000002020,M,,,1088
0000000100,2034,9000000005,00000000002020,M,,,149
0000000100,2034,9000000006,00000000002020,M,,,282
0000000100,2034,9000000007,00000000002020,M,,,127
0000000100,2034,9000000008,00000000002020,M,,,556
0000000100,2034,9000000010,00000000002020,M,,,2319
0000000100,2034,9000000012,00000000002020,M,,,30
0000000100,2035,9000000003,00000000002020,M,,,28
0000000100,2035,9000000004,00000000002020,M,,,1004
0000000100,2035,9000000005,00000000002020,M,,,149
0000000100,2035,9000000006,00000000002020,M,,,284
0000000100,2035,9000000007,00000000002020,M,,,113
0000000100,2035,9000000008,00000000002020,M,,,549
0000000100,2035,9000000010,00000000002020,M,,,2137
0000000100,2035,9000000012,00000000002020,M,,,26
0000000100,2036,9000000003,00000000002020,M,,,12
0000000100,2036,9000000004,00000000002020,M,,,974
0000000100,2036,9000000005,00000000002020,M,,,144
0000000100,2036,9000000006,00000000002020,M,,,283
0000000100,2036,9000000007,00000000002020,M,,,96
0000000100,2036,9000000008,00000000002020,M,,,530
0000000100,2036,9000000010,00000000002020,M,,,2023
0000000100,2036,9000000012,00000000002020,M,,,23
0000000100,2037,9000000003,00000000002020,M,,,5
0000000100,2037,9000000004,00000000002020,M,,,924
0000000100,2037,9000000005,00000000002020,M,,,246
0000000100,2037,9000000006,00000000002020,M,,,89
0000000100,2037,9000000007,00000000002020,M,,,85
0000000100,2037,9000000008,00000000002020,M,,,498
0000000100,2037,9000000010,00000000002020,M,,,2059
0000000100,2037,9000000012,00000000002020,M,,,16
0000000100,2038,9000000003,00000000002020,M,,,2
0000000100,2038,9000000004,00000000002020,M,,,1013
0000000100,2038,9000000005,00000000002020,M,,,138
0000000100,2038,9000000007,00000000002020,M,,,78
0000000100,2038,9000000008,00000000002020,M,,,462
0000000100,2038,9000000010,00000000002020,M,,,2003
0000000100,2038,9000000012,00000000002020,M,,,14
0000000100,2039,9000000003,00000000002020,M,,,0
0000000100,2039,9000000004,00000000002020,M,,,943
0000000100,2039,9000000005,00000000002020,M,,,129
0000000100,2039,9000000007,00000000002020,M,,,73
0000000100,2039,9000000008,00000000002020,M,,,432
0000000100,2039,9000000010,00000000002020,M,,,2274
0000000100,2039,9000000012,00000000002020,M,,,13
0000000100,2040,9000000003,00000000002020,M,,,0
0000000100,2040,9000000004,00000000002020,M,,,898
0000000100,2040,9000000005,00000000002020,M,,,139
0000000100,2040,9000000007,00000000002020,M,,,68
0000000100,2040,9000000010,00000000002020,M,,,2192
0000000100,2040,9000000012,00000000002020,M,,,11
0000000120,2028,9000000008,00000000002020,M,,,82
0000000190,2026,9000000003,00000000002020,M,,,2
0000000190,2026,9000000007,00000000002020,M,,,2
0000000190,2026,9000000009,00000000002020,M,,,0
0000000190,2026,9000000011,00000000002020,M,,,3
0000000190,2027,9000000003,00000000002020,M,,,2
0000000190,2027,9000000007,00000000002020,M,,,2
0000000190,2027,9000000009,00000000002020,M,,,0
0000000190,2027,9000000011,00000000002020,M,,,2
0000000190,2027,9000000012,00000000002020,M,,,4
0000000190,2028,9000000003,00000000002020,M,,,0
0000000190,2028,9000000003,00000000002020,M,,,2
0000000190,2028,9000000007,00000000002020,M,,,0
0000000190,2028,9000000007,00000000002020,M,,,1
0000000190,2028,9000000009,00000000002020,M,,,0
0000000190,2028,9000000011,00000000002020,M,,,0
0000000190,2028,9000000011,00000000002020,M,,,1
0000000190,2028,9000000012,00000000002020,M,,,1
0000000190,2028,9000000012,00000000002020,M,,,4
0000000190,2029,9000000003,00000000002020,M,,,3
0000000190,2029,9000000007,00000000002020,M,,,2
0000000190,2029,9000000011,00000000002020,M,,,1
0000000190,2029,9000000012,00000000002020,M,,,5
0000000190,2030,9000000003,00000000002020,M,,,3
0000000190,2030,9000000007,00000000002020,M,,,1
0000000190,2030,9000000011,00000000002020,M,,,0
0000000190,2030,9000000012,00000000002020,M,,,3
0000000190,2031,9000000003,00000000002020,M,,,2
0000000190,2031,9000000007,00000000002020,M,,,0
0000000190,2031,9000000011,00000000002020,M,,,0
0000000190,2031,9000000012,00000000002020,M,,,2
0000000190,2032,9000000003,00000000002020,M,,,2
0000000190,2032,9000000007,00000000002020,M,,,0
0000000190,2032,9000000011,00000000002020,M,,,0
0000000190,2032,9000000012,00000000002020,M,,,3
0000000190,2033,9000000003,00000000002020,M,,,2
0000000190,2033,9000000007,00000000002020,M,,,1
0000000190,2033,9000000011,00000000002020,M,,,0
0000000190,2033,9000000012,00000000002020,M,,,3
0000000190,2034,9000000003,00000000002020,M,,,2
0000000190,2034,9000000007,00000000002020,M,,,0
0000000190,2034,9000000012,00000000002020,M,,,1
0000000190,2035,9000000003,00000000002020,M,,,1
0000000190,2035,9000000007,00000000002020,M,,,0
0000000190,2035,9000000012,00000000002020,M,,,0
0000000190,2036,9000000007,00000000002020,M,,,0
0000000190,2036,9000000012,00000000002020,M,,,0
0000000190,2037,9000000007,00000000002020,M,,,0
0000000190,2037,9000000012,00000000002020,M,,,0
0000000190,2038,9000000007,00000000002020,M,,,0
0000000190,2038,9000000012,00000000002020,M,,,0
0000000190,2039,9000000007,00000000002020,M,,,0
0000000190,2039,9000000012,00000000002020,M,,,0
0000000190,2040,9000000007,00000000002020,M,,,0
0000000190,2040,9000000012,00000000002020,M,,,0
0000000200,2026,9000000007,00000000002020,M,,,-1
0000000200,2026,9000000009,00000000002020,M,,,-1
0000000200,2027,9000000007,00000000002020,M,,,-1
0000000200,2027,9000000009,00000000002020,M,,,0
0000000200,2028,9000000007,00000000002020,M,,,-1
0000000200,2028,9000000007,00000000002020,M,,,-1
0000000200,2028,9000000009,00000000002020,M,,,0
0000000200,2028,9000000009,00000000002020,M,,,0
0000000200,2029,9000000007,00000000002020,M,,,0
0000000220,2026,9000000007,00000000002020,M,,,32
0000000220,2026,9000000009,00000000002020,M,,,1
0000000220,2026,9000000011,00000000002020,M,,,31
0000000220,2027,9000000007,00000000002020,M,,,49
0000000220,2027,9000000009,00000000002020,M,,,1
0000000220,2027,9000000011,00000000002020,M,,,38
0000000220,2027,9000000012,00000000002020,M,,,27
0000000220,2028,9000000007,00000000002020,M,,,22
0000000220,2028,9000000009,00000000002020,M,,,0
0000000220,2028,9000000009,00000000002020,M,,,0
0000000220,2028,9000000011,00000000002020,M,,,3
0000000220,2028,9000000011,00000000002020,M,,,24
0000000220,2028,9000000012,00000000002020,M,,,0
0000000220,2028,9000000012,00000000002020,M,,,43
0000000220,2029,9000000007,00000000002020,M,,,37
0000000220,2029,9000000011,00000000002020,M,,,18
0000000220,2029,9000000012,00000000002020,M,,,54
0000000220,2030,9000000007,00000000002020,M,,,15
0000000220,2030,9000000011,00000000002020,M,,,5
0000000220,2030,9000000012,00000000002020,M,,,39
0000000220,2031,9000000007,00000000002020,M,,,12
0000000220,2031,9000000011,00000000002020,M,,,4
0000000220,2031,9000000012,00000000002020,M,,,24
0000000220,2032,9000000007,00000000002020,M,,,13
0000000220,2032,9000000011,00000000002020,M,,,4
0000000220,2032,9000000012,00000000002020,M,,,20
0000000220,2033,9000000007,00000000002020,M,,,14
0000000220,2033,9000000011,00000000002020,M,,,6
0000000220,2033,9000000012,00000000002020,M,,,15
0000000220,2034,9000000007,00000000002020,M,,,11
0000000220,2034,9000000012,00000000002020,M,,,6
0000000220,2035,9000000007,00000000002020,M,,,13
0000000220,2035,9000000012,00000000002020,M,,,4
0000000220,2036,9000000007,00000000002020,M,,,12
0000000220,2036,9000000012,00000000002020,M,,,5
0000000220,2037,9000000007,00000000002020,M,,,10
0000000220,2037,9000000012,00000000002020,M,,,6
0000000220,2038,9000000007,00000000002020,M,,,10
0000000220,2038,9000000012,00000000002020,M,,,5
0000000220,2039,9000000007,00000000002020,M,,,10
0000000220,2039,9000000012,00000000002020,M,,,3
0000000220,2040,9000000007,00000000002020,M,,,9
0000000220,2040,9000000012,00000000002020,M,,,3
0000000310,2026,9000000003,00000000002020,M,,,274
0000000310,2026,9000000005,00000000002020,M,,,165
0000000310,2026,9000000007,00000000002020,M,,,446
0000000310,2026,9000000009,00000000002020,M,,,84
0000000310,2026,9000000011,00000000002020,M,,,20
0000000310,2026,9000000012,00000000002020,M,,,779
0000000310,2027,9000000003,00000000002020,M,,,306
0000000310,2027,9000000005,00000000002020,M,,,156
0000000310,2027,9000000007,00000000002020,M,,,426
0000000310,2027,9000000008,00000000002020,M,,,0
0000000310,2027,9000000009,00000000002020,M,,,59
0000000310,2027,9000000011,00000000002020,M,,,18
0000000310,2027,9000000012,00000000002020,M,,,875
0000000310,2028,9000000003,00000000002020,M,,,72
0000000310,2028,9000000003,00000000002020,M,,,174
0000000310,2028,9000000005,00000000002020,M,,,35
0000000310,2028,9000000005,00000000002020,M,,,103
0000000310,2028,9000000007,00000000002020,M,,,109
0000000310,2028,9000000007,00000000002020,M,,,333
0000000310,2028,9000000008,00000000002020,M,,,0
0000000310,2028,9000000008,00000000002020,M,,,1
0000000310,2028,9000000009,00000000002020,M,,,10
0000000310,2028,9000000009,00000000002020,M,,,16
0000000310,2028,9000000011,00000000002020,M,,,1
0000000310,2028,9000000011,00000000002020,M,,,7
0000000310,2028,9000000012,00000000002020,M,,,167
0000000310,2028,9000000012,00000000002020,M,,,518
0000000310,2029,9000000003,00000000002020,M,,,160
0000000310,2029,9000000005,00000000002020,M,,,142
0000000310,2029,9000000007,00000000002020,M,,,404
0000000310,2029,9000000008,00000000002020,M,,,1
0000000310,2029,9000000009,00000000002020,M,,,4
0000000310,2029,9000000011,00000000002020,M,,,17
0000000310,2029,9000000012,00000000002020,M,,,679
0000000310,2030,9000000003,00000000002020,M,,,198
0000000310,2030,9000000005,00000000002020,M,,,128
0000000310,2030,9000000007,00000000002020,M,,,341
0000000310,2030,9000000011,00000000002020,M,,,13
0000000310,2030,9000000012,00000000002020,M,,,484
0000000310,2031,9000000003,00000000002020,M,,,153
0000000310,2031,9000000005,00000000002020,M,,,131
0000000310,2031,9000000007,00000000002020,M,,,287
0000000310,2031,9000000011,00000000002020,M,,,13
0000000310,2031,9000000012,00000000002020,M,,,514
0000000310,2032,9000000003,00000000002020,M,,,154
0000000310,2032,9000000005,00000000002020,M,,,125
0000000310,2032,9000000007,00000000002020,M,,,268
0000000310,2032,9000000011,00000000002020,M,,,4
0000000310,2032,9000000012,00000000002020,M,,,383
0000000310,2033,9000000003,00000000002020,M,,,134
0000000310,2033,9000000005,00000000002020,M,,,129
0000000310,2033,9000000007,00000000002020,M,,,222
0000000310,2033,9000000011,00000000002020,M,,,5
0000000310,2033,9000000012,00000000002020,M,,,324
0000000310,2034,9000000003,00000000002020,M,,,79
0000000310,2034,9000000005,00000000002020,M,,,140
0000000310,2034,9000000007,00000000002020,M,,,193
0000000310,2034,9000000012,00000000002020,M,,,216
0000000310,2035,9000000003,00000000002020,M,,,52
0000000310,2035,9000000005,00000000002020,M,,,145
0000000310,2035,9000000007,00000000002020,M,,,163
0000000310,2035,9000000012,00000000002020,M,,,209
0000000310,2036,9000000003,00000000002020,M,,,21
0000000310,2036,9000000005,00000000002020,M,,,145
0000000310,2036,9000000007,00000000002020,M,,,129
0000000310,2036,9000000012,00000000002020,M,,,184
0000000310,2037,9000000003,00000000002020,M,,,9
0000000310,2037,9000000005,00000000002020,M,,,303
0000000310,2037,9000000007,00000000002020,M,,,103
0000000310,2037,9000000012,00000000002020,M,,,161
0000000310,2038,9000000003,00000000002020,M,,,6
0000000310,2038,9000000005,00000000002020,M,,,151
0000000310,2038,9000000007,00000000002020,M,,,86
0000000310,2038,9000000012,00000000002020,M,,,129
0000000310,2039,9000000003,00000000002020,M,,,1
0000000310,2039,9000000005,00000000002020,M,,,144
0000000310,2039,9000000007,00000000002020,M,,,74
0000000310,2039,9000000012,00000000002020,M,,,97
0000000310,2040,9000000003,00000000002020,M,,,0
0000000310,2040,9000000005,00000000002020,M,,,184
0000000310,2040,9000000007,00000000002020,M,,,63
0000000310,2040,9000000012,00000000002020,M,,,83
0000000320,2026,9000000007,00000000002020,M,,,-56
0000000320,2026,9000000009,00000000002020,M,,,-1
0000000320,2027,9000000007,00000000002020,M,,,-58
0000000320,2028,9000000007,00000000002020,M,,,-21
0000000320,2028,9000000007,00000000002020,M,,,-17
0000000320,2029,9000000007,00000000002020,M,,,-36
0000000320,2030,9000000007,00000000002020,M,,,-36
0000000320,2031,9000000007,00000000002020,M,,,-31
0000000320,2032,9000000007,00000000002020,M,,,-29
0000000320,2033,9000000007,00000000002020,M,,,-24
0000000320,2034,9000000007,00000000002020,M,,,-21
0000000320,2035,9000000007,00000000002020,M,,,-18
0000000320,2036,9000000007,00000000002020,M,,,-14
0000000320,2037,9000000007,00000000002020,M,,,-11
0000000320,2038,9000000007,00000000002020,M,,,-10
0000000320,2039,9000000007,00000000002020,M,,,-8
0000000320,2040,9000000007,00000000002020,M,,,-7
0000000340,2026,9000000003,00000000002020,M,,,384
0000000340,2026,9000000005,00000000002020,M,,,182
0000000340,2026,9000000007,00000000002020,M,,,900
0000000340,2026,9000000009,00000000002020,M,,,101
0000000340,2026,9000000011,00000000002020,M,,,27
0000000340,2026,9000000012,00000000002020,M,,,281
0000000340,2027,9000000003,00000000002020,M,,,455
0000000340,2027,9000000005,00000000002020,M,,,202
0000000340,2027,9000000007,00000000002020,M,,,906
0000000340,2027,9000000009,00000000002020,M,,,59
0000000340,2027,9000000011,00000000002020,M,,,32
0000000340,2027,9000000012,00000000002020,M,,,588
0000000340,2028,9000000003,00000000002020,M,,,116
0000000340,2028,9000000003,00000000002020,M,,,275
0000000340,2028,9000000005,00000000002020,M,,,59
0000000340,2028,9000000005,00000000002020,M,,,164
0000000340,2028,9000000007,00000000002020,M,,,262
0000000340,2028,9000000007,00000000002020,M,,,912
0000000340,2028,9000000008,00000000002020,M,,,0
0000000340,2028,9000000009,00000000002020,M,,,11
0000000340,2028,9000000009,00000000002020,M,,,19
0000000340,2028,9000000011,00000000002020,M,,,2
0000000340,2028,9000000011,00000000002020,M,,,18
0000000340,2028,9000000012,00000000002020,M,,,0
0000000340,2028,9000000012,00000000002020,M,,,512
0000000340,2029,9000000003,00000000002020,M,,,260
0000000340,2029,9000000005,00000000002020,M,,,196
0000000340,2029,9000000007,00000000002020,M,,,945
0000000340,2029,9000000009,00000000002020,M,,,5
0000000340,2029,9000000011,00000000002020,M,,,37
0000000340,2029,9000000012,00000000002020,M,,,762
0000000340,2030,9000000003,00000000002020,M,,,325
0000000340,2030,9000000005,00000000002020,M,,,173
0000000340,2030,9000000007,00000000002020,M,,,803
0000000340,2030,9000000011,00000000002020,M,,,31
0000000340,2030,9000000012,00000000002020,M,,,546
0000000340,2031,9000000003,00000000002020,M,,,249
0000000340,2031,9000000005,00000000002020,M,,,172
0000000340,2031,9000000007,00000000002020,M,,,676
0000000340,2031,9000000011,00000000002020,M,,,32
0000000340,2031,9000000012,00000000002020,M,,,613
0000000340,2032,9000000003,00000000002020,M,,,274
0000000340,2032,9000000005,00000000002020,M,,,172
0000000340,2032,9000000007,00000000002020,M,,,624
0000000340,2032,9000000011,00000000002020,M,,,11
0000000340,2032,9000000012,00000000002020,M,,,469
0000000340,2033,9000000003,00000000002020,M,,,248
0000000340,2033,9000000005,00000000002020,M,,,176
0000000340,2033,9000000007,00000000002020,M,,,508
0000000340,2033,9000000011,00000000002020,M,,,13
0000000340,2033,9000000012,00000000002020,M,,,411
0000000340,2034,9000000003,00000000002020,M,,,146
0000000340,2034,9000000005,00000000002020,M,,,193
0000000340,2034,9000000007,00000000002020,M,,,440
0000000340,2034,9000000012,00000000002020,M,,,281
0000000340,2035,9000000003,00000000002020,M,,,96
0000000340,2035,9000000005,00000000002020,M,,,203
0000000340,2035,9000000007,00000000002020,M,,,366
0000000340,2035,9000000012,00000000002020,M,,,316
0000000340,2036,9000000003,00000000002020,M,,,41
0000000340,2036,9000000005,00000000002020,M,,,218
0000000340,2036,9000000007,00000000002020,M,,,285
0000000340,2036,9000000012,00000000002020,M,,,274
0000000340,2037,9000000003,00000000002020,M,,,19
0000000340,2037,9000000005,00000000002020,M,,,446
0000000340,2037,9000000007,00000000002020,M,,,251
0000000340,2037,9000000012,00000000002020,M,,,233
0000000340,2038,9000000003,00000000002020,M,,,12
0000000340,2038,9000000005,00000000002020,M,,,220
0000000340,2038,9000000007,00000000002020,M,,,206
0000000340,2038,9000000012,00000000002020,M,,,226
0000000340,2039,9000000003,00000000002020,M,,,2
0000000340,2039,9000000005,00000000002020,M,,,215
0000000340,2039,9000000007,00000000002020,M,,,166
0000000340,2039,9000000012,00000000002020,M,,,166
0000000340,2040,9000000003,00000000002020,M,,,0
0000000340,2040,9000000005,00000000002020,M,,,283
0000000340,2040,9000000007,00000000002020,M,,,135
0000000340,2040,9000000012,00000000002020,M,,,141
0000000360,2028,9000000003,00000000002020,M,,,34
0000000380,2026,9000000004,00000000002020,M,,,1
0000000380,2026,9000000005,00000000002020,M,,,0
0000000380,2026,9000000007,00000000002020,M,,,8
0000000380,2026,9000000008,00000000002020,M,,,1
0000000380,2026,9000000009,00000000002020,M,,,1
0000000380,2026,9000000010,00000000002020,M,,,19
0000000380,2026,9000000011,00000000002020,M,,,29
0000000380,2026,9000000012,00000000002020,M,,,42
0000000380,2027,9000000004,00000000002020,M,,,1
0000000380,2027,9000000007,00000000002020,M,,,8
0000000380,2027,9000000008,00000000002020,M,,,-3
0000000380,2027,9000000009,00000000002020,M,,,1
0000000380,2027,9000000010,00000000002020,M,,,15
0000000380,2027,9000000011,00000000002020,M,,,43
0000000380,2027,9000000012,00000000002020,M,,,38
0000000380,2028,9000000004,00000000002020,M,,,2
0000000380,2028,9000000005,00000000002020,M,,,0
0000000380,2028,9000000006,00000000002020,M,,,0
0000000380,2028,9000000007,00000000002020,M,,,1
0000000380,2028,9000000007,00000000002020,M,,,4
0000000380,2028,9000000008,00000000002020,M,,,0
0000000380,2028,9000000009,00000000002020,M,,,0
0000000380,2028,9000000009,00000000002020,M,,,0
0000000380,2028,9000000010,00000000002020,M,,,2
0000000380,2028,9000000010,00000000002020,M,,,15
0000000380,2028,9000000011,00000000002020,M,,,14
0000000380,2028,9000000011,00000000002020,M,,,36
0000000380,2028,9000000012,00000000002020,M,,,48
0000000380,2029,9000000007,00000000002020,M,,,6
0000000380,2029,9000000009,00000000002020,M,,,0
0000000380,2029,9000000010,00000000002020,M,,,20
0000000380,2029,9000000011,00000000002020,M,,,39
0000000380,2029,9000000012,00000000002020,M,,,54
0000000380,2030,9000000007,00000000002020,M,,,6
0000000380,2030,9000000009,00000000002020,M,,,0
0000000380,2030,9000000011,00000000002020,M,,,39
0000000380,2030,9000000012,00000000002020,M,,,39
0000000380,2031,9000000007,00000000002020,M,,,6
0000000380,2031,9000000011,00000000002020,M,,,34
0000000380,2031,9000000012,00000000002020,M,,,43
0000000380,2032,9000000007,00000000002020,M,,,6
0000000380,2032,9000000011,00000000002020,M,,,42
0000000380,2032,9000000012,00000000002020,M,,,35
0000000380,2033,9000000007,00000000002020,M,,,6
0000000380,2033,9000000011,00000000002020,M,,,45
0000000380,2033,9000000012,00000000002020,M,,,30
0000000380,2034,9000000007,00000000002020,M,,,6
0000000380,2034,9000000012,00000000002020,M,,,24
0000000380,2035,9000000007,00000000002020,M,,,6
0000000380,2035,9000000012,00000000002020,M,,,19
0000000380,2036,9000000007,00000000002020,M,,,6
0000000380,2036,9000000012,00000000002020,M,,,17
0000000380,2037,9000000007,00000000002020,M,,,6
0000000380,2037,9000000012,00000000002020,M,,,16
0000000380,2038,9000000007,00000000002020,M,,,6
0000000380,2038,9000000012,00000000002020,M,,,-1
0000000380,2039,9000000007,00000000002020,M,,,6
0000000380,2040,9000000007,00000000002020,M,,,6
0000000420,2026,9000000003,00000000002020,M,,,-53
0000000420,2026,9000000007,00000000002020,M,,,-3
0000000420,2026,9000000008,00000000002020,M,,,-9
0000000420,2026,9000000011,00000000002020,M,,,-1
0000000420,2026,9000000012,00000000002020,M,,,-112
0000000420,2027,9000000003,00000000002020,M,,,-30
0000000420,2027,9000000007,00000000002020,M,,,-3
0000000420,2027,9000000008,00000000002020,M,,,-9
0000000420,2027,9000000011,00000000002020,M,,,-1
0000000420,2027,9000000012,00000000002020,M,,,-116
0000000420,2028,9000000003,00000000002020,M,,,-35
0000000420,2028,9000000006,00000000002020,M,,,0
0000000420,2028,9000000007,00000000002020,M,,,-1
0000000420,2028,9000000007,00000000002020,M,,,0
0000000420,2028,9000000008,00000000002020,M,,,-83
0000000420,2028,9000000011,00000000002020,M,,,-1
0000000420,2028,9000000012,00000000002020,M,,,-128
0000000420,2029,9000000006,00000000002020,M,,,0
0000000420,2029,9000000007,00000000002020,M,,,0
0000000420,2029,9000000012,00000000002020,M,,,-150
0000000420,2030,9000000012,00000000002020,M,,,-59
0000000420,2031,9000000012,00000000002020,M,,,-67
0000000420,2032,9000000012,00000000002020,M,,,-54
0000000420,2033,9000000012,00000000002020,M,,,-46
0000000420,2034,9000000012,00000000002020,M,,,-32
0000000420,2035,9000000012,00000000002020,M,,,-17
0000000420,2036,9000000012,00000000002020,M,,,-13
0000000420,2037,9000000012,00000000002020,M,,,-7
0000000420,2038,9000000012,00000000002020,M,,,0
0000000430,2026,9000000007,00000000002020,M,,,-42
0000000430,2026,9000000009,00000000002020,M,,,-10
0000000430,2026,9000000012,00000000002020,M,,,-4
0000000430,2027,9000000007,00000000002020,M,,,-57
0000000430,2027,9000000009,00000000002020,M,,,-8
0000000430,2027,9000000012,00000000002020,M,,,-28
0000000430,2028,9000000007,00000000002020,M,,,-18
0000000430,2028,9000000007,00000000002020,M,,,-59
0000000430,2028,9000000009,00000000002020,M,,,-2
0000000430,2028,9000000009,00000000002020,M,,,-4
0000000430,2028,9000000012,00000000002020,M,,,-18
0000000430,2029,9000000007,00000000002020,M,,,-53
0000000430,2029,9000000009,00000000002020,M,,,-1
0000000430,2029,9000000012,00000000002020,M,,,-25
0000000430,2030,9000000007,00000000002020,M,,,-44
0000000430,2030,9000000009,00000000002020,M,,,0
0000000430,2030,9000000012,00000000002020,M,,,-17
0000000430,2031,9000000007,00000000002020,M,,,-35
0000000430,2031,9000000012,00000000002020,M,,,-18
0000000430,2032,9000000007,00000000002020,M,,,-32
0000000430,2032,9000000012,00000000002020,M,,,-14
0000000430,2033,9000000007,00000000002020,M,,,-25
0000000430,2033,9000000012,00000000002020,M,,,-13
0000000430,2034,9000000007,00000000002020,M,,,-19
0000000430,2034,9000000012,00000000002020,M,,,-9
0000000430,2035,9000000007,00000000002020,M,,,-15
0000000430,2035,9000000012,00000000002020,M,,,-8
0000000430,2036,9000000007,00000000002020,M,,,-11
0000000430,2036,9000000012,00000000002020,M,,,-7
0000000430,2037,9000000007,00000000002020,M,,,-8
0000000430,2037,9000000012,00000000002020,M,,,-6
0000000430,2038,9000000007,00000000002020,M,,,-6
0000000430,2038,9000000012,00000000002020,M,,,-4
0000000430,2039,9000000007,00000000002020,M,,,-4
0000000430,2039,9000000012,00000000002020,M,,,-3
0000000430,2040,9000000007,00000000002020,M,,,-3
0000000430,2040,9000000012,00000000002020,M,,,-2
0000000440,2026,9000000007,00000000002020,M,,,-107
0000000440,2026,9000000012,00000000002020,M,,,-7
0000000440,2027,9000000007,00000000002020,M,,,-110
0000000440,2027,9000000012,00000000002020,M,,,-16
0000000440,2028,9000000007,00000000002020,M,,,-34
0000000440,2028,9000000007,00000000002020,M,,,-112
0000000440,2028,9000000012,00000000002020,M,,,-60
0000000440,2029,9000000007,00000000002020,M,,,-114
0000000440,2029,9000000012,00000000002020,M,,,-92
0000000440,2030,9000000007,00000000002020,M,,,-95
0000000440,2030,9000000012,00000000002020,M,,,-66
0000000440,2031,9000000007,00000000002020,M,,,-75
0000000440,2031,9000000012,00000000002020,M,,,-71
0000000440,2032,9000000007,00000000002020,M,,,-64
0000000440,2032,9000000012,00000000002020,M,,,-54
0000000440,2033,9000000007,00000000002020,M,,,-52
0000000440,2033,9000000012,00000000002020,M,,,-48
0000000440,2034,9000000007,00000000002020,M,,,-41
0000000440,2034,9000000012,00000000002020,M,,,-32
0000000440,2035,9000000007,00000000002020,M,,,-33
0000000440,2035,9000000012,00000000002020,M,,,-31
0000000440,2036,9000000007,00000000002020,M,,,-24
0000000440,2036,9000000012,00000000002020,M,,,-29
0000000440,2037,9000000007,00000000002020,M,,,-18
0000000440,2037,9000000012,00000000002020,M,,,-27
0000000440,2038,9000000007,00000000002020,M,,,-15
0000000440,2038,9000000012,00000000002020,M,,,-26
0000000440,2039,9000000007,00000000002020,M,,,-10
0000000440,2039,9000000012,00000000002020,M,,,-20
0000000440,2040,9000000007,00000000002020,M,,,-5
0000000440,2040,9000000012,00000000002020,M,,,-18
0000000450,2026,9000000006,00000000002020,M,,,-6
0000000450,2026,9000000011,00000000002020,M,,,-1
0000000450,2026,9000000012,00000000002020,M,,,-2
0000000450,2027,9000000006,00000000002020,M,,,-6
0000000450,2027,9000000011,00000000002020,M,,,-1
0000000450,2027,9000000012,00000000002020,M,,,-3
0000000450,2028,9000000006,00000000002020,M,,,-2
0000000450,2028,9000000006,00000000002020,M,,,-3
0000000450,2028,9000000011,00000000002020,M,,,-1
0000000450,2028,9000000011,00000000002020,M,,,-1
0000000450,2028,9000000012,00000000002020,M,,,-3
0000000450,2029,9000000006,00000000002020,M,,,-4
0000000450,2029,9000000011,00000000002020,M,,,-1
0000000450,2029,9000000012,00000000002020,M,,,-4
0000000450,2030,9000000006,00000000002020,M,,,-4
0000000450,2030,9000000011,00000000002020,M,,,-1
0000000450,2030,9000000012,00000000002020,M,,,-3
0000000450,2031,9000000006,00000000002020,M,,,-3
0000000450,2031,9000000011,00000000002020,M,,,-1
0000000450,2031,9000000012,00000000002020,M,,,-3
0000000450,2032,9000000006,00000000002020,M,,,-3
0000000450,2032,9000000011,00000000002020,M,,,-1
0000000450,2032,9000000012,00000000002020,M,,,-2
0000000450,2033,9000000006,00000000002020,M,,,-2
0000000450,2033,9000000011,00000000002020,M,,,-1
0000000450,2033,9000000012,00000000002020,M,,,-2
0000000450,2034,9000000006,00000000002020,M,,,-2
0000000450,2034,9000000012,00000000002020,M,,,-2
0000000450,2035,9000000006,00000000002020,M,,,-2
0000000450,2035,9000000012,00000000002020,M,,,-1
0000000450,2036,9000000006,00000000002020,M,,,-2
0000000450,2036,9000000012,00000000002020,M,,,-1
0000000450,2037,9000000006,00000000002020,M,,,-1
0000000450,2037,9000000012,00000000002020,M,,,-1
0000000450,2038,9000000012,00000000002020,M,,,-1
0000000450,2039,9000000012,00000000002020,M,,,-1
0000000450,2040,9000000012,00000000002020,M,,,-1
0000000630,2026,9000000006,00000000002020,M,,,-13
0000000630,2026,9000000007,00000000002020,M,,,-3
0000000630,2026,9000000011,00000000002020,M,,,-51
0000000630,2027,9000000006,00000000002020,M,,,2
0000000630,2027,9000000007,00000000002020,M,,,-1
0000000630,2027,9000000011,00000000002020,M,,,-1
0000000630,2027,9000000012,00000000002020,M,,,-1
0000000630,2028,9000000006,00000000002020,M,,,0
0000000630,2028,9000000007,00000000002020,M,,,-1
0000000630,2028,9000000011,00000000002020,M,,,-1
0000000630,2028,9000000011,00000000002020,M,,,-4
0000000630,2028,9000000012,00000000002020,M,,,-14
0000000630,2028,9000000012,00000000002020,M,,,-61
0000000630,2029,9000000006,00000000002020,M,,,-125
0000000630,2029,9000000007,00000000002020,M,,,-1
0000000630,2029,9000000011,00000000002020,M,,,-3
0000000630,2030,9000000006,00000000002020,M,,,-93
0000000630,2030,9000000007,00000000002020,M,,,-2
0000000630,2030,9000000011,00000000002020,M,,,-8
0000000630,2031,9000000006,00000000002020,M,,,-77
0000000630,2031,9000000007,00000000002020,M,,,-5
0000000630,2031,9000000011,00000000002020,M,,,-8
0000000630,2032,9000000006,00000000002020,M,,,-71
0000000630,2032,9000000007,00000000002020,M,,,-13
0000000630,2032,9000000009,00000000002020,M,,,-24
0000000630,2032,9000000011,00000000002020,M,,,-30
0000000630,2033,9000000006,00000000002020,M,,,-64
0000000630,2033,9000000007,00000000002020,M,,,-5
0000000630,2033,9000000009,00000000002020,M,,,-63
0000000630,2033,9000000011,00000000002020,M,,,-31
0000000630,2034,9000000006,00000000002020,M,,,-59
0000000630,2034,9000000007,00000000002020,M,,,-3
0000000630,2034,9000000009,00000000002020,M,,,-10
0000000630,2034,9000000011,00000000002020,M,,,-85
0000000630,2035,9000000006,00000000002020,M,,,-50
0000000630,2035,9000000007,00000000002020,M,,,-4
0000000630,2035,9000000009,00000000002020,M,,,-3
0000000630,2035,9000000011,00000000002020,M,,,-98
0000000630,2036,9000000005,00000000002020,M,,,-35
0000000630,2036,9000000006,00000000002020,M,,,-50
0000000630,2036,9000000007,00000000002020,M,,,-5
0000000630,2036,9000000009,00000000002020,M,,,-3
0000000630,2036,9000000011,00000000002020,M,,,-57
0000000630,2037,9000000005,00000000002020,M,,,-205
0000000630,2037,9000000006,00000000002020,M,,,-46
0000000630,2037,9000000007,00000000002020,M,,,-6
0000000630,2037,9000000009,00000000002020,M,,,-4
0000000630,2037,9000000011,00000000002020,M,,,-52
0000000630,2038,9000000004,00000000002020,M,,,-132
0000000630,2038,9000000005,00000000002020,M,,,-213
0000000630,2038,9000000006,00000000002020,M,,,-14
0000000630,2038,9000000007,00000000002020,M,,,-38
0000000630,2038,9000000009,00000000002020,M,,,-4
0000000630,2038,9000000011,00000000002020,M,,,-12
0000000630,2039,9000000004,00000000002020,M,,,-126
0000000630,2039,9000000005,00000000002020,M,,,-217
0000000630,2039,9000000007,00000000002020,M,,,-3
0000000630,2039,9000000009,00000000002020,M,,,-4
0000000630,2039,9000000011,00000000002020,M,,,-4
0000000630,2040,9000000004,00000000002020,M,,,-120
0000000630,2040,9000000005,00000000002020,M,,,-188
0000000630,2040,9000000007,00000000002020,M,,,-40
0000000630,2040,9000000009,00000000002020,M,,,-4
0000000631,2028,9000000011,00000000002020,M,,,-1
0000000640,2028,9000000004,00000000002020,M,,,-1
0000000640,2028,9000000005,00000000002020,M,,,-1
0000000640,2028,9000000006,00000000002020,M,,,-2
0000000640,2028,9000000007,00000000002020,M,,,-1
0000000640,2028,9000000009,00000000002020,M,,,0
0000000640,2028,9000000010,00000000002020,M,,,0
0000000640,2028,9000000011,00000000002020,M,,,0
0000000660,2028,9000000004,00000000002020,M,,,-2
0000000660,2028,9000000006,00000000002020,M,,,1
0000000660,2028,9000000007,00000000002020,M,,,1
0000000660,2028,9000000008,00000000002020,M,,,-3
0000000660,2028,9000000009,00000000002020,M,,,2
0000000660,2028,9000000009,00000000002020,M,,,-5
0000000660,2028,9000000011,00000000002020,M,,,13
0000000670,2028,9000000009,00000000002020,M,,,-2
0000000670,2028,9000000009,00000000002020,M,,,-3
0000000670,2029,9000000009,00000000002020,M,,,-8
0000000690,2028,9000000011,00000000002020,M,,,-2
0000000690,2028,9000000011,00000000002020,M,,,-4
0000000690,2029,9000000011,00000000002020,M,,,-5
0000000690,2030,9000000011,00000000002020,M,,,-5
0000000690,2031,9000000011,00000000002020,M,,,-5
0000000690,2032,9000000011,00000000002020,M,,,-5
0000000690,2033,9000000011,00000000002020,M,,,-5
0000000730,2026,9000000003,00000000002020,M,,,10
0000000730,2027,9000000003,00000000002020,M,,,17
0000000730,2028,9000000003,00000000002020,M,,,5
0000000730,2028,9000000003,00000000002020,M,,,12
0000000730,2029,9000000003,00000000002020,M,,,13
0000000730,2030,9000000003,00000000002020,M,,,12
0000000730,2031,9000000003,00000000002020,M,,,5
0000000730,2032,9000000003,00000000002020,M,,,3
0000000730,2033,9000000003,00000000002020,M,,,2
0000000730,2034,9000000003,00000000002020,M,,,0
0000000730,2035,9000000003,00000000002020,M,,,-1
0000000750,2026,9000000004,00000000002020,M,,,-6
0000000750,2026,9000000007,00000000002020,M,,,-7
0000000750,2026,9000000011,00000000002020,M,,,-1
0000000750,2027,9000000004,00000000002020,M,,,-28
0000000750,2027,9000000005,00000000002020,M,,,-10
0000000750,2027,9000000006,00000000002020,M,,,-3
0000000750,2027,9000000007,00000000002020,M,,,-17
0000000750,2027,9000000009,00000000002020,M,,,-1
0000000750,2027,9000000011,00000000002020,M,,,-2
0000000750,2028,9000000004,00000000002020,M,,,-15
0000000750,2028,9000000004,00000000002020,M,,,-18
0000000750,2028,9000000005,00000000002020,M,,,-4
0000000750,2028,9000000005,00000000002020,M,,,-7
0000000750,2028,9000000006,00000000002020,M,,,-1
0000000750,2028,9000000006,00000000002020,M,,,-2
0000000750,2028,9000000007,00000000002020,M,,,-5
0000000750,2028,9000000007,00000000002020,M,,,-13
0000000750,2028,9000000009,00000000002020,M,,,-1
0000000750,2028,9000000009,00000000002020,M,,,-1
0000000750,2028,9000000011,00000000002020,M,,,-1
0000000750,2029,9000000004,00000000002020,M,,,-24
0000000750,2029,9000000005,00000000002020,M,,,-10
0000000750,2029,9000000006,00000000002020,M,,,-3
0000000750,2029,9000000007,00000000002020,M,,,-17
0000000750,2029,9000000009,00000000002020,M,,,-1
0000000750,2030,9000000004,00000000002020,M,,,-43
0000000750,2030,9000000005,00000000002020,M,,,-10
0000000750,2030,9000000006,00000000002020,M,,,-3
0000000750,2030,9000000007,00000000002020,M,,,-17
0000000750,2030,9000000009,00000000002020,M,,,-1
0000000750,2031,9000000004,00000000002020,M,,,-49
0000000750,2031,9000000005,00000000002020,M,,,-10
0000000750,2031,9000000006,00000000002020,M,,,-3
0000000750,2031,9000000007,00000000002020,M,,,-17
0000000750,2031,9000000009,00000000002020,M,,,-1
0000000750,2032,9000000004,00000000002020,M,,,-55
0000000750,2032,9000000005,00000000002020,M,,,-10
0000000750,2032,9000000006,00000000002020,M,,,-3
0000000750,2032,9000000007,00000000002020,M,,,-17
0000000750,2032,9000000009,00000000002020,M,,,-1
0000000750,2033,9000000004,00000000002020,M,,,-60
0000000750,2033,9000000005,00000000002020,M,,,-11
0000000750,2033,9000000006,00000000002020,M,,,-3
0000000750,2033,9000000007,00000000002020,M,,,-17
0000000750,2033,9000000009,00000000002020,M,,,-1
0000000750,2034,9000000004,00000000002020,M,,,-66
0000000750,2034,9000000005,00000000002020,M,,,-11
0000000750,2034,9000000006,00000000002020,M,,,-3
0000000750,2034,9000000007,00000000002020,M,,,-17
0000000750,2034,9000000009,00000000002020,M,,,-1
0000000750,2035,9000000004,00000000002020,M,,,-71
0000000750,2035,9000000005,00000000002020,M,,,-11
0000000750,2035,9000000006,00000000002020,M,,,-3
0000000750,2035,9000000007,00000000002020,M,,,-17
0000000750,2035,9000000009,00000000002020,M,,,-1
0000000750,2036,9000000004,00000000002020,M,,,-33
0000000750,2036,9000000005,00000000002020,M,,,-11
0000000750,2036,9000000006,00000000002020,M,,,-3
0000000750,2036,9000000007,00000000002020,M,,,-17
0000000750,2036,9000000009,00000000002020,M,,,-1
0000000750,2037,9000000004,00000000002020,M,,,-34
0000000750,2037,9000000005,00000000002020,M,,,-11
0000000750,2037,9000000006,00000000002020,M,,,-3
0000000750,2037,9000000007,00000000002020,M,,,-17
0000000750,2037,9000000009,00000000002020,M,,,-1
0000000750,2038,9000000004,00000000002020,M,,,-34
0000000750,2038,9000000005,00000000002020,M,,,-12
0000000750,2038,9000000007,00000000002020,M,,,-17
0000000750,2038,9000000009,00000000002020,M,,,-1
0000000750,2039,9000000004,00000000002020,M,,,-35
0000000750,2039,9000000005,00000000002020,M,,,-12
0000000750,2039,9000000007,00000000002020,M,,,-17
0000000750,2039,9000000009,00000000002020,M,,,-1
0000000750,2040,9000000004,00000000002020,M,,,-36
0000000750,2040,9000000005,00000000002020,M,,,-12
0000000750,2040,9000000007,00000000002020,M,,,-17
0000000750,2040,9000000009,00000000002020,M,,,-1
0000000790,2028,9000000003,00000000002020,M,,,-2
0000000790,2028,9000000003,00000000002020,M,,,-16
0000000790,2028,9000000004,00000000002020,M,,,-65
0000000790,2028,9000000004,00000000002020,M,,,-178
0000000790,2028,9000000005,00000000002020,M,,,-8
0000000790,2028,9000000005,00000000002020,M,,,-20
0000000790,2028,9000000006,00000000002020,M,,,0
0000000790,2028,9000000007,00000000002020,M,,,-2
0000000790,2028,9000000007,00000000002020,M,,,-3
0000000790,2028,9000000008,00000000002020,M,,,-17
0000000790,2028,9000000008,00000000002020,M,,,-22
0000000790,2028,9000000009,00000000002020,M,,,-2
0000000790,2028,9000000010,00000000002020,M,,,-28
0000000790,2028,9000000010,00000000002020,M,,,-177
0000000790,2028,9000000011,00000000002020,M,,,-6
0000000790,2028,9000000011,00000000002020,M,,,-9
0000000790,2028,9000000012,00000000002020,M,,,-56
0000000790,2028,9000000012,00000000002020,M,,,-197
0000000790,2029,9000000003,00000000002020,M,,,-19
0000000790,2029,9000000004,00000000002020,M,,,-229
0000000790,2029,9000000005,00000000002020,M,,,-30
0000000790,2029,9000000007,00000000002020,M,,,-2
0000000790,2029,9000000008,00000000002020,M,,,-37
0000000790,2029,9000000010,00000000002020,M,,,-235
0000000790,2029,9000000012,00000000002020,M,,,-56
0000000790,2030,9000000003,00000000002020,M,,,-28
0000000790,2030,9000000004,00000000002020,M,,,-218
0000000790,2030,9000000005,00000000002020,M,,,-10
0000000790,2030,9000000006,00000000002020,M,,,-1
0000000790,2030,9000000007,00000000002020,M,,,-20
0000000790,2030,9000000008,00000000002020,M,,,-43
0000000790,2030,9000000010,00000000002020,M,,,-287
0000000790,2030,9000000012,00000000002020,M,,,-23
0000000790,2031,9000000003,00000000002020,M,,,-24
0000000790,2031,9000000004,00000000002020,M,,,-211
0000000790,2031,9000000005,00000000002020,M,,,-8
0000000790,2031,9000000007,00000000002020,M,,,-22
0000000790,2031,9000000008,00000000002020,M,,,-42
0000000790,2031,9000000010,00000000002020,M,,,-294
0000000790,2031,9000000012,00000000002020,M,,,-21
0000000790,2032,9000000003,00000000002020,M,,,-25
0000000790,2032,9000000004,00000000002020,M,,,-213
0000000790,2032,9000000005,00000000002020,M,,,-3
0000000790,2032,9000000006,00000000002020,M,,,-1
0000000790,2032,9000000008,00000000002020,M,,,-42
0000000790,2032,9000000010,00000000002020,M,,,-339
0000000790,2032,9000000012,00000000002020,M,,,-21
0000000790,2033,9000000004,00000000002020,M,,,-213
0000000790,2033,9000000008,00000000002020,M,,,-42
0000000790,2033,9000000010,00000000002020,M,,,-517
0000000790,2033,9000000012,00000000002020,M,,,-21
0000000790,2034,9000000004,00000000002020,M,,,-178
0000000790,2034,9000000008,00000000002020,M,,,-42
0000000790,2034,9000000010,00000000002020,M,,,-656
0000000790,2034,9000000012,00000000002020,M,,,-21
0000000790,2035,9000000004,00000000002020,M,,,-170
0000000790,2035,9000000008,00000000002020,M,,,-42
0000000790,2035,9000000010,00000000002020,M,,,-524
0000000790,2035,9000000012,00000000002020,M,,,-21
0000000790,2036,9000000004,00000000002020,M,,,-168
0000000790,2036,9000000010,00000000002020,M,,,-572
0000000790,2036,9000000012,00000000002020,M,,,-21
0000000790,2037,9000000004,00000000002020,M,,,-169
0000000790,2037,9000000010,00000000002020,M,,,-656
0000000790,2037,9000000012,00000000002020,M,,,-20
0000000790,2038,9000000004,00000000002020,M,,,-184
0000000790,2038,9000000010,00000000002020,M,,,-530
0000000790,2038,9000000012,00000000002020,M,,,-20
0000000790,2039,9000000004,00000000002020,M,,,-142
0000000790,2039,9000000010,00000000002020,M,,,-735
0000000790,2039,9000000012,00000000002020,M,,,-19
0000000790,2040,9000000004,00000000002020,M,,,-152
0000000790,2040,9000000010,00000000002020,M,,,-661
0000000790,2040,9000000012,00000000002020,M,,,-19
0000000800,2028,9000000003,00000000002020,M,,,-7
0000000800,2028,9000000003,00000000002020,M,,,-94
0000000800,2028,9000000004,00000000002020,M,,,-16
0000000800,2028,9000000004,00000000002020,M,,,-49
0000000800,2028,9000000005,00000000002020,M,,,-3
0000000800,2028,9000000005,00000000002020,M,,,-13
0000000800,2028,9000000006,00000000002020,M,,,-1
0000000800,2028,9000000006,00000000002020,M,,,-15
0000000800,2028,9000000007,00000000002020,M,,,-4
0000000800,2028,9000000007,00000000002020,M,,,-20
0000000800,2028,9000000008,00000000002020,M,,,-10
0000000800,2028,9000000008,00000000002020,M,,,-53
0000000800,2028,9000000009,00000000002020,M,,,-1
0000000800,2028,9000000010,00000000002020,M,,,-110
0000000800,2028,9000000010,00000000002020,M,,,-266
0000000800,2028,9000000011,00000000002020,M,,,-1
0000000800,2028,9000000011,00000000002020,M,,,4
0000000800,2028,9000000012,00000000002020,M,,,-1
0000000800,2029,9000000003,00000000002020,M,,,-184
0000000800,2029,9000000004,00000000002020,M,,,-101
0000000800,2029,9000000005,00000000002020,M,,,-16
0000000800,2029,9000000006,00000000002020,M,,,-5
0000000800,2029,9000000007,00000000002020,M,,,-45
0000000800,2029,9000000008,00000000002020,M,,,-155
0000000800,2029,9000000010,00000000002020,M,,,-381
0000000800,2030,9000000003,00000000002020,M,,,-31
0000000800,2030,9000000004,00000000002020,M,,,-74
0000000800,2030,9000000005,00000000002020,M,,,-15
0000000800,2030,9000000006,00000000002020,M,,,-1
0000000800,2030,9000000007,00000000002020,M,,,-65
0000000800,2030,9000000008,00000000002020,M,,,-39
0000000800,2030,9000000010,00000000002020,M,,,-465
0000000800,2031,9000000003,00000000002020,M,,,-57
0000000800,2031,9000000004,00000000002020,M,,,-35
0000000800,2031,9000000005,00000000002020,M,,,-33
0000000800,2031,9000000006,00000000002020,M,,,-1
0000000800,2031,9000000007,00000000002020,M,,,-67
0000000800,2031,9000000008,00000000002020,M,,,-58
0000000800,2031,9000000010,00000000002020,M,,,-556
0000000800,2032,9000000003,00000000002020,M,,,-21
0000000800,2032,9000000004,00000000002020,M,,,-32
0000000800,2032,9000000005,00000000002020,M,,,-76
0000000800,2032,9000000006,00000000002020,M,,,-1
0000000800,2032,9000000007,00000000002020,M,,,-25
0000000800,2032,9000000008,00000000002020,M,,,-117
0000000800,2032,9000000010,00000000002020,M,,,-582
0000000800,2033,9000000003,00000000002020,M,,,-21
0000000800,2033,9000000004,00000000002020,M,,,-59
0000000800,2033,9000000005,00000000002020,M,,,-108
0000000800,2033,9000000006,00000000002020,M,,,-1
0000000800,2033,9000000007,00000000002020,M,,,-22
0000000800,2033,9000000008,00000000002020,M,,,-37
0000000800,2033,9000000010,00000000002020,M,,,-703
0000000800,2034,9000000003,00000000002020,M,,,-20
0000000800,2034,9000000004,00000000002020,M,,,-42
0000000800,2034,9000000005,00000000002020,M,,,-143
0000000800,2034,9000000006,00000000002020,M,,,-1
0000000800,2034,9000000007,00000000002020,M,,,-13
0000000800,2034,9000000008,00000000002020,M,,,-33
0000000800,2034,9000000010,00000000002020,M,,,-817
0000000800,2035,9000000003,00000000002020,M,,,-20
0000000800,2035,9000000004,00000000002020,M,,,-39
0000000800,2035,9000000005,00000000002020,M,,,-110
0000000800,2035,9000000006,00000000002020,M,,,-1
0000000800,2035,9000000007,00000000002020,M,,,-10
0000000800,2035,9000000008,00000000002020,M,,,-33
0000000800,2035,9000000010,00000000002020,M,,,-683
0000000800,2036,9000000003,00000000002020,M,,,-13
0000000800,2036,9000000004,00000000002020,M,,,-65
0000000800,2036,9000000005,00000000002020,M,,,-95
0000000800,2036,9000000006,00000000002020,M,,,-1
0000000800,2036,9000000007,00000000002020,M,,,-4
0000000800,2036,9000000008,00000000002020,M,,,-33
0000000800,2036,9000000010,00000000002020,M,,,-512
0000000800,2037,9000000003,00000000002020,M,,,-3
0000000800,2037,9000000004,00000000002020,M,,,-74
0000000800,2037,9000000005,00000000002020,M,,,-24
0000000800,2037,9000000006,00000000002020,M,,,-1
0000000800,2037,9000000007,00000000002020,M,,,-5
0000000800,2037,9000000008,00000000002020,M,,,-33
0000000800,2037,9000000010,00000000002020,M,,,-460
0000000800,2038,9000000003,00000000002020,M,,,-3
0000000800,2038,9000000004,00000000002020,M,,,-80
0000000800,2038,9000000005,00000000002020,M,,,-16
0000000800,2038,9000000007,00000000002020,M,,,-5
0000000800,2038,9000000008,00000000002020,M,,,-33
0000000800,2038,9000000010,00000000002020,M,,,-471
0000000800,2039,9000000003,00000000002020,M,,,-1
0000000800,2039,9000000004,00000000002020,M,,,-81
0000000800,2039,9000000005,00000000002020,M,,,-17
0000000800,2039,9000000007,00000000002020,M,,,-4
0000000800,2039,9000000008,00000000002020,M,,,-33
0000000800,2039,9000000010,00000000002020,M,,,-592
0000000800,2040,9000000003,00000000002020,M,,,-1
0000000800,2040,9000000004,00000000002020,M,,,-98
0000000800,2040,9000000005,00000000002020,M,,,-17
0000000800,2040,9000000007,00000000002020,M,,,-8
0000000800,2040,9000000010,00000000002020,M,,,-438
0000000850,2026,9000000003,00000000002020,M,,,-53
0000000850,2026,9000000004,00000000002020,M,,,-355
0000000850,2026,9000000005,00000000002020,M,,,-147
0000000850,2026,9000000006,00000000002020,M,,,-207
0000000850,2026,9000000007,00000000002020,M,,,-204
0000000850,2026,9000000008,00000000002020,M,,,-372
0000000850,2026,9000000009,00000000002020,M,,,-79
0000000850,2026,9000000010,00000000002020,M,,,-308
0000000850,2026,9000000011,00000000002020,M,,,-149
0000000850,2026,9000000012,00000000002020,M,,,-73
0000000850,2027,9000000003,00000000002020,M,,,-40
0000000850,2027,9000000004,00000000002020,M,,,-300
0000000850,2027,9000000005,00000000002020,M,,,-174
0000000850,2027,9000000006,00000000002020,M,,,-164
0000000850,2027,9000000007,00000000002020,M,,,-194
0000000850,2027,9000000008,00000000002020,M,,,-265
0000000850,2027,9000000009,00000000002020,M,,,-70
0000000850,2027,9000000010,00000000002020,M,,,-348
0000000850,2027,9000000011,00000000002020,M,,,-149
0000000850,2027,9000000012,00000000002020,M,,,-42
0000000850,2028,9000000003,00000000002020,M,,,-11
0000000850,2028,9000000003,00000000002020,M,,,-33
0000000850,2028,9000000004,00000000002020,M,,,-24
0000000850,2028,9000000004,00000000002020,M,,,-91
0000000850,2028,9000000005,00000000002020,M,,,-2
0000000850,2028,9000000005,00000000002020,M,,,-14
0000000850,2028,9000000006,00000000002020,M,,,-40
0000000850,2028,9000000006,00000000002020,M,,,-94
0000000850,2028,9000000007,00000000002020,M,,,-18
0000000850,2028,9000000007,00000000002020,M,,,-59
0000000850,2028,9000000008,00000000002020,M,,,-59
0000000850,2028,9000000008,00000000002020,M,,,-160
0000000850,2028,9000000009,00000000002020,M,,,-18
0000000850,2028,9000000009,00000000002020,M,,,-41
0000000850,2028,9000000010,00000000002020,M,,,-41
0000000850,2028,9000000010,00000000002020,M,,,-108
0000000850,2028,9000000011,00000000002020,M,,,-18
0000000850,2028,9000000011,00000000002020,M,,,-51
0000000850,2028,9000000012,00000000002020,M,,,-5
0000000850,2028,9000000012,00000000002020,M,,,-17
0000000850,2029,9000000003,00000000002020,M,,,-45
0000000850,2029,9000000004,00000000002020,M,,,-100
0000000850,2029,9000000005,00000000002020,M,,,-15
0000000850,2029,9000000006,00000000002020,M,,,-174
0000000850,2029,9000000007,00000000002020,M,,,-77
0000000850,2029,9000000008,00000000002020,M,,,-220
0000000850,2029,9000000009,00000000002020,M,,,-24
0000000850,2029,9000000010,00000000002020,M,,,-180
0000000850,2029,9000000011,00000000002020,M,,,-68
0000000850,2029,9000000012,00000000002020,M,,,-20
0000000850,2030,9000000003,00000000002020,M,,,-52
0000000850,2030,9000000004,00000000002020,M,,,-98
0000000850,2030,9000000005,00000000002020,M,,,-20
0000000850,2030,9000000006,00000000002020,M,,,-166
0000000850,2030,9000000007,00000000002020,M,,,-77
0000000850,2030,9000000008,00000000002020,M,,,-235
0000000850,2030,9000000009,00000000002020,M,,,-6
0000000850,2030,9000000010,00000000002020,M,,,-190
0000000850,2030,9000000011,00000000002020,M,,,-70
0000000850,2030,9000000012,00000000002020,M,,,-14
0000000850,2031,9000000003,00000000002020,M,,,-49
0000000850,2031,9000000004,00000000002020,M,,,-94
0000000850,2031,9000000005,00000000002020,M,,,-19
0000000850,2031,9000000006,00000000002020,M,,,-159
0000000850,2031,9000000007,00000000002020,M,,,-73
0000000850,2031,9000000008,00000000002020,M,,,-227
0000000850,2031,9000000009,00000000002020,M,,,-1
0000000850,2031,9000000010,00000000002020,M,,,-197
0000000850,2031,9000000011,00000000002020,M,,,-65
0000000850,2031,9000000012,00000000002020,M,,,-14
0000000850,2032,9000000003,00000000002020,M,,,-46
0000000850,2032,9000000004,00000000002020,M,,,-93
0000000850,2032,9000000005,00000000002020,M,,,-21
0000000850,2032,9000000006,00000000002020,M,,,-162
0000000850,2032,9000000007,00000000002020,M,,,-73
0000000850,2032,9000000008,00000000002020,M,,,-227
0000000850,2032,9000000010,00000000002020,M,,,-203
0000000850,2032,9000000011,00000000002020,M,,,-68
0000000850,2032,9000000012,00000000002020,M,,,-14
0000000850,2033,9000000003,00000000002020,M,,,-42
0000000850,2033,9000000004,00000000002020,M,,,-95
0000000850,2033,9000000005,00000000002020,M,,,-22
0000000850,2033,9000000006,00000000002020,M,,,-159
0000000850,2033,9000000007,00000000002020,M,,,-73
0000000850,2033,9000000008,00000000002020,M,,,-223
0000000850,2033,9000000010,00000000002020,M,,,-205
0000000850,2033,9000000011,00000000002020,M,,,-66
0000000850,2033,9000000012,00000000002020,M,,,-14
0000000850,2034,9000000003,00000000002020,M,,,-36
0000000850,2034,9000000004,00000000002020,M,,,-95
0000000850,2034,9000000005,00000000002020,M,,,-25
0000000850,2034,9000000006,00000000002020,M,,,-158
0000000850,2034,9000000007,00000000002020,M,,,-70
0000000850,2034,9000000008,00000000002020,M,,,-223
0000000850,2034,9000000010,00000000002020,M,,,-213
0000000850,2034,9000000012,00000000002020,M,,,-14
0000000850,2035,9000000003,00000000002020,M,,,-31
0000000850,2035,9000000004,00000000002020,M,,,-99
0000000850,2035,9000000005,00000000002020,M,,,-26
0000000850,2035,9000000006,00000000002020,M,,,-155
0000000850,2035,9000000007,00000000002020,M,,,-69
0000000850,2035,9000000008,00000000002020,M,,,-219
0000000850,2035,9000000010,00000000002020,M,,,-221
0000000850,2035,9000000012,00000000002020,M,,,-14
0000000850,2036,9000000003,00000000002020,M,,,-14
0000000850,2036,9000000004,00000000002020,M,,,-103
0000000850,2036,9000000005,00000000002020,M,,,-28
0000000850,2036,9000000006,00000000002020,M,,,-151
0000000850,2036,9000000007,00000000002020,M,,,-69
0000000850,2036,9000000008,00000000002020,M,,,-218
0000000850,2036,9000000010,00000000002020,M,,,-241
0000000850,2036,9000000012,00000000002020,M,,,-14
0000000850,2037,9000000003,00000000002020,M,,,-6
0000000850,2037,9000000004,00000000002020,M,,,-102
0000000850,2037,9000000005,00000000002020,M,,,-30
0000000850,2037,9000000006,00000000002020,M,,,-95
0000000850,2037,9000000007,00000000002020,M,,,-70
0000000850,2037,9000000008,00000000002020,M,,,-214
0000000850,2037,9000000010,00000000002020,M,,,-250
0000000850,2037,9000000012,00000000002020,M,,,-14
0000000850,2038,9000000003,00000000002020,M,,,-4
0000000850,2038,9000000004,00000000002020,M,,,-104
0000000850,2038,9000000005,00000000002020,M,,,-32
0000000850,2038,9000000007,00000000002020,M,,,-72
0000000850,2038,9000000008,00000000002020,M,,,-213
0000000850,2038,9000000010,00000000002020,M,,,-259
0000000850,2038,9000000012,00000000002020,M,,,-14
0000000850,2039,9000000003,00000000002020,M,,,-2
0000000850,2039,9000000004,00000000002020,M,,,-107
0000000850,2039,9000000005,00000000002020,M,,,-32
0000000850,2039,9000000007,00000000002020,M,,,-69
0000000850,2039,9000000008,00000000002020,M,,,-209
0000000850,2039,9000000010,00000000002020,M,,,-263
0000000850,2040,9000000003,00000000002020,M,,,-1
0000000850,2040,9000000004,00000000002020,M,,,-109
0000000850,2040,9000000005,00000000002020,M,,,-32
0000000850,2040,9000000007,00000000002020,M,,,-67
0000000850,2040,9000000010,00000000002020,M,,,-291
0000000870,2028,9000000003,00000000002020,M,,,0
0000000870,2028,9000000004,00000000002020,M,,,5
0000000870,2028,9000000004,00000000002020,M,,,-1
0000000870,2028,9000000005,00000000002020,M,,,2
0000000870,2028,9000000005,00000000002020,M,,,-5
0000000870,2028,9000000006,00000000002020,M,,,9
0000000870,2028,9000000006,00000000002020,M,,,-50
0000000870,2028,9000000007,00000000002020,M,,,0
0000000870,2028,9000000008,00000000002020,M,,,-1
0000000870,2028,9000000008,00000000002020,M,,,-5
0000000870,2028,9000000009,00000000002020,M,,,-1
0000000870,2028,9000000009,00000000002020,M,,,-2
0000000870,2028,9000000011,00000000002020,M,,,-1
0000000870,2028,9000000011,00000000002020,M,,,-4
0000000870,2028,9000000012,00000000002020,M,,,-2
0000000870,2029,9000000004,00000000002020,M,,,-11
0000000870,2029,9000000005,00000000002020,M,,,-1
0000000870,2029,9000000006,00000000002020,M,,,-3
0000000870,2029,9000000008,00000000002020,M,,,-6
0000000870,2029,9000000009,00000000002020,M,,,-3
0000000870,2029,9000000011,00000000002020,M,,,-2
0000000870,2030,9000000004,00000000002020,M,,,-2
0000000870,2030,9000000005,00000000002020,M,,,-1
0000000870,2030,9000000006,00000000002020,M,,,-2
0000000870,2030,9000000009,00000000002020,M,,,-1
0000000870,2030,9000000011,00000000002020,M,,,-2
0000000870,2031,9000000004,00000000002020,M,,,-2
0000000870,2031,9000000005,00000000002020,M,,,-1
0000000870,2031,9000000006,00000000002020,M,,,-2
0000000870,2031,9000000009,00000000002020,M,,,-1
0000000870,2031,9000000011,00000000002020,M,,,-2
0000000870,2032,9000000004,00000000002020,M,,,-2
0000000870,2032,9000000005,00000000002020,M,,,-2
0000000870,2032,9000000006,00000000002020,M,,,-2
0000000870,2032,9000000011,00000000002020,M,,,-1
0000000870,2033,9000000004,00000000002020,M,,,-4
0000000870,2033,9000000005,00000000002020,M,,,-1
0000000870,2033,9000000006,00000000002020,M,,,-2
0000000870,2033,9000000011,00000000002020,M,,,-1
0000000870,2034,9000000004,00000000002020,M,,,-4
0000000870,2034,9000000005,00000000002020,M,,,-1
0000000870,2034,9000000006,00000000002020,M,,,-2
0000000870,2035,9000000004,00000000002020,M,,,-4
0000000870,2035,9000000005,00000000002020,M,,,-1
0000000870,2035,9000000006,00000000002020,M,,,-2
0000000870,2036,9000000004,00000000002020,M,,,-4
0000000870,2036,9000000005,00000000002020,M,,,-1
0000000870,2036,9000000006,00000000002020,M,,,-2
0000000870,2037,9000000004,00000000002020,M,,,-5
0000000870,2037,9000000005,00000000002020,M,,,-1
0000000870,2037,9000000006,00000000002020,M,,,-2
0000000870,2038,9000000004,00000000002020,M,,,-5
0000000870,2038,9000000005,00000000002020,M,,,0
0000000870,2039,9000000004,00000000002020,M,,,-5
0000000870,2039,9000000005,00000000002020,M,,,0
0000000870,2040,9000000004,00000000002020,M,,,-6
0000000870,2040,9000000005,00000000002020,M,,,0
0000000880,2028,9000000003,00000000002020,M,,,1
0000000880,2028,9000000003,00000000002020,M,,,-1
0000000880,2028,9000000004,00000000002020,M,,,-3
0000000880,2028,9000000004,00000000002020,M,,,-14
0000000880,2028,9000000005,00000000002020,M,,,-1
0000000880,2028,9000000005,00000000002020,M,,,-2
0000000880,2028,9000000006,00000000002020,M,,,-17
0000000880,2028,9000000008,00000000002020,M,,,-5
0000000880,2028,9000000008,00000000002020,M,,,-17
0000000880,2028,9000000010,00000000002020,M,,,-47
0000000880,2028,9000000010,00000000002020,M,,,-129
0000000880,2028,9000000011,00000000002020,M,,,0
0000000880,2029,9000000003,00000000002020,M,,,-1
0000000880,2029,9000000004,00000000002020,M,,,-16
0000000880,2029,9000000005,00000000002020,M,,,-2
0000000880,2029,9000000006,00000000002020,M,,,-1
0000000880,2029,9000000008,00000000002020,M,,,-25
0000000880,2029,9000000010,00000000002020,M,,,-161
0000000880,2029,9000000011,00000000002020,M,,,-2
0000000880,2030,9000000003,00000000002020,M,,,-1
0000000880,2030,9000000004,00000000002020,M,,,-17
0000000880,2030,9000000005,00000000002020,M,,,-2
0000000880,2030,9000000006,00000000002020,M,,,-1
0000000880,2030,9000000008,00000000002020,M,,,-21
0000000880,2030,9000000010,00000000002020,M,,,-169
0000000880,2030,9000000011,00000000002020,M,,,-12
0000000880,2031,9000000003,00000000002020,M,,,-1
0000000880,2031,9000000004,00000000002020,M,,,-14
0000000880,2031,9000000005,00000000002020,M,,,-2
0000000880,2031,9000000006,00000000002020,M,,,-1
0000000880,2031,9000000008,00000000002020,M,,,-23
0000000880,2031,9000000010,00000000002020,M,,,-171
0000000880,2031,9000000011,00000000002020,M,,,-1
0000000880,2032,9000000003,00000000002020,M,,,-1
0000000880,2032,9000000004,00000000002020,M,,,-15
0000000880,2032,9000000005,00000000002020,M,,,-2
0000000880,2032,9000000006,00000000002020,M,,,-1
0000000880,2032,9000000008,00000000002020,M,,,-23
0000000880,2032,9000000010,00000000002020,M,,,-190
0000000880,2033,9000000003,00000000002020,M,,,-1
0000000880,2033,9000000004,00000000002020,M,,,-16
0000000880,2033,9000000005,00000000002020,M,,,-2
0000000880,2033,9000000008,00000000002020,M,,,-23
0000000880,2033,9000000010,00000000002020,M,,,-216
0000000880,2034,9000000003,00000000002020,M,,,-1
0000000880,2034,9000000004,00000000002020,M,,,-25
0000000880,2034,9000000005,00000000002020,M,,,-2
0000000880,2034,9000000008,00000000002020,M,,,-23
0000000880,2034,9000000010,00000000002020,M,,,-225
0000000880,2035,9000000003,00000000002020,M,,,-1
0000000880,2035,9000000004,00000000002020,M,,,-16
0000000880,2035,9000000005,00000000002020,M,,,-2
0000000880,2035,9000000008,00000000002020,M,,,-23
0000000880,2035,9000000010,00000000002020,M,,,-237
0000000880,2036,9000000003,00000000002020,M,,,-1
0000000880,2036,9000000004,00000000002020,M,,,-23
0000000880,2036,9000000005,00000000002020,M,,,-2
0000000880,2036,9000000008,00000000002020,M,,,-23
0000000880,2036,9000000010,00000000002020,M,,,-259
0000000880,2037,9000000003,00000000002020,M,,,-1
0000000880,2037,9000000004,00000000002020,M,,,-22
0000000880,2037,9000000005,00000000002020,M,,,-2
0000000880,2037,9000000008,00000000002020,M,,,-23
0000000880,2037,9000000010,00000000002020,M,,,-273
0000000880,2038,9000000003,00000000002020,M,,,-1
0000000880,2038,9000000004,00000000002020,M,,,-17
0000000880,2038,9000000005,00000000002020,M,,,-2
0000000880,2038,9000000008,00000000002020,M,,,-23
0000000880,2038,9000000010,00000000002020,M,,,-289
0000000880,2039,9000000003,00000000002020,M,,,-1
0000000880,2039,9000000004,00000000002020,M,,,-28
0000000880,2039,9000000005,00000000002020,M,,,-2
0000000880,2039,9000000008,00000000002020,M,,,-23
0000000880,2039,9000000010,00000000002020,M,,,-310
0000000880,2040,9000000004,00000000002020,M,,,-18
0000000880,2040,9000000005,00000000002020,M,,,-2
0000000880,2040,9000000010,00000000002020,M,,,-336
0000000890,2028,9000000004,00000000002020,M,,,-1
0000000890,2028,9000000005,00000000002020,M,,,0
0000000890,2028,9000000005,00000000002020,M,,,-1
0000000890,2028,9000000007,00000000002020,M,,,0
0000000890,2029,9000000004,00000000002020,M,,,-1
0000000890,2029,9000000005,00000000002020,M,,,-1
0000000890,2030,9000000004,00000000002020,M,,,-1
0000000890,2030,9000000005,00000000002020,M,,,-1
0000000890,2031,9000000004,00000000002020,M,,,-1
0000000890,2031,9000000005,00000000002020,M,,,-1
0000000890,2032,9000000004,00000000002020,M,,,-1
0000000890,2032,9000000005,00000000002020,M,,,-1
0000000890,2033,9000000004,00000000002020,M,,,-1
0000000890,2033,9000000005,00000000002020,M,,,-1
0000000890,2034,9000000004,00000000002020,M,,,-1
0000000890,2034,9000000005,00000000002020,M,,,-1
0000000890,2035,9000000004,00000000002020,M,,,-1
0000000890,2035,9000000005,00000000002020,M,,,-1
0000000890,2036,9000000004,00000000002020,M,,,-1
0000000890,2036,9000000005,00000000002020,M,,,-1
0000000890,2037,9000000004,00000000002020,M,,,-1
0000000890,2037,9000000005,00000000002020,M,,,-1
0000000890,2038,9000000004,00000000002020,M,,,-1
0000000890,2038,9000000005,00000000002020,M,,,-1
0000000890,2039,9000000004,00000000002020,M,,,-1
0000000890,2039,9000000005,00000000002020,M,,,-1
0000000890,2040,9000000004,00000000002020,M,,,-1
0000000890,2040,9000000005,00000000002020,M,,,-1
0000000900,2028,9000000003,00000000002020,M,,,-1
0000000900,2028,9000000007,00000000002020,M,,,-3
0000000900,2028,9000000008,00000000002020,M,,,0
0000000900,2028,9000000011,00000000002020,M,,,-1
0000000910,2028,9000000004,00000000002020,M,,,-8
0000000910,2028,9000000004,00000000002020,M,,,-34
0000000910,2028,9000000005,00000000002020,M,,,-7
0000000910,2028,9000000005,00000000002020,M,,,-33
0000000910,2028,9000000006,00000000002020,M,,,-1
0000000910,2028,9000000011,00000000002020,M,,,-3
0000000910,2028,9000000011,00000000002020,M,,,-4
0000000910,2029,9000000004,00000000002020,M,,,-43
0000000910,2029,9000000005,00000000002020,M,,,-42
0000000910,2029,9000000006,00000000002020,M,,,-2
0000000910,2029,9000000011,00000000002020,M,,,-4
0000000910,2030,9000000004,00000000002020,M,,,-40
0000000910,2030,9000000005,00000000002020,M,,,-41
0000000910,2030,9000000006,00000000002020,M,,,-1
0000000910,2030,9000000011,00000000002020,M,,,-2
0000000910,2031,9000000004,00000000002020,M,,,-40
0000000910,2031,9000000005,00000000002020,M,,,-40
0000000910,2031,9000000006,00000000002020,M,,,-1
0000000910,2031,9000000011,00000000002020,M,,,-2
0000000910,2032,9000000004,00000000002020,M,,,-40
0000000910,2032,9000000005,00000000002020,M,,,-40
0000000910,2032,9000000006,00000000002020,M,,,-1
0000000910,2032,9000000011,00000000002020,M,,,-2
0000000910,2033,9000000004,00000000002020,M,,,-40
0000000910,2033,9000000005,00000000002020,M,,,-40
0000000910,2033,9000000006,00000000002020,M,,,-1
0000000910,2033,9000000011,00000000002020,M,,,-2
0000000910,2034,9000000004,00000000002020,M,,,-40
0000000910,2034,9000000005,00000000002020,M,,,-40
0000000910,2034,9000000006,00000000002020,M,,,-1
0000000910,2035,9000000004,00000000002020,M,,,-40
0000000910,2035,9000000005,00000000002020,M,,,-40
0000000910,2035,9000000006,00000000002020,M,,,-1
0000000910,2036,9000000004,00000000002020,M,,,-40
0000000910,2036,9000000005,00000000002020,M,,,-40
0000000910,2036,9000000006,00000000002020,M,,,-1
0000000910,2037,9000000004,00000000002020,M,,,-40
0000000910,2037,9000000005,00000000002020,M,,,-40
0000000910,2037,9000000006,00000000002020,M,,,-1
0000000910,2038,9000000004,00000000002020,M,,,-40
0000000910,2038,9000000005,00000000002020,M,,,-40
0000000910,2038,9000000006,00000000002020,M,,,-1
0000000910,2039,9000000004,00000000002020,M,,,-40
0000000910,2039,9000000005,00000000002020,M,,,-40
0000000910,2039,9000000006,00000000002020,M,,,-1
0000000910,2040,9000000004,00000000002020,M,,,-40
0000000910,2040,9000000005,00000000002020,M,,,-40
0000000910,2040,9000000006,00000000002020,M,,,-1
0000000920,2028,9000000004,00000000002020,M,,,3
0000000920,2028,9000000005,00000000002020,M,,,5
0000000920,2028,9000000007,00000000002020,M,,,-10
0000000920,2028,9000000007,00000000002020,M,,,-27
0000000920,2028,9000000011,00000000002020,M,,,-2
0000000920,2028,9000000011,00000000002020,M,,,-4
0000000920,2029,9000000004,00000000002020,M,,,4
0000000920,2029,9000000005,00000000002020,M,,,8
0000000920,2029,9000000007,00000000002020,M,,,-33
0000000920,2029,9000000011,00000000002020,M,,,-5
0000000920,2030,9000000004,00000000002020,M,,,4
0000000920,2030,9000000005,00000000002020,M,,,6
0000000920,2030,9000000007,00000000002020,M,,,-33
0000000920,2030,9000000011,00000000002020,M,,,-5
0000000920,2031,9000000004,00000000002020,M,,,4
0000000920,2031,9000000005,00000000002020,M,,,6
0000000920,2031,9000000007,00000000002020,M,,,-33
0000000920,2031,9000000011,00000000002020,M,,,-5
0000000920,2032,9000000004,00000000002020,M,,,4
0000000920,2032,9000000005,00000000002020,M,,,6
0000000920,2032,9000000007,00000000002020,M,,,-33
0000000920,2032,9000000011,00000000002020,M,,,-5
0000000920,2033,9000000004,00000000002020,M,,,4
0000000920,2033,9000000005,00000000002020,M,,,4
0000000920,2033,9000000007,00000000002020,M,,,-33
0000000920,2033,9000000011,00000000002020,M,,,-5
0000000920,2034,9000000004,00000000002020,M,,,5
0000000920,2034,9000000005,00000000002020,M,,,4
0000000920,2034,9000000007,00000000002020,M,,,-33
0000000920,2035,9000000004,00000000002020,M,,,4
0000000920,2035,9000000005,00000000002020,M,,,4
0000000920,2035,9000000007,00000000002020,M,,,-33
0000000920,2036,9000000004,00000000002020,M,,,5
0000000920,2036,9000000005,00000000002020,M,,,5
0000000920,2036,9000000007,00000000002020,M,,,-33
0000000920,2037,9000000004,00000000002020,M,,,5
0000000920,2037,9000000005,00000000002020,M,,,9
0000000920,2037,9000000007,00000000002020,M,,,-33
0000000920,2038,9000000004,00000000002020,M,,,8
0000000920,2038,9000000005,00000000002020,M,,,8
0000000920,2038,9000000007,00000000002020,M,,,-33
0000000920,2039,9000000004,00000000002020,M,,,9
0000000920,2039,9000000005,00000000002020,M,,,8
0000000920,2039,9000000007,00000000002020,M,,,-33
0000000920,2040,9000000004,00000000002020,M,,,8
0000000920,2040,9000000005,00000000002020,M,,,8
0000000920,2040,9000000007,00000000002020,M,,,-33
0000000921,2028,9000000007,00000000002020,M,,,-1
0000001180,2026,9000000003,00000000002020,M,,,-8
0000001180,2026,9000000004,00000000002020,M,,,120
0000001180,2026,9000000005,00000000002020,M,,,126
0000001180,2026,9000000006,00000000002020,M,,,136
0000001180,2026,9000000007,00000000002020,M,,,490
0000001180,2026,9000000008,00000000002020,M,,,-95
0000001180,2026,9000000009,00000000002020,M,,,314
0000001180,2026,9000000010,00000000002020,M,,,190
0000001180,2026,9000000011,00000000002020,M,,,22
0000001180,2026,9000000012,00000000002020,M,,,13
0000001180,2027,9000000003,00000000002020,M,,,106
0000001180,2027,9000000004,00000000002020,M,,,400
0000001180,2027,9000000005,00000000002020,M,,,149
0000001180,2027,9000000006,00000000002020,M,,,196
0000001180,2027,9000000007,00000000002020,M,,,477
0000001180,2027,9000000008,00000000002020,M,,,175
0000001180,2027,9000000009,00000000002020,M,,,-321
0000001180,2027,9000000010,00000000002020,M,,,363
0000001180,2027,9000000011,00000000002020,M,,,-5
0000001180,2027,9000000012,00000000002020,M,,,462
0000001220,2026,9000000003,00000000002020,M,,,-154
0000001220,2026,9000000004,00000000002020,M,,,-512
0000001220,2026,9000000005,00000000002020,M,,,-55
0000001220,2026,9000000006,00000000002020,M,,,-42
0000001220,2026,9000000007,00000000002020,M,,,-129
0000001220,2026,9000000008,00000000002020,M,,,-158
0000001220,2026,9000000009,00000000002020,M,,,-46
0000001220,2026,9000000010,00000000002020,M,,,-589
0000001220,2026,9000000011,00000000002020,M,,,-16
0000001220,2026,9000000012,00000000002020,M,,,-168
0000001220,2027,9000000003,00000000002020,M,,,-46
0000001220,2027,9000000004,00000000002020,M,,,-1835
0000001220,2027,9000000005,00000000002020,M,,,-51
0000001220,2027,9000000006,00000000002020,M,,,-2
0000001220,2027,9000000007,00000000002020,M,,,-74
0000001220,2027,9000000008,00000000002020,M,,,-83
0000001220,2027,9000000009,00000000002020,M,,,-12
0000001220,2027,9000000010,00000000002020,M,,,-583
0000001220,2027,9000000011,00000000002020,M,,,-92
0000001220,2027,9000000012,00000000002020,M,,,-324
0000001220,2028,9000000004,00000000002020,M,,,-1
0000001220,2028,9000000011,00000000002020,M,,,-1
0000001230,2028,9000000004,00000000002020,M,,,-1
0000001230,2028,9000000011,00000000002020,M,,,-1
0000001240,2028,9000000004,00000000002020,M,,,-5
0000001240,2028,9000000004,00000000002020,M,,,-11
0000001240,2028,9000000005,00000000002020,M,,,-1
0000001240,2028,9000000007,00000000002020,M,,,-14
0000001240,2028,9000000007,00000000002020,M,,,-57
0000001240,2029,9000000004,00000000002020,M,,,-15
0000001240,2029,9000000005,00000000002020,M,,,-1
0000001240,2029,9000000007,00000000002020,M,,,-73
0000001240,2030,9000000004,00000000002020,M,,,-17
0000001240,2030,9000000005,00000000002020,M,,,-3
0000001240,2030,9000000007,00000000002020,M,,,-76
0000001240,2031,9000000004,00000000002020,M,,,-16
0000001240,2031,9000000005,00000000002020,M,,,-10
0000001240,2031,9000000007,00000000002020,M,,,-74
0000001240,2032,9000000004,00000000002020,M,,,-15
0000001240,2032,9000000005,00000000002020,M,,,-11
0000001240,2032,9000000007,00000000002020,M,,,-69
0000001240,2033,9000000004,00000000002020,M,,,-15
0000001240,2033,9000000005,00000000002020,M,,,-12
0000001240,2033,9000000007,00000000002020,M,,,-63
0000001240,2034,9000000004,00000000002020,M,,,-16
0000001240,2034,9000000005,00000000002020,M,,,-12
0000001240,2034,9000000007,00000000002020,M,,,-50
0000001240,2035,9000000004,00000000002020,M,,,-17
0000001240,2035,9000000005,00000000002020,M,,,-12
0000001240,2035,9000000007,00000000002020,M,,,-42
0000001240,2036,9000000004,00000000002020,M,,,-19
0000001240,2036,9000000005,00000000002020,M,,,-12
0000001240,2036,9000000007,00000000002020,M,,,-40
0000001240,2037,9000000004,00000000002020,M,,,-22
0000001240,2037,9000000005,00000000002020,M,,,-12
0000001240,2037,9000000007,00000000002020,M,,,-8
0000001240,2038,9000000004,00000000002020,M,,,-25
0000001240,2038,9000000005,00000000002020,M,,,-13
0000001240,2038,9000000007,00000000002020,M,,,-8
0000001240,2039,9000000004,00000000002020,M,,,-28
0000001240,2039,9000000005,00000000002020,M,,,-13
0000001240,2039,9000000007,00000000002020,M,,,-8
0000001240,2040,9000000004,00000000002020,M,,,-31
0000001240,2040,9000000005,00000000002020,M,,,-13
0000001240,2040,9000000007,00000000002020,M,,,-9
0000001250,2028,9000000006,00000000002020,M,,,0
0000001250,2028,9000000011,00000000002020,M,,,-1
0000001360,2028,9000000009,00000000002020,M,,,-3
0000001360,2028,9000000009,00000000002020,M,,,-53
0000001360,2028,9000000010,00000000002020,M,,,-1
0000001360,2028,9000000010,00000000002020,M,,,-2
0000001360,2029,9000000010,00000000002020,M,,,-3
0000001360,2030,9000000010,00000000002020,M,,,-3
0000001360,2031,9000000010,00000000002020,M,,,-3
0000001360,2032,9000000010,00000000002020,M,,,-3
0000001360,2033,9000000010,00000000002020,M,,,-3
0000001360,2034,9000000010,00000000002020,M,,,-3
0000001360,2035,9000000004,00000000002020,M,,,-268
0000001360,2035,9000000010,00000000002020,M,,,-3
0000001360,2036,9000000010,00000000002020,M,,,-3
0000001360,2037,9000000010,00000000002020,M,,,-3
0000001360,2038,9000000010,00000000002020,M,,,-3
0000001360,2039,9000000010,00000000002020,M,,,-3
0000001360,2040,9000000010,00000000002020,M,,,-3
0000001390,2028,9000000006,00000000002020,M,,,-1
0000001390,2028,9000000011,00000000002020,M,,,0
0000001600,2028,9000000003,00000000002020,M,,,-35
0000001600,2028,9000000003,00000000002020,M,,,-31
0000001600,2028,9000000004,00000000002020,M,,,-1453
0000001600,2028,9000000004,00000000002020,M,,,39
0000001600,2028,9000000005,00000000002020,M,,,-12
0000001600,2028,9000000005,00000000002020,M,,,7
0000001600,2028,9000000006,00000000002020,M,,,47
0000001600,2028,9000000006,00000000002020,M,,,-12
0000001600,2028,9000000007,00000000002020,M,,,5
0000001600,2028,9000000007,00000000002020,M,,,-7
0000001600,2028,9000000008,00000000002020,M,,,5
0000001600,2028,9000000008,00000000002020,M,,,4
0000001600,2028,9000000009,00000000002020,M,,,5
0000001600,2028,9000000009,00000000002020,M,,,-8
0000001600,2028,9000000010,00000000002020,M,,,112
0000001600,2028,9000000010,00000000002020,M,,,27
0000001600,2028,9000000011,00000000002020,M,,,-7
0000001600,2028,9000000011,00000000002020,M,,,-2
0000001600,2028,9000000012,00000000002020,M,,,93
0000001600,2029,9000000004,00000000002020,M,,,12
0000001600,2029,9000000005,00000000002020,M,,,4
0000001600,2029,9000000006,00000000002020,M,,,-4
0000001600,2029,9000000007,00000000002020,M,,,-12
0000001600,2029,9000000008,00000000002020,M,,,-15
0000001600,2029,9000000010,00000000002020,M,,,10
0000001600,2029,9000000011,00000000002020,M,,,-1
0000001600,2029,9000000012,00000000002020,M,,,-87
0000001600,2030,9000000004,00000000002020,M,,,-6
0000001600,2030,9000000005,00000000002020,M,,,-7
0000001600,2030,9000000006,00000000002020,M,,,-15
0000001600,2030,9000000007,00000000002020,M,,,39
0000001600,2030,9000000008,00000000002020,M,,,15
0000001600,2030,9000000010,00000000002020,M,,,34
0000001600,2030,9000000012,00000000002020,M,,,0
0000001600,2031,9000000004,00000000002020,M,,,-7
0000001600,2031,9000000005,00000000002020,M,,,4
0000001600,2031,9000000006,00000000002020,M,,,0
0000001600,2031,9000000007,00000000002020,M,,,0
0000001600,2031,9000000008,00000000002020,M,,,10
0000001600,2031,9000000010,00000000002020,M,,,24
0000001600,2031,9000000012,00000000002020,M,,,-1
0000001600,2032,9000000004,00000000002020,M,,,-1
0000001600,2032,9000000005,00000000002020,M,,,7
0000001600,2032,9000000006,00000000002020,M,,,0
0000001600,2032,9000000007,00000000002020,M,,,-17
0000001600,2032,9000000008,00000000002020,M,,,33
0000001600,2032,9000000010,00000000002020,M,,,17
0000001600,2032,9000000012,00000000002020,M,,,0
0000001600,2033,9000000004,00000000002020,M,,,4
0000001600,2033,9000000005,00000000002020,M,,,6
0000001600,2033,9000000006,00000000002020,M,,,-1
0000001600,2033,9000000007,00000000002020,M,,,-3
0000001600,2033,9000000008,00000000002020,M,,,-45
0000001600,2033,9000000010,00000000002020,M,,,73
0000001600,2033,9000000012,00000000002020,M,,,-1
0000001600,2034,9000000004,00000000002020,M,,,-8
0000001600,2034,9000000005,00000000002020,M,,,7
0000001600,2034,9000000006,00000000002020,M,,,-1
0000001600,2034,9000000007,00000000002020,M,,,-6
0000001600,2034,9000000008,00000000002020,M,,,-3
0000001600,2034,9000000010,00000000002020,M,,,61
0000001600,2034,9000000012,00000000002020,M,,,-1
0000001600,2035,9000000004,00000000002020,M,,,-2
0000001600,2035,9000000005,00000000002020,M,,,-7
0000001600,2035,9000000006,00000000002020,M,,,0
0000001600,2035,9000000007,00000000002020,M,,,-3
0000001600,2035,9000000008,00000000002020,M,,,0
0000001600,2035,9000000010,00000000002020,M,,,-65
0000001600,2035,9000000012,00000000002020,M,,,-1
0000001600,2036,9000000004,00000000002020,M,,,3
0000001600,2036,9000000005,00000000002020,M,,,-4
0000001600,2036,9000000007,00000000002020,M,,,-2
0000001600,2036,9000000008,00000000002020,M,,,-24
0000001600,2036,9000000010,00000000002020,M,,,-31
0000001600,2036,9000000012,00000000002020,M,,,0
0000001600,2037,9000000004,00000000002020,M,,,2
0000001600,2037,9000000005,00000000002020,M,,,-16
0000001600,2037,9000000006,00000000002020,M,,,-1
0000001600,2037,9000000007,00000000002020,M,,,-8
0000001600,2037,9000000010,00000000002020,M,,,7
0000001600,2037,9000000012,00000000002020,M,,,-2
0000001600,2038,9000000004,00000000002020,M,,,3
0000001600,2038,9000000005,00000000002020,M,,,-2
0000001600,2038,9000000006,00000000002020,M,,,-1
0000001600,2038,9000000007,00000000002020,M,,,0
0000001600,2038,9000000008,00000000002020,M,,,-1
0000001600,2038,9000000010,00000000002020,M,,,-30
0000001600,2038,9000000012,00000000002020,M,,,-3
0000001600,2039,9000000004,00000000002020,M,,,-6
0000001600,2039,9000000005,00000000002020,M,,,0
0000001600,2039,9000000007,00000000002020,M,,,-1
0000001600,2039,9000000008,00000000002020,M,,,0
0000001600,2039,9000000010,00000000002020,M,,,81
0000001600,2039,9000000012,00000000002020,M,,,2
0000001600,2040,9000000004,00000000002020,M,,,4
0000001600,2040,9000000005,00000000002020,M,,,0
0000001600,2040,9000000007,00000000002020,M,,,0
0000001600,2040,9000000008,00000000002020,M,,,-19
0000001600,2040,9000000010,00000000002020,M,,,-57
0000001600,2040,9000000012,00000000002020,M,,,0
0000001690,2028,9000000006,00000000002020,M,,,-1
0000001690,2028,9000000009,00000000002020,M,,,-1
0000001690,2028,9000000010,00000000002020,M,,,-1
0000001700,2026,9000000003,00000000002020,M,,,1038
0000001700,2026,9000000004,00000000002020,M,,,4966
0000001700,2026,9000000005,00000000002020,M,,,1159
0000001700,2026,9000000006,00000000002020,M,,,2118
0000001700,2026,9000000007,00000000002020,M,,,2124
0000001700,2026,9000000008,00000000002020,M,,,962
0000001700,2026,9000000009,00000000002020,M,,,1112
0000001700,2026,9000000010,00000000002020,M,,,223
0000001700,2026,9000000011,00000000002020,M,,,966
0000001700,2027,9000000003,00000000002020,M,,,771
0000001700,2027,9000000004,00000000002020,M,,,4966
0000001700,2027,9000000005,00000000002020,M,,,1159
0000001700,2027,9000000006,00000000002020,M,,,1648
0000001700,2027,9000000007,00000000002020,M,,,1800
0000001700,2027,9000000008,00000000002020,M,,,801
0000001700,2027,9000000009,00000000002020,M,,,885
0000001700,2027,9000000011,00000000002020,M,,,570
0000001700,2028,9000000004,00000000002020,M,,,4966
0000001700,2028,9000000005,00000000002020,M,,,1159
0000001700,2028,9000000006,00000000002020,M,,,165
0000001700,2028,9000000007,00000000002020,M,,,290
0000001700,2028,9000000009,00000000002020,M,,,1514
0000001700,2028,9000000011,00000000002020,M,,,0
0000001700,2028,9000000012,00000000002020,M,,,0
0000001700,2029,9000000004,00000000002020,M,,,4966
0000001700,2029,9000000005,00000000002020,M,,,1159
0000001700,2029,9000000006,00000000002020,M,,,165
0000001700,2029,9000000007,00000000002020,M,,,290
0000001700,2029,9000000009,00000000002020,M,,,1514
0000001700,2029,9000000011,00000000002020,M,,,0
0000001700,2029,9000000012,00000000002020,M,,,0
0000001700,2030,9000000004,00000000002020,M,,,4966
0000001700,2030,9000000005,00000000002020,M,,,1159
0000001700,2030,9000000006,00000000002020,M,,,165
0000001700,2030,9000000007,00000000002020,M,,,290
0000001700,2030,9000000009,00000000002020,M,,,1514
0000001700,2030,9000000011,00000000002020,M,,,0
0000001700,2030,9000000012,00000000002020,M,,,0
0000001700,2031,9000000004,00000000002020,M,,,4966
0000001700,2031,9000000005,00000000002020,M,,,1159
0000001700,2031,9000000006,00000000002020,M,,,165
0000001700,2031,9000000007,00000000002020,M,,,290
0000001700,2031,9000000009,00000000002020,M,,,1514
0000001700,2031,9000000011,00000000002020,M,,,0
0000001700,2031,9000000012,00000000002020,M,,,0
0000001700,2032,9000000004,00000000002020,M,,,4966
0000001700,2032,9000000005,00000000002020,M,,,1159
0000001700,2032,9000000006,00000000002020,M,,,165
0000001700,2032,9000000007,00000000002020,M,,,290
0000001700,2032,9000000009,00000000002020,M,,,1514
0000001700,2032,9000000011,00000000002020,M,,,0
0000001700,2032,9000000012,00000000002020,M,,,0
0000001700,2033,9000000004,00000000002020,M,,,4966
0000001700,2033,9000000005,00000000002020,M,,,1159
0000001700,2033,9000000006,00000000002020,M,,,165
0000001700,2033,9000000007,00000000002020,M,,,290
0000001700,2033,9000000009,00000000002020,M,,,1514
0000001700,2033,9000000011,00000000002020,M,,,0
0000001700,2033,9000000012,00000000002020,M,,,0
0000001700,2034,9000000004,00000000002020,M,,,4966
0000001700,2034,9000000005,00000000002020,M,,,1159
0000001700,2034,9000000006,00000000002020,M,,,165
0000001700,2034,9000000007,00000000002020,M,,,290
0000001700,2034,9000000009,00000000002020,M,,,1514
0000001700,2034,9000000011,00000000002020,M,,,0
0000001700,2034,9000000012,00000000002020,M,,,0
0000001700,2035,9000000004,00000000002020,M,,,4966
0000001700,2035,9000000005,00000000002020,M,,,1159
0000001700,2035,9000000006,00000000002020,M,,,165
0000001700,2035,9000000007,00000000002020,M,,,290
0000001700,2035,9000000009,00000000002020,M,,,1514
0000001700,2035,9000000011,00000000002020,M,,,0
0000001700,2035,9000000012,00000000002020,M,,,0
0000001700,2036,9000000004,00000000002020,M,,,4966
0000001700,2036,9000000005,00000000002020,M,,,1159
0000001700,2036,9000000006,00000000002020,M,,,165
0000001700,2036,9000000007,00000000002020,M,,,290
0000001700,2036,9000000009,00000000002020,M,,,1514
0000001700,2036,9000000011,00000000002020,M,,,0
0000001700,2036,9000000012,00000000002020,M,,,0
0000001700,2037,9000000004,00000000002020,M,,,4966
0000001700,2037,9000000005,00000000002020,M,,,1159
0000001700,2037,9000000006,00000000002020,M,,,165
0000001700,2037,9000000007,00000000002020,M,,,290
0000001700,2037,9000000009,00000000002020,M,,,1514
0000001700,2037,9000000011,00000000002020,M,,,0
0000001700,2037,9000000012,00000000002020,M,,,0
0000001700,2038,9000000004,00000000002020,M,,,4966
0000001700,2038,9000000005,00000000002020,M,,,1159
0000001700,2038,9000000006,00000000002020,M,,,165
0000001700,2038,9000000007,00000000002020,M,,,290
0000001700,2038,9000000009,00000000002020,M,,,1514
0000001700,2038,9000000011,00000000002020,M,,,0
0000001700,2038,9000000012,00000000002020,M,,,0
0000001700,2039,9000000004,00000000002020,M,,,4966
0000001700,2039,9000000005,00000000002020,M,,,1159
0000001700,2039,9000000006,00000000002020,M,,,165
0000001700,2039,9000000007,00000000002020,M,,,290
0000001700,2039,9000000009,00000000002020,M,,,1514
0000001700,2039,9000000011,00000000002020,M,,,0
0000001700,2039,9000000012,00000000002020,M,,,0
0000001700,2040,9000000004,00000000002020,M,,,4966
0000001700,2040,9000000005,00000000002020,M,,,1159
0000001700,2040,9000000006,00000000002020,M,,,165
0000001700,2040,9000000007,00000000002020,M,,,290
0000001700,2040,9000000009,00000000002020,M,,,1514
0000001700,2040,9000000011,00000000002020,M,,,0
0000001700,2040,9000000012,00000000002020,M,,,0
0000001710,2028,9000000003,00000000002020,M,,,496
0000001710,2028,9000000004,00000000002020,M,,,-456
0000001710,2028,9000000005,00000000002020,M,,,-76
0000001710,2028,9000000006,00000000002020,M,,,1160
0000001710,2028,9000000007,00000000002020,M,,,1399
0000001710,2028,9000000008,00000000002020,M,,,547
0000001710,2028,9000000009,00000000002020,M,,,1217
0000001710,2028,9000000010,00000000002020,M,,,-205
0000001710,2028,9000000011,00000000002020,M,,,343
0000001710,2028,9000000012,00000000002020,M,,,57
0000001710,2029,9000000003,00000000002020,M,,,339
0000001710,2029,9000000004,00000000002020,M,,,-991
0000001710,2029,9000000005,00000000002020,M,,,-234
0000001710,2029,9000000006,00000000002020,M,,,862
0000001710,2029,9000000007,00000000002020,M,,,1147
0000001710,2029,9000000008,00000000002020,M,,,368
0000001710,2029,9000000009,00000000002020,M,,,1164
0000001710,2029,9000000010,00000000002020,M,,,-656
0000001710,2029,9000000011,00000000002020,M,,,166
0000001710,2029,9000000012,00000000002020,M,,,-97
0000001710,2030,9000000003,00000000002020,M,,,149
0000001710,2030,9000000004,00000000002020,M,,,-1473
0000001710,2030,9000000005,00000000002020,M,,,-380
0000001710,2030,9000000006,00000000002020,M,,,592
0000001710,2030,9000000007,00000000002020,M,,,975
0000001710,2030,9000000008,00000000002020,M,,,143
0000001710,2030,9000000009,00000000002020,M,,,1118
0000001710,2030,9000000010,00000000002020,M,,,-1150
0000001710,2030,9000000011,00000000002020,M,,,60
0000001710,2030,9000000012,00000000002020,M,,,-227
0000001710,2031,9000000003,00000000002020,M,,,6
0000001710,2031,9000000004,00000000002020,M,,,-1903
0000001710,2031,9000000005,00000000002020,M,,,-513
0000001710,2031,9000000006,00000000002020,M,,,373
0000001710,2031,9000000007,00000000002020,M,,,847
0000001710,2031,9000000008,00000000002020,M,,,-55
0000001710,2031,9000000009,00000000002020,M,,,1071
0000001710,2031,9000000010,00000000002020,M,,,-1712
0000001710,2031,9000000011,00000000002020,M,,,-26
0000001710,2031,9000000012,00000000002020,M,,,-421
0000001710,2032,9000000003,00000000002020,M,,,-148
0000001710,2032,9000000004,00000000002020,M,,,-2309
0000001710,2032,9000000005,00000000002020,M,,,-643
0000001710,2032,9000000006,00000000002020,M,,,218
0000001710,2032,9000000007,00000000002020,M,,,704
0000001710,2032,9000000008,00000000002020,M,,,-178
0000001710,2032,9000000009,00000000002020,M,,,1024
0000001710,2032,9000000010,00000000002020,M,,,-2293
0000001710,2032,9000000011,00000000002020,M,,,-86
0000001710,2032,9000000012,00000000002020,M,,,-564
0000001710,2033,9000000003,00000000002020,M,,,-300
0000001710,2033,9000000004,00000000002020,M,,,-2665
0000001710,2033,9000000005,00000000002020,M,,,-778
0000001710,2033,9000000006,00000000002020,M,,,90
0000001710,2033,9000000007,00000000002020,M,,,591
0000001710,2033,9000000008,00000000002020,M,,,-290
0000001710,2033,9000000009,00000000002020,M,,,978
0000001710,2033,9000000010,00000000002020,M,,,-2885
0000001710,2033,9000000011,00000000002020,M,,,-155
0000001710,2033,9000000012,00000000002020,M,,,-762
0000001710,2034,9000000003,00000000002020,M,,,-386
0000001710,2034,9000000004,00000000002020,M,,,-3030
0000001710,2034,9000000005,00000000002020,M,,,-924
0000001710,2034,9000000006,00000000002020,M,,,-13
0000001710,2034,9000000007,00000000002020,M,,,488
0000001710,2034,9000000008,00000000002020,M,,,-390
0000001710,2034,9000000009,00000000002020,M,,,931
0000001710,2034,9000000010,00000000002020,M,,,-3554
0000001710,2034,9000000011,00000000002020,M,,,-155
0000001710,2034,9000000012,00000000002020,M,,,-888
0000001710,2035,9000000003,00000000002020,M,,,-443
0000001710,2035,9000000004,00000000002020,M,,,-3350
0000001710,2035,9000000005,00000000002020,M,,,-1074
0000001710,2035,9000000006,00000000002020,M,,,-108
0000001710,2035,9000000007,00000000002020,M,,,396
0000001710,2035,9000000008,00000000002020,M,,,-449
0000001710,2035,9000000009,00000000002020,M,,,884
0000001710,2035,9000000010,00000000002020,M,,,-4210
0000001710,2035,9000000011,00000000002020,M,,,-155
0000001710,2035,9000000012,00000000002020,M,,,-1015
0000001710,2036,9000000003,00000000002020,M,,,-457
0000001710,2036,9000000004,00000000002020,M,,,-3644
0000001710,2036,9000000005,00000000002020,M,,,-1222
0000001710,2036,9000000006,00000000002020,M,,,-192
0000001710,2036,9000000007,00000000002020,M,,,327
0000001710,2036,9000000008,00000000002020,M,,,-526
0000001710,2036,9000000009,00000000002020,M,,,838
0000001710,2036,9000000010,00000000002020,M,,,-4708
0000001710,2036,9000000011,00000000002020,M,,,-155
0000001710,2036,9000000012,00000000002020,M,,,-1145
0000001710,2037,9000000003,00000000002020,M,,,-462
0000001710,2037,9000000004,00000000002020,M,,,-3900
0000001710,2037,9000000005,00000000002020,M,,,-1530
0000001710,2037,9000000006,00000000002020,M,,,-217
0000001710,2037,9000000007,00000000002020,M,,,244
0000001710,2037,9000000008,00000000002020,M,,,-598
0000001710,2037,9000000009,00000000002020,M,,,791
0000001710,2037,9000000010,00000000002020,M,,,-5130
0000001710,2037,9000000011,00000000002020,M,,,-155
0000001710,2037,9000000012,00000000002020,M,,,-1278
0000001710,2038,9000000003,00000000002020,M,,,-465
0000001710,2038,9000000004,00000000002020,M,,,-4174
0000001710,2038,9000000005,00000000002020,M,,,-1680
0000001710,2038,9000000006,00000000002020,M,,,-217
0000001710,2038,9000000007,00000000002020,M,,,173
0000001710,2038,9000000008,00000000002020,M,,,-663
0000001710,2038,9000000009,00000000002020,M,,,744
0000001710,2038,9000000010,00000000002020,M,,,-5620
0000001710,2038,9000000011,00000000002020,M,,,-155
0000001710,2038,9000000012,00000000002020,M,,,-1388
0000001710,2039,9000000003,00000000002020,M,,,-466
0000001710,2039,9000000004,00000000002020,M,,,-4444
0000001710,2039,9000000005,00000000002020,M,,,-1822
0000001710,2039,9000000006,00000000002020,M,,,-217
0000001710,2039,9000000007,00000000002020,M,,,111
0000001710,2039,9000000008,00000000002020,M,,,-722
0000001710,2039,9000000009,00000000002020,M,,,698
0000001710,2039,9000000010,00000000002020,M,,,-6007
0000001710,2039,9000000011,00000000002020,M,,,-155
0000001710,2039,9000000012,00000000002020,M,,,-1479
0000001710,2040,9000000003,00000000002020,M,,,-466
0000001710,2040,9000000004,00000000002020,M,,,-4672
0000001710,2040,9000000005,00000000002020,M,,,-1999
0000001710,2040,9000000006,00000000002020,M,,,-217
0000001710,2040,9000000007,00000000002020,M,,,58
0000001710,2040,9000000008,00000000002020,M,,,-722
0000001710,2040,9000000009,00000000002020,M,,,651
0000001710,2040,9000000010,00000000002020,M,,,-6365
0000001710,2040,9000000011,00000000002020,M,,,-155
0000001710,2040,9000000012,00000000002020,M,,,-1525
0000001720,2026,9000000003,00000000002020,M,,,-6
0000001720,2027,9000000003,00000000002020,M,,,-28
0000001720,2028,9000000003,00000000002020,M,,,84
0000001720,2028,9000000007,00000000002020,M,,,0
0000001720,2028,9000000011,00000000002020,M,,,0
0000001720,2028,9000000012,00000000002020,M,,,0
0000001720,2029,9000000003,00000000002020,M,,,85
0000001720,2029,9000000004,00000000002020,M,,,7
0000001720,2029,9000000007,00000000002020,M,,,0
0000001720,2029,9000000008,00000000002020,M,,,-48
0000001720,2029,9000000011,00000000002020,M,,,0
0000001720,2029,9000000012,00000000002020,M,,,0
0000001720,2030,9000000003,00000000002020,M,,,84
0000001720,2030,9000000004,00000000002020,M,,,19
0000001720,2030,9000000007,00000000002020,M,,,0
0000001720,2030,9000000008,00000000002020,M,,,-43
0000001720,2030,9000000011,00000000002020,M,,,0
0000001720,2030,9000000012,00000000002020,M,,,0
0000001720,2031,9000000003,00000000002020,M,,,82
0000001720,2031,9000000004,00000000002020,M,,,37
0000001720,2031,9000000007,00000000002020,M,,,0
0000001720,2031,9000000008,00000000002020,M,,,-38
0000001720,2031,9000000011,00000000002020,M,,,0
0000001720,2031,9000000012,00000000002020,M,,,0
0000001720,2032,9000000003,00000000002020,M,,,81
0000001720,2032,9000000004,00000000002020,M,,,59
0000001720,2032,9000000007,00000000002020,M,,,0
0000001720,2032,9000000008,00000000002020,M,,,-33
0000001720,2032,9000000011,00000000002020,M,,,0
0000001720,2032,9000000012,00000000002020,M,,,0
0000001720,2033,9000000003,00000000002020,M,,,81
0000001720,2033,9000000004,00000000002020,M,,,86
0000001720,2033,9000000007,00000000002020,M,,,0
0000001720,2033,9000000008,00000000002020,M,,,-28
0000001720,2033,9000000011,00000000002020,M,,,0
0000001720,2033,9000000012,00000000002020,M,,,0
0000001720,2034,9000000003,00000000002020,M,,,80
0000001720,2034,9000000004,00000000002020,M,,,118
0000001720,2034,9000000007,00000000002020,M,,,0
0000001720,2034,9000000008,00000000002020,M,,,-23
0000001720,2034,9000000011,00000000002020,M,,,0
0000001720,2034,9000000012,00000000002020,M,,,0
0000001720,2035,9000000003,00000000002020,M,,,80
0000001720,2035,9000000004,00000000002020,M,,,154
0000001720,2035,9000000007,00000000002020,M,,,0
0000001720,2035,9000000008,00000000002020,M,,,-18
0000001720,2035,9000000011,00000000002020,M,,,0
0000001720,2035,9000000012,00000000002020,M,,,0
0000001720,2036,9000000003,00000000002020,M,,,80
0000001720,2036,9000000004,00000000002020,M,,,154
0000001720,2036,9000000007,00000000002020,M,,,0
0000001720,2036,9000000008,00000000002020,M,,,-13
0000001720,2036,9000000011,00000000002020,M,,,0
0000001720,2036,9000000012,00000000002020,M,,,0
0000001720,2037,9000000003,00000000002020,M,,,80
0000001720,2037,9000000004,00000000002020,M,,,154
0000001720,2037,9000000007,00000000002020,M,,,0
0000001720,2037,9000000008,00000000002020,M,,,-8
0000001720,2037,9000000011,00000000002020,M,,,0
0000001720,2037,9000000012,00000000002020,M,,,0
0000001720,2038,9000000003,00000000002020,M,,,80
0000001720,2038,9000000004,00000000002020,M,,,154
0000001720,2038,9000000007,00000000002020,M,,,0
0000001720,2038,9000000008,00000000002020,M,,,-3
0000001720,2038,9000000011,00000000002020,M,,,0
0000001720,2038,9000000012,00000000002020,M,,,0
0000001720,2039,9000000003,00000000002020,M,,,80
0000001720,2039,9000000004,00000000002020,M,,,154
0000001720,2039,9000000007,00000000002020,M,,,0
0000001720,2039,9000000011,00000000002020,M,,,0
0000001720,2039,9000000012,00000000002020,M,,,0
0000001720,2040,9000000003,00000000002020,M,,,80
0000001720,2040,9000000004,00000000002020,M,,,154
0000001720,2040,9000000007,00000000002020,M,,,0
0000001720,2040,9000000011,00000000002020,M,,,0
0000001720,2040,9000000012,00000000002020,M,,,0
0000001730,2028,9000000003,00000000002020,M,,,0
0000001730,2028,9000000004,00000000002020,M,,,-32
0000001730,2028,9000000004,00000000002020,M,,,-73
0000001730,2028,9000000005,00000000002020,M,,,-34
0000001730,2028,9000000005,00000000002020,M,,,-103
0000001730,2028,9000000006,00000000002020,M,,,0
0000001730,2028,9000000007,00000000002020,M,,,-21
0000001730,2028,9000000007,00000000002020,M,,,-69
0000001730,2028,9000000008,00000000002020,M,,,-3
0000001730,2028,9000000011,00000000002020,M,,,-27
0000001730,2028,9000000011,00000000002020,M,,,-68
0000001730,2029,9000000004,00000000002020,M,,,-104
0000001730,2029,9000000005,00000000002020,M,,,-130
0000001730,2029,9000000007,00000000002020,M,,,-94
0000001730,2029,9000000011,00000000002020,M,,,-67
0000001730,2030,9000000004,00000000002020,M,,,-107
0000001730,2030,9000000005,00000000002020,M,,,-135
0000001730,2030,9000000007,00000000002020,M,,,-84
0000001730,2030,9000000011,00000000002020,M,,,-68
0000001730,2031,9000000004,00000000002020,M,,,-94
0000001730,2031,9000000005,00000000002020,M,,,-131
0000001730,2031,9000000007,00000000002020,M,,,-78
0000001730,2031,9000000011,00000000002020,M,,,-60
0000001730,2032,9000000004,00000000002020,M,,,-95
0000001730,2032,9000000005,00000000002020,M,,,-129
0000001730,2032,9000000007,00000000002020,M,,,-88
0000001730,2032,9000000011,00000000002020,M,,,-70
0000001730,2033,9000000004,00000000002020,M,,,-82
0000001730,2033,9000000005,00000000002020,M,,,-129
0000001730,2033,9000000007,00000000002020,M,,,-82
0000001730,2033,9000000011,00000000002020,M,,,-74
0000001730,2034,9000000004,00000000002020,M,,,-79
0000001730,2034,9000000005,00000000002020,M,,,-136
0000001730,2034,9000000007,00000000002020,M,,,-69
0000001730,2035,9000000004,00000000002020,M,,,-71
0000001730,2035,9000000005,00000000002020,M,,,-141
0000001730,2035,9000000007,00000000002020,M,,,-53
0000001730,2036,9000000004,00000000002020,M,,,-72
0000001730,2036,9000000005,00000000002020,M,,,-121
0000001730,2036,9000000007,00000000002020,M,,,-52
0000001730,2037,9000000004,00000000002020,M,,,-51
0000001730,2037,9000000005,00000000002020,M,,,-29
0000001730,2037,9000000007,00000000002020,M,,,-63
0000001730,2038,9000000004,00000000002020,M,,,-54
0000001730,2038,9000000005,00000000002020,M,,,-29
0000001730,2038,9000000007,00000000002020,M,,,-47
0000001730,2039,9000000004,00000000002020,M,,,-53
0000001730,2039,9000000005,00000000002020,M,,,-31
0000001730,2039,9000000007,00000000002020,M,,,-42
0000001730,2040,9000000004,00000000002020,M,,,-52
0000001730,2040,9000000005,00000000002020,M,,,-28
0000001730,2040,9000000007,00000000002020,M,,,-54
0000001870,2028,9000000004,00000000002020,M,,,-40
0000001870,2028,9000000005,00000000002020,M,,,-8
0000001870,2028,9000000006,00000000002020,M,,,-19
0000001870,2028,9000000007,00000000002020,M,,,-12
0000001870,2028,9000000008,00000000002020,M,,,-44
0000001870,2028,9000000010,00000000002020,M,,,-141
0000001870,2028,9000000011,00000000002020,M,,,-1
0000001870,2028,9000000012,00000000002020,M,,,-94
0000001870,2029,9000000004,00000000002020,M,,,-52
0000001870,2029,9000000005,00000000002020,M,,,-13
0000001870,2029,9000000006,00000000002020,M,,,-15
0000001870,2029,9000000008,00000000002020,M,,,-30
0000001870,2029,9000000010,00000000002020,M,,,-151
0000001870,2029,9000000012,00000000002020,M,,,-7
0000001870,2030,9000000004,00000000002020,M,,,-47
0000001870,2030,9000000005,00000000002020,M,,,-6
0000001870,2030,9000000006,00000000002020,M,,,-1
0000001870,2030,9000000007,00000000002020,M,,,-40
0000001870,2030,9000000008,00000000002020,M,,,-45
0000001870,2030,9000000010,00000000002020,M,,,-185
0000001870,2030,9000000012,00000000002020,M,,,-7
0000001870,2031,9000000004,00000000002020,M,,,-40
0000001870,2031,9000000005,00000000002020,M,,,-11
0000001870,2031,9000000006,00000000002020,M,,,-1
0000001870,2031,9000000007,00000000002020,M,,,-40
0000001870,2031,9000000008,00000000002020,M,,,-55
0000001870,2031,9000000010,00000000002020,M,,,-210
0000001870,2031,9000000012,00000000002020,M,,,-7
0000001870,2032,9000000004,00000000002020,M,,,-39
0000001870,2032,9000000005,00000000002020,M,,,-19
0000001870,2032,9000000006,00000000002020,M,,,-1
0000001870,2032,9000000007,00000000002020,M,,,-23
0000001870,2032,9000000008,00000000002020,M,,,-89
0000001870,2032,9000000010,00000000002020,M,,,-227
0000001870,2032,9000000012,00000000002020,M,,,-7
0000001870,2033,9000000004,00000000002020,M,,,-44
0000001870,2033,9000000005,00000000002020,M,,,-25
0000001870,2033,9000000006,00000000002020,M,,,-1
0000001870,2033,9000000007,00000000002020,M,,,-21
0000001870,2033,9000000008,00000000002020,M,,,-44
0000001870,2033,9000000010,00000000002020,M,,,-301
0000001870,2033,9000000012,00000000002020,M,,,-7
0000001870,2034,9000000004,00000000002020,M,,,-36
0000001870,2034,9000000005,00000000002020,M,,,-33
0000001870,2034,9000000006,00000000002020,M,,,-1
0000001870,2034,9000000007,00000000002020,M,,,-16
0000001870,2034,9000000008,00000000002020,M,,,-42
0000001870,2034,9000000010,00000000002020,M,,,-363
0000001870,2034,9000000012,00000000002020,M,,,-7
0000001870,2035,9000000004,00000000002020,M,,,-34
0000001870,2035,9000000005,00000000002020,M,,,-26
0000001870,2035,9000000006,00000000002020,M,,,-1
0000001870,2035,9000000007,00000000002020,M,,,-13
0000001870,2035,9000000008,00000000002020,M,,,-42
0000001870,2035,9000000010,00000000002020,M,,,-298
0000001870,2035,9000000012,00000000002020,M,,,-6
0000001870,2036,9000000004,00000000002020,M,,,-38
0000001870,2036,9000000005,00000000002020,M,,,-23
0000001870,2036,9000000006,00000000002020,M,,,-1
0000001870,2036,9000000007,00000000002020,M,,,-11
0000001870,2036,9000000008,00000000002020,M,,,-19
0000001870,2036,9000000010,00000000002020,M,,,-268
0000001870,2036,9000000012,00000000002020,M,,,-7
0000001870,2037,9000000004,00000000002020,M,,,-40
0000001870,2037,9000000005,00000000002020,M,,,-8
0000001870,2037,9000000006,00000000002020,M,,,-1
0000001870,2037,9000000007,00000000002020,M,,,-3
0000001870,2037,9000000008,00000000002020,M,,,-19
0000001870,2037,9000000010,00000000002020,M,,,-275
0000001870,2037,9000000012,00000000002020,M,,,-5
0000001870,2038,9000000004,00000000002020,M,,,-44
0000001870,2038,9000000005,00000000002020,M,,,-6
0000001870,2038,9000000007,00000000002020,M,,,-3
0000001870,2038,9000000008,00000000002020,M,,,-19
0000001870,2038,9000000010,00000000002020,M,,,-246
0000001870,2038,9000000012,00000000002020,M,,,-3
0000001870,2039,9000000004,00000000002020,M,,,-38
0000001870,2039,9000000005,00000000002020,M,,,-7
0000001870,2039,9000000007,00000000002020,M,,,-3
0000001870,2039,9000000008,00000000002020,M,,,-19
0000001870,2039,9000000010,00000000002020,M,,,-327
0000001870,2039,9000000012,00000000002020,M,,,-5
0000001870,2040,9000000004,00000000002020,M,,,-43
0000001870,2040,9000000005,00000000002020,M,,,-7
0000001870,2040,9000000007,00000000002020,M,,,-4
0000001870,2040,9000000010,00000000002020,M,,,-271
0000001870,2040,9000000012,00000000002020,M,,,-6
0000001890,2026,9000000004,00000000002020,M,,,-1146
0000001890,2026,9000000005,00000000002020,M,,,-459
0000001890,2026,9000000006,00000000002020,M,,,-475
0000001890,2026,9000000007,00000000002020,M,,,-360
0000001890,2026,9000000009,00000000002020,M,,,-277
0000001890,2026,9000000011,00000000002020,M,,,-194
0000001890,2027,9000000004,00000000002020,M,,,-710
0000001890,2027,9000000005,00000000002020,M,,,-511
0000001890,2027,9000000006,00000000002020,M,,,-466
0000001890,2027,9000000007,00000000002020,M,,,-382
0000001890,2027,9000000009,00000000002020,M,,,-137
0000001890,2027,9000000011,00000000002020,M,,,-240
0000001890,2028,9000000004,00000000002020,M,,,-743
0000001890,2028,9000000005,00000000002020,M,,,-521
0000001890,2028,9000000006,00000000002020,M,,,-468
0000001890,2028,9000000007,00000000002020,M,,,-398
0000001890,2028,9000000009,00000000002020,M,,,-138
0000001890,2028,9000000011,00000000002020,M,,,-247
0000001890,2028,9000000012,00000000002020,M,,,73
0000001890,2029,9000000004,00000000002020,M,,,-766
0000001890,2029,9000000005,00000000002020,M,,,-530
0000001890,2029,9000000006,00000000002020,M,,,-346
0000001890,2029,9000000007,00000000002020,M,,,-415
0000001890,2029,9000000009,00000000002020,M,,,-139
0000001890,2029,9000000011,00000000002020,M,,,-244
0000001890,2029,9000000012,00000000002020,M,,,73
0000001890,2030,9000000004,00000000002020,M,,,-809
0000001890,2030,9000000005,00000000002020,M,,,-539
0000001890,2030,9000000006,00000000002020,M,,,-256
0000001890,2030,9000000007,00000000002020,M,,,-431
0000001890,2030,9000000009,00000000002020,M,,,-140
0000001890,2030,9000000011,00000000002020,M,,,-237
0000001890,2030,9000000012,00000000002020,M,,,73
0000001890,2031,9000000004,00000000002020,M,,,-858
0000001890,2031,9000000005,00000000002020,M,,,-549
0000001890,2031,9000000006,00000000002020,M,,,-181
0000001890,2031,9000000007,00000000002020,M,,,-443
0000001890,2031,9000000009,00000000002020,M,,,-140
0000001890,2031,9000000011,00000000002020,M,,,-230
0000001890,2031,9000000012,00000000002020,M,,,73
0000001890,2032,9000000004,00000000002020,M,,,-912
0000001890,2032,9000000005,00000000002020,M,,,-559
0000001890,2032,9000000006,00000000002020,M,,,-113
0000001890,2032,9000000007,00000000002020,M,,,-448
0000001890,2032,9000000009,00000000002020,M,,,-117
0000001890,2032,9000000011,00000000002020,M,,,-200
0000001890,2032,9000000012,00000000002020,M,,,73
0000001890,2033,9000000004,00000000002020,M,,,-972
0000001890,2033,9000000005,00000000002020,M,,,-569
0000001890,2033,9000000006,00000000002020,M,,,-52
0000001890,2033,9000000007,00000000002020,M,,,-460
0000001890,2033,9000000009,00000000002020,M,,,-56
0000001890,2033,9000000011,00000000002020,M,,,-169
0000001890,2033,9000000012,00000000002020,M,,,73
0000001890,2034,9000000004,00000000002020,M,,,-1037
0000001890,2034,9000000005,00000000002020,M,,,-579
0000001890,2034,9000000006,00000000002020,M,,,4
0000001890,2034,9000000007,00000000002020,M,,,-474
0000001890,2034,9000000009,00000000002020,M,,,-47
0000001890,2034,9000000011,00000000002020,M,,,-85
0000001890,2034,9000000012,00000000002020,M,,,73
0000001890,2035,9000000004,00000000002020,M,,,-1108
0000001890,2035,9000000005,00000000002020,M,,,-589
0000001890,2035,9000000006,00000000002020,M,,,51
0000001890,2035,9000000007,00000000002020,M,,,-488
0000001890,2035,9000000009,00000000002020,M,,,-45
0000001890,2035,9000000011,00000000002020,M,,,12
0000001890,2035,9000000012,00000000002020,M,,,73
0000001890,2036,9000000004,00000000002020,M,,,-1140
0000001890,2036,9000000005,00000000002020,M,,,-565
0000001890,2036,9000000006,00000000002020,M,,,98
0000001890,2036,9000000007,00000000002020,M,,,-500
0000001890,2036,9000000009,00000000002020,M,,,-43
0000001890,2036,9000000011,00000000002020,M,,,69
0000001890,2036,9000000012,00000000002020,M,,,73
0000001890,2037,9000000004,00000000002020,M,,,-1174
0000001890,2037,9000000005,00000000002020,M,,,-372
0000001890,2037,9000000006,00000000002020,M,,,142
0000001890,2037,9000000007,00000000002020,M,,,-511
0000001890,2037,9000000009,00000000002020,M,,,-40
0000001890,2037,9000000011,00000000002020,M,,,120
0000001890,2037,9000000012,00000000002020,M,,,73
0000001890,2038,9000000004,00000000002020,M,,,-1076
0000001890,2038,9000000005,00000000002020,M,,,-170
0000001890,2038,9000000006,00000000002020,M,,,155
0000001890,2038,9000000007,00000000002020,M,,,-491
0000001890,2038,9000000009,00000000002020,M,,,-38
0000001890,2038,9000000011,00000000002020,M,,,132
0000001890,2038,9000000012,00000000002020,M,,,73
0000001890,2039,9000000004,00000000002020,M,,,-985
0000001890,2039,9000000005,00000000002020,M,,,35
0000001890,2039,9000000006,00000000002020,M,,,155
0000001890,2039,9000000007,00000000002020,M,,,-505
0000001890,2039,9000000009,00000000002020,M,,,-35
0000001890,2039,9000000011,00000000002020,M,,,135
0000001890,2039,9000000012,00000000002020,M,,,73
0000001890,2040,9000000004,00000000002020,M,,,-900
0000001890,2040,9000000005,00000000002020,M,,,210
0000001890,2040,9000000006,00000000002020,M,,,155
0000001890,2040,9000000007,00000000002020,M,,,-483
0000001890,2040,9000000009,00000000002020,M,,,-32
0000001890,2040,9000000011,00000000002020,M,,,135
0000001890,2040,9000000012,00000000002020,M,,,73
0000001910,2028,9000000006,00000000002020,M,,,-1
0000001910,2028,9000000009,00000000002020,M,,,-103
0000001910,2028,9000000010,00000000002020,M,,,-55
0000001910,2028,9000000011,00000000002020,M,,,0
0000001910,2029,9000000006,00000000002020,M,,,-1
0000001910,2029,9000000009,00000000002020,M,,,-111
0000001910,2029,9000000010,00000000002020,M,,,-52
0000001910,2029,9000000011,00000000002020,M,,,0
0000001910,2030,9000000006,00000000002020,M,,,-1
0000001910,2030,9000000009,00000000002020,M,,,-111
0000001910,2030,9000000010,00000000002020,M,,,-50
0000001910,2030,9000000011,00000000002020,M,,,0
0000001910,2031,9000000006,00000000002020,M,,,-1
0000001910,2031,9000000009,00000000002020,M,,,-111
0000001910,2031,9000000010,00000000002020,M,,,-47
0000001910,2031,9000000011,00000000002020,M,,,0
0000001910,2032,9000000006,00000000002020,M,,,-1
0000001910,2032,9000000009,00000000002020,M,,,-111
0000001910,2032,9000000010,00000000002020,M,,,-45
0000001910,2032,9000000011,00000000002020,M,,,0
0000001910,2033,9000000006,00000000002020,M,,,-1
0000001910,2033,9000000009,00000000002020,M,,,-111
0000001910,2033,9000000010,00000000002020,M,,,-43
0000001910,2033,9000000011,00000000002020,M,,,0
0000001910,2034,9000000006,00000000002020,M,,,-1
0000001910,2034,9000000009,00000000002020,M,,,-111
0000001910,2034,9000000010,00000000002020,M,,,-40
0000001910,2034,9000000011,00000000002020,M,,,0
0000001910,2035,9000000004,00000000002020,M,,,268
0000001910,2035,9000000006,00000000002020,M,,,-1
0000001910,2035,9000000009,00000000002020,M,,,-111
0000001910,2035,9000000010,00000000002020,M,,,-38
0000001910,2035,9000000011,00000000002020,M,,,0
0000001910,2036,9000000004,00000000002020,M,,,268
0000001910,2036,9000000006,00000000002020,M,,,-1
0000001910,2036,9000000009,00000000002020,M,,,-111
0000001910,2036,9000000010,00000000002020,M,,,-35
0000001910,2036,9000000011,00000000002020,M,,,0
0000001910,2037,9000000004,00000000002020,M,,,268
0000001910,2037,9000000006,00000000002020,M,,,-1
0000001910,2037,9000000009,00000000002020,M,,,-111
0000001910,2037,9000000010,00000000002020,M,,,-33
0000001910,2037,9000000011,00000000002020,M,,,0
0000001910,2038,9000000004,00000000002020,M,,,268
0000001910,2038,9000000006,00000000002020,M,,,-1
0000001910,2038,9000000009,00000000002020,M,,,-111
0000001910,2038,9000000010,00000000002020,M,,,-31
0000001910,2038,9000000011,00000000002020,M,,,0
0000001910,2039,9000000004,00000000002020,M,,,268
0000001910,2039,9000000006,00000000002020,M,,,-1
0000001910,2039,9000000009,00000000002020,M,,,-111
0000001910,2039,9000000010,00000000002020,M,,,-28
0000001910,2039,9000000011,00000000002020,M,,,0
0000001910,2040,9000000004,00000000002020,M,,,268
0000001910,2040,9000000006,00000000002020,M,,,-1
0000001910,2040,9000000009,00000000002020,M,,,-111
0000001910,2040,9000000010,00000000002020,M,,,-26
0000001910,2040,9000000011,00000000002020,M,,,0
0000001990,2026,9000000003,00000000002020,M,,,2
0000001990,2026,9000000004,00000000002020,M,,,94
0000001990,2026,9000000005,00000000002020,M,,,8
0000001990,2026,9000000006,00000000002020,M,,,50
0000001990,2026,9000000007,00000000002020,M,,,14
0000001990,2026,9000000008,00000000002020,M,,,36
0000001990,2026,9000000009,00000000002020,M,,,0
0000001990,2026,9000000010,00000000002020,M,,,91
0000001990,2026,9000000011,00000000002020,M,,,16
0000001990,2026,9000000012,00000000002020,M,,,3
0000001990,2027,9000000003,00000000002020,M,,,2
0000001990,2027,9000000004,00000000002020,M,,,77
0000001990,2027,9000000005,00000000002020,M,,,8
0000001990,2027,9000000006,00000000002020,M,,,40
0000001990,2027,9000000007,00000000002020,M,,,15
0000001990,2027,9000000008,00000000002020,M,,,37
0000001990,2027,9000000009,00000000002020,M,,,0
0000001990,2027,9000000010,00000000002020,M,,,73
0000001990,2027,9000000011,00000000002020,M,,,18
0000001990,2027,9000000012,00000000002020,M,,,6
0000002000,2026,9000000003,00000000002020,M,,,2
0000002000,2026,9000000007,00000000002020,M,,,2
0000002000,2026,9000000009,00000000002020,M,,,0
0000002000,2026,9000000011,00000000002020,M,,,3
0000002000,2027,9000000003,00000000002020,M,,,2
0000002000,2027,9000000007,00000000002020,M,,,2
0000002000,2027,9000000009,00000000002020,M,,,0
0000002000,2027,9000000011,00000000002020,M,,,2
0000002000,2027,9000000012,00000000002020,M,,,4
0000002010,2026,9000000003,00000000002020,M,,,274
0000002010,2026,9000000005,00000000002020,M,,,165
0000002010,2026,9000000007,00000000002020,M,,,446
0000002010,2026,9000000009,00000000002020,M,,,84
0000002010,2026,9000000011,00000000002020,M,,,20
0000002010,2026,9000000012,00000000002020,M,,,779
0000002010,2027,9000000003,00000000002020,M,,,306
0000002010,2027,9000000005,00000000002020,M,,,156
0000002010,2027,9000000007,00000000002020,M,,,426
0000002010,2027,9000000008,00000000002020,M,,,0
0000002010,2027,9000000009,00000000002020,M,,,59
0000002010,2027,9000000011,00000000002020,M,,,18
0000002010,2027,9000000012,00000000002020,M,,,875
0000002020,2026,9000000003,00000000002020,M,,,52
0000002020,2026,9000000004,00000000002020,M,,,94
0000002020,2026,9000000005,00000000002020,M,,,37
0000002020,2026,9000000006,00000000002020,M,,,50
0000002020,2026,9000000007,00000000002020,M,,,94
0000002020,2026,9000000008,00000000002020,M,,,36
0000002020,2026,9000000009,00000000002020,M,,,15
0000002020,2026,9000000010,00000000002020,M,,,91
0000002020,2026,9000000011,00000000002020,M,,,23
0000002020,2026,9000000012,00000000002020,M,,,137
0000002020,2027,9000000003,00000000002020,M,,,57
0000002020,2027,9000000004,00000000002020,M,,,77
0000002020,2027,9000000005,00000000002020,M,,,35
0000002020,2027,9000000006,00000000002020,M,,,40
0000002020,2027,9000000007,00000000002020,M,,,91
0000002020,2027,9000000008,00000000002020,M,,,37
0000002020,2027,9000000009,00000000002020,M,,,11
0000002020,2027,9000000010,00000000002020,M,,,73
0000002020,2027,9000000011,00000000002020,M,,,25
0000002020,2027,9000000012,00000000002020,M,,,161
0000002020,2028,9000000003,00000000002020,M,,,13
0000002020,2028,9000000003,00000000002020,M,,,33
0000002020,2028,9000000004,00000000002020,M,,,14
0000002020,2028,9000000004,00000000002020,M,,,44
0000002020,2028,9000000005,00000000002020,M,,,8
0000002020,2028,9000000005,00000000002020,M,,,23
0000002020,2028,9000000006,00000000002020,M,,,7
0000002020,2028,9000000006,00000000002020,M,,,21
0000002020,2028,9000000007,00000000002020,M,,,23
0000002020,2028,9000000007,00000000002020,M,,,70
0000002020,2028,9000000008,00000000002020,M,,,9
0000002020,2028,9000000008,00000000002020,M,,,29
0000002020,2028,9000000009,00000000002020,M,,,1
0000002020,2028,9000000009,00000000002020,M,,,3
0000002020,2028,9000000010,00000000002020,M,,,14
0000002020,2028,9000000010,00000000002020,M,,,43
0000002020,2028,9000000011,00000000002020,M,,,4
0000002020,2028,9000000011,00000000002020,M,,,13
0000002020,2028,9000000012,00000000002020,M,,,31
0000002020,2028,9000000012,00000000002020,M,,,96
0000002020,2029,9000000003,00000000002020,M,,,32
0000002020,2029,9000000004,00000000002020,M,,,64
0000002020,2029,9000000005,00000000002020,M,,,31
0000002020,2029,9000000006,00000000002020,M,,,26
0000002020,2029,9000000007,00000000002020,M,,,85
0000002020,2029,9000000008,00000000002020,M,,,29
0000002020,2029,9000000009,00000000002020,M,,,0
0000002020,2029,9000000010,00000000002020,M,,,70
0000002020,2029,9000000011,00000000002020,M,,,13
0000002020,2029,9000000012,00000000002020,M,,,128
0000002020,2030,9000000003,00000000002020,M,,,40
0000002020,2030,9000000004,00000000002020,M,,,59
0000002020,2030,9000000005,00000000002020,M,,,28
0000002020,2030,9000000006,00000000002020,M,,,25
0000002020,2030,9000000007,00000000002020,M,,,69
0000002020,2030,9000000008,00000000002020,M,,,38
0000002020,2030,9000000010,00000000002020,M,,,78
0000002020,2030,9000000011,00000000002020,M,,,9
0000002020,2030,9000000012,00000000002020,M,,,89
0000002020,2031,9000000003,00000000002020,M,,,31
0000002020,2031,9000000004,00000000002020,M,,,54
0000002020,2031,9000000005,00000000002020,M,,,29
0000002020,2031,9000000006,00000000002020,M,,,22
0000002020,2031,9000000007,00000000002020,M,,,58
0000002020,2031,9000000008,00000000002020,M,,,36
0000002020,2031,9000000010,00000000002020,M,,,84
0000002020,2031,9000000011,00000000002020,M,,,7
0000002020,2031,9000000012,00000000002020,M,,,93
0000002020,2032,9000000003,00000000002020,M,,,32
0000002020,2032,9000000004,00000000002020,M,,,52
0000002020,2032,9000000005,00000000002020,M,,,27
0000002020,2032,9000000006,00000000002020,M,,,16
0000002020,2032,9000000007,00000000002020,M,,,55
0000002020,2032,9000000008,00000000002020,M,,,26
0000002020,2032,9000000010,00000000002020,M,,,89
0000002020,2032,9000000011,00000000002020,M,,,5
0000002020,2032,9000000012,00000000002020,M,,,71
0000002020,2033,9000000003,00000000002020,M,,,29
0000002020,2033,9000000004,00000000002020,M,,,48
0000002020,2033,9000000005,00000000002020,M,,,28
0000002020,2033,9000000006,00000000002020,M,,,14
0000002020,2033,9000000007,00000000002020,M,,,45
0000002020,2033,9000000008,00000000002020,M,,,26
0000002020,2033,9000000010,00000000002020,M,,,99
0000002020,2033,9000000011,00000000002020,M,,,6
0000002020,2033,9000000012,00000000002020,M,,,60
0000002020,2034,9000000003,00000000002020,M,,,17
0000002020,2034,9000000004,00000000002020,M,,,46
0000002020,2034,9000000005,00000000002020,M,,,30
0000002020,2034,9000000006,00000000002020,M,,,12
0000002020,2034,9000000007,00000000002020,M,,,39
0000002020,2034,9000000008,00000000002020,M,,,25
0000002020,2034,9000000010,00000000002020,M,,,113
0000002020,2034,9000000012,00000000002020,M,,,39
0000002020,2035,9000000003,00000000002020,M,,,12
0000002020,2035,9000000004,00000000002020,M,,,41
0000002020,2035,9000000005,00000000002020,M,,,31
0000002020,2035,9000000006,00000000002020,M,,,12
0000002020,2035,9000000007,00000000002020,M,,,33
0000002020,2035,9000000008,00000000002020,M,,,24
0000002020,2035,9000000010,00000000002020,M,,,101
0000002020,2035,9000000012,00000000002020,M,,,38
0000002020,2036,9000000003,00000000002020,M,,,4
0000002020,2036,9000000004,00000000002020,M,,,39
0000002020,2036,9000000005,00000000002020,M,,,30
0000002020,2036,9000000006,00000000002020,M,,,11
0000002020,2036,9000000007,00000000002020,M,,,27
0000002020,2036,9000000008,00000000002020,M,,,23
0000002020,2036,9000000010,00000000002020,M,,,94
0000002020,2036,9000000012,00000000002020,M,,,33
0000002020,2037,9000000003,00000000002020,M,,,1
0000002020,2037,9000000004,00000000002020,M,,,37
0000002020,2037,9000000005,00000000002020,M,,,62
0000002020,2037,9000000006,00000000002020,M,,,3
0000002020,2037,9000000007,00000000002020,M,,,22
0000002020,2037,9000000008,00000000002020,M,,,21
0000002020,2037,9000000010,00000000002020,M,,,93
0000002020,2037,9000000012,00000000002020,M,,,29
0000002020,2038,9000000003,00000000002020,M,,,1
0000002020,2038,9000000004,00000000002020,M,,,39
0000002020,2038,9000000005,00000000002020,M,,,31
0000002020,2038,9000000007,00000000002020,M,,,18
0000002020,2038,9000000008,00000000002020,M,,,19
0000002020,2038,9000000010,00000000002020,M,,,89
0000002020,2038,9000000012,00000000002020,M,,,23
0000002020,2039,9000000003,00000000002020,M,,,0
0000002020,2039,9000000004,00000000002020,M,,,36
0000002020,2039,9000000005,00000000002020,M,,,29
0000002020,2039,9000000007,00000000002020,M,,,16
0000002020,2039,9000000008,00000000002020,M,,,18
0000002020,2039,9000000010,00000000002020,M,,,99
0000002020,2039,9000000012,00000000002020,M,,,17
0000002020,2040,9000000003,00000000002020,M,,,0
0000002020,2040,9000000004,00000000002020,M,,,33
0000002020,2040,9000000005,00000000002020,M,,,37
0000002020,2040,9000000007,00000000002020,M,,,14
0000002020,2040,9000000010,00000000002020,M,,,93
0000002020,2040,9000000012,00000000002020,M,,,14
0000002030,2026,9000000003,00000000002020,M,,,19193
0000002030,2026,9000000004,00000000002020,M,,,34637
0000002030,2026,9000000005,00000000002020,M,,,13729
0000002030,2026,9000000006,00000000002020,M,,,18655
0000002030,2026,9000000007,00000000002020,M,,,34535
0000002030,2026,9000000008,00000000002020,M,,,13304
0000002030,2026,9000000009,00000000002020,M,,,5710
0000002030,2026,9000000010,00000000002020,M,,,33456
0000002030,2026,9000000011,00000000002020,M,,,8513
0000002030,2026,9000000012,00000000002020,M,,,50477
0000002030,2027,9000000003,00000000002020,M,,,21040
0000002030,2027,9000000004,00000000002020,M,,,28450
0000002030,2027,9000000005,00000000002020,M,,,12914
0000002030,2027,9000000006,00000000002020,M,,,14802
0000002030,2027,9000000007,00000000002020,M,,,33262
0000002030,2027,9000000008,00000000002020,M,,,13558
0000002030,2027,9000000009,00000000002020,M,,,4044
0000002030,2027,9000000010,00000000002020,M,,,26690
0000002030,2027,9000000011,00000000002020,M,,,9190
0000002030,2027,9000000012,00000000002020,M,,,59101
0000002030,2028,9000000003,00000000002020,M,,,5
0000002030,2028,9000000003,00000000002020,M,,,12
0000002030,2028,9000000004,00000000002020,M,,,5
0000002030,2028,9000000004,00000000002020,M,,,16
0000002030,2028,9000000005,00000000002020,M,,,2
0000002030,2028,9000000005,00000000002020,M,,,8
0000002030,2028,9000000006,00000000002020,M,,,2
0000002030,2028,9000000006,00000000002020,M,,,7
0000002030,2028,9000000007,00000000002020,M,,,8
0000002030,2028,9000000007,00000000002020,M,,,25
0000002030,2028,9000000008,00000000002020,M,,,3
0000002030,2028,9000000008,00000000002020,M,,,10
0000002030,2028,9000000009,00000000002020,M,,,0
0000002030,2028,9000000009,00000000002020,M,,,1
0000002030,2028,9000000010,00000000002020,M,,,5
0000002030,2028,9000000010,00000000002020,M,,,15
0000002030,2028,9000000011,00000000002020,M,,,1
0000002030,2028,9000000011,00000000002020,M,,,4
0000002030,2028,9000000012,00000000002020,M,,,11
0000002030,2028,9000000012,00000000002020,M,,,35
0000002030,2029,9000000003,00000000002020,M,,,11
0000002030,2029,9000000004,00000000002020,M,,,23
0000002030,2029,9000000005,00000000002020,M,,,11
0000002030,2029,9000000006,00000000002020,M,,,9
0000002030,2029,9000000007,00000000002020,M,,,31
0000002030,2029,9000000008,00000000002020,M,,,10
0000002030,2029,9000000009,00000000002020,M,,,0
0000002030,2029,9000000010,00000000002020,M,,,25
0000002030,2029,9000000011,00000000002020,M,,,5
0000002030,2029,9000000012,00000000002020,M,,,46
0000002030,2030,9000000003,00000000002020,M,,,14
0000002030,2030,9000000004,00000000002020,M,,,21
0000002030,2030,9000000005,00000000002020,M,,,10
0000002030,2030,9000000006,00000000002020,M,,,9
0000002030,2030,9000000007,00000000002020,M,,,25
0000002030,2030,9000000008,00000000002020,M,,,14
0000002030,2030,9000000010,00000000002020,M,,,28
0000002030,2030,9000000011,00000000002020,M,,,3
0000002030,2030,9000000012,00000000002020,M,,,32
0000002030,2031,9000000003,00000000002020,M,,,11
0000002030,2031,9000000004,00000000002020,M,,,19
0000002030,2031,9000000005,00000000002020,M,,,10
0000002030,2031,9000000006,00000000002020,M,,,8
0000002030,2031,9000000007,00000000002020,M,,,21
0000002030,2031,9000000008,00000000002020,M,,,13
0000002030,2031,9000000010,00000000002020,M,,,30
0000002030,2031,9000000011,00000000002020,M,,,2
0000002030,2031,9000000012,00000000002020,M,,,34
0000002030,2032,9000000003,00000000002020,M,,,12
0000002030,2032,9000000004,00000000002020,M,,,19
0000002030,2032,9000000005,00000000002020,M,,,10
0000002030,2032,9000000006,00000000002020,M,,,6
0000002030,2032,9000000007,00000000002020,M,,,20
0000002030,2032,9000000008,00000000002020,M,,,9
0000002030,2032,9000000010,00000000002020,M,,,32
0000002030,2032,9000000011,00000000002020,M,,,2
0000002030,2032,9000000012,00000000002020,M,,,26
0000002030,2033,9000000003,00000000002020,M,,,10
0000002030,2033,9000000004,00000000002020,M,,,17
0000002030,2033,9000000005,00000000002020,M,,,10
0000002030,2033,9000000006,00000000002020,M,,,5
0000002030,2033,9000000007,00000000002020,M,,,16
0000002030,2033,9000000008,00000000002020,M,,,9
0000002030,2033,9000000010,00000000002020,M,,,36
0000002030,2033,9000000011,00000000002020,M,,,2
0000002030,2033,9000000012,00000000002020,M,,,22
0000002030,2034,9000000003,00000000002020,M,,,6
0000002030,2034,9000000004,00000000002020,M,,,16
0000002030,2034,9000000005,00000000002020,M,,,11
0000002030,2034,9000000006,00000000002020,M,,,4
0000002030,2034,9000000007,00000000002020,M,,,14
0000002030,2034,9000000008,00000000002020,M,,,9
0000002030,2034,9000000010,00000000002020,M,,,41
0000002030,2034,9000000012,00000000002020,M,,,14
0000002030,2035,9000000003,00000000002020,M,,,4
0000002030,2035,9000000004,00000000002020,M,,,15
0000002030,2035,9000000005,00000000002020,M,,,11
0000002030,2035,9000000006,00000000002020,M,,,4
0000002030,2035,9000000007,00000000002020,M,,,12
0000002030,2035,9000000008,00000000002020,M,,,9
0000002030,2035,9000000010,00000000002020,M,,,37
0000002030,2035,9000000012,00000000002020,M,,,13
0000002030,2036,9000000003,00000000002020,M,,,1
0000002030,2036,9000000004,00000000002020,M,,,14
0000002030,2036,9000000005,00000000002020,M,,,11
0000002030,2036,9000000006,00000000002020,M,,,4
0000002030,2036,9000000007,00000000002020,M,,,9
0000002030,2036,9000000008,00000000002020,M,,,8
0000002030,2036,9000000010,00000000002020,M,,,34
0000002030,2036,9000000012,00000000002020,M,,,12
0000002030,2037,9000000003,00000000002020,M,,,0
0000002030,2037,9000000004,00000000002020,M,,,13
0000002030,2037,9000000005,00000000002020,M,,,22
0000002030,2037,9000000006,00000000002020,M,,,1
0000002030,2037,9000000007,00000000002020,M,,,8
0000002030,2037,9000000008,00000000002020,M,,,7
0000002030,2037,9000000010,00000000002020,M,,,34
0000002030,2037,9000000012,00000000002020,M,,,10
0000002030,2038,9000000003,00000000002020,M,,,0
0000002030,2038,9000000004,00000000002020,M,,,14
0000002030,2038,9000000005,00000000002020,M,,,11
0000002030,2038,9000000007,00000000002020,M,,,6
0000002030,2038,9000000008,00000000002020,M,,,7
0000002030,2038,9000000010,00000000002020,M,,,32
0000002030,2038,9000000012,00000000002020,M,,,8
0000002030,2039,9000000003,00000000002020,M,,,0
0000002030,2039,9000000004,00000000002020,M,,,13
0000002030,2039,9000000005,00000000002020,M,,,10
0000002030,2039,9000000007,00000000002020,M,,,5
0000002030,2039,9000000008,00000000002020,M,,,6
0000002030,2039,9000000010,00000000002020,M,,,36
0000002030,2039,9000000012,00000000002020,M,,,6
0000002030,2040,9000000003,00000000002020,M,,,0
0000002030,2040,9000000004,00000000002020,M,,,12
0000002030,2040,9000000005,00000000002020,M,,,13
0000002030,2040,9000000007,00000000002020,M,,,5
0000002030,2040,9000000010,00000000002020,M,,,34
0000002030,2040,9000000012,00000000002020,M,,,5
0000002840,2026,9000000007,00000000002020,M,,,-1
0000002840,2026,9000000009,00000000002020,M,,,571
0000002840,2027,9000000007,00000000002020,M,,,-9
0000002840,2027,9000000008,00000000002020,M,,,-3
0000002840,2027,9000000010,00000000002020,M,,,0
0000002840,2028,9000000005,00000000002020,M,,,0
0000002840,2028,9000000006,00000000002020,M,,,-1
0000002840,2028,9000000008,00000000002020,M,,,0
0000002840,2028,9000000011,00000000002020,M,,,0
0000003220,2026,9000000003,00000000002020,M,,,44
0000003220,2026,9000000004,00000000002020,M,,,43
0000003220,2026,9000000005,00000000002020,M,,,43
0000003220,2026,9000000006,00000000002020,M,,,43
0000003220,2026,9000000007,00000000002020,M,,,44
0000003220,2026,9000000008,00000000002020,M,,,43
0000003220,2026,9000000009,00000000002020,M,,,41
0000003220,2026,9000000010,00000000002020,M,,,38
0000003220,2026,9000000011,00000000002020,M,,,43
0000003220,2026,9000000012,00000000002020,M,,,20
0000003220,2027,9000000003,00000000002020,M,,,53
0000003220,2027,9000000004,00000000002020,M,,,54
0000003220,2027,9000000005,00000000002020,M,,,54
0000003220,2027,9000000006,00000000002020,M,,,53
0000003220,2027,9000000007,00000000002020,M,,,54
0000003220,2027,9000000008,00000000002020,M,,,54
0000003220,2027,9000000009,00000000002020,M,,,55
0000003220,2027,9000000010,00000000002020,M,,,53
0000003220,2027,9000000011,00000000002020,M,,,54
0000003220,2027,9000000012,00000000002020,M,,,40
0000003220,2028,9000000003,00000000002020,M,,,66
0000003220,2028,9000000003,00000000002020,M,,,200
0000003220,2028,9000000004,00000000002020,M,,,66
0000003220,2028,9000000004,00000000002020,M,,,200
0000003220,2028,9000000005,00000000002020,M,,,66
0000003220,2028,9000000005,00000000002020,M,,,200
0000003220,2028,9000000006,00000000002020,M,,,66
0000003220,2028,9000000006,00000000002020,M,,,200
0000003220,2028,9000000007,00000000002020,M,,,66
0000003220,2028,9000000007,00000000002020,M,,,200
0000003220,2028,9000000008,00000000002020,M,,,66
0000003220,2028,9000000008,00000000002020,M,,,200
0000003220,2028,9000000009,00000000002020,M,,,66
0000003220,2028,9000000009,00000000002020,M,,,200
0000003220,2028,9000000010,00000000002020,M,,,66
0000003220,2028,9000000010,00000000002020,M,,,200
0000003220,2028,9000000011,00000000002020,M,,,66
0000003220,2028,9000000011,00000000002020,M,,,200
0000003220,2028,9000000012,00000000002020,M,,,64
0000003220,2028,9000000012,00000000002020,M,,,202
0000003220,2029,9000000003,00000000002020,M,,,228
0000003220,2029,9000000004,00000000002020,M,,,228
0000003220,2029,9000000005,00000000002020,M,,,228
0000003220,2029,9000000006,00000000002020,M,,,228
0000003220,2029,9000000007,00000000002020,M,,,228
0000003220,2029,9000000008,00000000002020,M,,,228
0000003220,2029,9000000009,00000000002020,M,,,228
0000003220,2029,9000000010,00000000002020,M,,,228
0000003220,2029,9000000011,00000000002020,M,,,228
0000003220,2029,9000000012,00000000002020,M,,,232
0000003220,2030,9000000003,00000000002020,M,,,58
0000003220,2030,9000000004,00000000002020,M,,,58
0000003220,2030,9000000005,00000000002020,M,,,58
0000003220,2030,9000000006,00000000002020,M,,,58
0000003220,2030,9000000007,00000000002020,M,,,58
0000003220,2030,9000000008,00000000002020,M,,,58
0000003220,2030,9000000009,00000000002020,M,,,58
0000003220,2030,9000000010,00000000002020,M,,,58
0000003220,2030,9000000011,00000000002020,M,,,58
0000003220,2030,9000000012,00000000002020,M,,,59
0000003220,2031,9000000003,00000000002020,M,,,59
0000003220,2031,9000000004,00000000002020,M,,,59
0000003220,2031,9000000005,00000000002020,M,,,59
0000003220,2031,9000000006,00000000002020,M,,,59
0000003220,2031,9000000007,00000000002020,M,,,59
0000003220,2031,9000000008,00000000002020,M,,,59
0000003220,2031,9000000009,00000000002020,M,,,59
0000003220,2031,9000000010,00000000002020,M,,,59
0000003220,2031,9000000011,00000000002020,M,,,59
0000003220,2031,9000000012,00000000002020,M,,,60
0000003220,2032,9000000003,00000000002020,M,,,60
0000003220,2032,9000000004,00000000002020,M,,,60
0000003220,2032,9000000005,00000000002020,M,,,60
0000003220,2032,9000000006,00000000002020,M,,,60
0000003220,2032,9000000007,00000000002020,M,,,60
0000003220,2032,9000000008,00000000002020,M,,,60
0000003220,2032,9000000009,00000000002020,M,,,60
0000003220,2032,9000000010,00000000002020,M,,,60
0000003220,2032,9000000011,00000000002020,M,,,60
0000003220,2032,9000000012,00000000002020,M,,,61
0000003220,2033,9000000003,00000000002020,M,,,61
0000003220,2033,9000000004,00000000002020,M,,,61
0000003220,2033,9000000005,00000000002020,M,,,61
0000003220,2033,9000000006,00000000002020,M,,,61
0000003220,2033,9000000007,00000000002020,M,,,61
0000003220,2033,9000000008,00000000002020,M,,,61
0000003220,2033,9000000009,00000000002020,M,,,61
0000003220,2033,9000000010,00000000002020,M,,,61
0000003220,2033,9000000011,00000000002020,M,,,61
0000003220,2033,9000000012,00000000002020,M,,,62
0000003220,2034,9000000003,00000000002020,M,,,63
0000003220,2034,9000000004,00000000002020,M,,,63
0000003220,2034,9000000005,00000000002020,M,,,63
0000003220,2034,9000000006,00000000002020,M,,,63
0000003220,2034,9000000007,00000000002020,M,,,63
0000003220,2034,9000000008,00000000002020,M,,,63
0000003220,2034,9000000009,00000000002020,M,,,63
0000003220,2034,9000000010,00000000002020,M,,,63
0000003220,2034,9000000011,00000000002020,M,,,63
0000003220,2034,9000000012,00000000002020,M,,,64
0000003220,2035,9000000003,00000000002020,M,,,64
0000003220,2035,9000000004,00000000002020,M,,,64
0000003220,2035,9000000005,00000000002020,M,,,64
0000003220,2035,9000000006,00000000002020,M,,,64
0000003220,2035,9000000007,00000000002020,M,,,64
0000003220,2035,9000000008,00000000002020,M,,,64
0000003220,2035,9000000009,00000000002020,M,,,64
0000003220,2035,9000000010,00000000002020,M,,,64
0000003220,2035,9000000011,00000000002020,M,,,64
0000003220,2035,9000000012,00000000002020,M,,,65
0000003220,2036,9000000003,00000000002020,M,,,65
0000003220,2036,9000000004,00000000002020,M,,,65
0000003220,2036,9000000005,00000000002020,M,,,65
0000003220,2036,9000000006,00000000002020,M,,,65
0000003220,2036,9000000007,00000000002020,M,,,65
0000003220,2036,9000000008,00000000002020,M,,,65
0000003220,2036,9000000009,00000000002020,M,,,65
0000003220,2036,9000000010,00000000002020,M,,,65
0000003220,2036,9000000011,00000000002020,M,,,65
0000003220,2036,9000000012,00000000002020,M,,,66
0000003220,2037,9000000003,00000000002020,M,,,67
0000003220,2037,9000000004,00000000002020,M,,,67
0000003220,2037,9000000005,00000000002020,M,,,67
0000003220,2037,9000000006,00000000002020,M,,,67
0000003220,2037,9000000007,00000000002020,M,,,67
0000003220,2037,9000000008,00000000002020,M,,,67
0000003220,2037,9000000009,00000000002020,M,,,67
0000003220,2037,9000000010,00000000002020,M,,,67
0000003220,2037,9000000011,00000000002020,M,,,67
0000003220,2037,9000000012,00000000002020,M,,,67
0000003220,2038,9000000003,00000000002020,M,,,68
0000003220,2038,9000000004,00000000002020,M,,,68
0000003220,2038,9000000005,00000000002020,M,,,68
0000003220,2038,9000000006,00000000002020,M,,,68
0000003220,2038,9000000007,00000000002020,M,,,68
0000003220,2038,9000000008,00000000002020,M,,,68
0000003220,2038,9000000009,00000000002020,M,,,68
0000003220,2038,9000000010,00000000002020,M,,,68
0000003220,2038,9000000011,00000000002020,M,,,68
0000003220,2038,9000000012,00000000002020,M,,,69
0000003220,2039,9000000003,00000000002020,M,,,69
0000003220,2039,9000000004,00000000002020,M,,,69
0000003220,2039,9000000005,00000000002020,M,,,69
0000003220,2039,9000000006,00000000002020,M,,,69
0000003220,2039,9000000007,00000000002020,M,,,69
0000003220,2039,9000000008,00000000002020,M,,,69
0000003220,2039,9000000009,00000000002020,M,,,69
0000003220,2039,9000000010,00000000002020,M,,,69
0000003220,2039,9000000011,00000000002020,M,,,69
0000003220,2039,9000000012,00000000002020,M,,,70
0000003220,2040,9000000003,00000000002020,M,,,71
0000003220,2040,9000000004,00000000002020,M,,,71
0000003220,2040,9000000005,00000000002020,M,,,71
0000003220,2040,9000000006,00000000002020,M,,,71
0000003220,2040,9000000007,00000000002020,M,,,71
0000003220,2040,9000000008,00000000002020,M,,,71
0000003220,2040,9000000009,00000000002020,M,,,71
0000003220,2040,9000000010,00000000002020,M,,,71
0000003220,2040,9000000011,00000000002020,M,,,71
0000003220,2040,9000000012,00000000002020,M,,,72
0000003250,2026,9000000003,00000000002020,M,,,-4
0000003250,2026,9000000004,00000000002020,M,,,3
0000003250,2026,9000000005,00000000002020,M,,,0
0000003250,2026,9000000006,00000000002020,M,,,-7
0000003250,2026,9000000007,00000000002020,M,,,-5
0000003250,2026,9000000008,00000000002020,M,,,-17
0000003250,2026,9000000009,00000000002020,M,,,-2
0000003250,2026,9000000010,00000000002020,M,,,-271
0000003250,2026,9000000011,00000000002020,M,,,3
0000003250,2027,9000000003,00000000002020,M,,,76
0000003250,2027,9000000004,00000000002020,M,,,1
0000003250,2027,9000000005,00000000002020,M,,,6
0000003250,2027,9000000006,00000000002020,M,,,0
0000003250,2027,9000000007,00000000002020,M,,,3
0000003250,2027,9000000008,00000000002020,M,,,-13
0000003250,2027,9000000009,00000000002020,M,,,-21
0000003250,2027,9000000010,00000000002020,M,,,-28
0000003250,2027,9000000011,00000000002020,M,,,-3
0000003250,2027,9000000012,00000000002020,M,,,1
0000003250,2028,9000000003,00000000002020,M,,,-5
0000003250,2028,9000000003,00000000002020,M,,,-6
0000003250,2028,9000000004,00000000002020,M,,,0
0000003250,2028,9000000004,00000000002020,M,,,4
0000003250,2028,9000000005,00000000002020,M,,,2
0000003250,2028,9000000005,00000000002020,M,,,4
0000003250,2028,9000000006,00000000002020,M,,,-2
0000003250,2028,9000000006,00000000002020,M,,,-1
0000003250,2028,9000000007,00000000002020,M,,,1
0000003250,2028,9000000007,00000000002020,M,,,1
0000003250,2028,9000000008,00000000002020,M,,,-3
0000003250,2028,9000000008,00000000002020,M,,,-14
0000003250,2028,9000000009,00000000002020,M,,,-29
0000003250,2028,9000000010,00000000002020,M,,,-7
0000003250,2028,9000000010,00000000002020,M,,,-21
0000003250,2028,9000000011,00000000002020,M,,,-1
0000003250,2028,9000000011,00000000002020,M,,,-4
0000003250,2029,9000000003,00000000002020,M,,,-7
0000003250,2029,9000000004,00000000002020,M,,,9
0000003250,2029,9000000005,00000000002020,M,,,13
0000003250,2029,9000000006,00000000002020,M,,,-3
0000003250,2029,9000000007,00000000002020,M,,,2
0000003250,2029,9000000008,00000000002020,M,,,-22
0000003250,2029,9000000010,00000000002020,M,,,-28
0000003250,2029,9000000011,00000000002020,M,,,-2
0000003250,2030,9000000003,00000000002020,M,,,-2
0000003250,2030,9000000004,00000000002020,M,,,3
0000003250,2030,9000000005,00000000002020,M,,,4
0000003250,2030,9000000006,00000000002020,M,,,-1
0000003250,2030,9000000007,00000000002020,M,,,0
0000003250,2030,9000000008,00000000002020,M,,,-7
0000003250,2030,9000000010,00000000002020,M,,,-7
0000003250,2030,9000000011,00000000002020,M,,,-1
0000003250,2031,9000000003,00000000002020,M,,,-2
0000003250,2031,9000000004,00000000002020,M,,,3
0000003250,2031,9000000005,00000000002020,M,,,4
0000003250,2031,9000000006,00000000002020,M,,,-2
0000003250,2031,9000000007,00000000002020,M,,,0
0000003250,2031,9000000008,00000000002020,M,,,-7
0000003250,2031,9000000010,00000000002020,M,,,-8
0000003250,2031,9000000011,00000000002020,M,,,-1
0000003250,2032,9000000003,00000000002020,M,,,-2
0000003250,2032,9000000004,00000000002020,M,,,3
0000003250,2032,9000000005,00000000002020,M,,,4
0000003250,2032,9000000006,00000000002020,M,,,-2
0000003250,2032,9000000007,00000000002020,M,,,0
0000003250,2032,9000000008,00000000002020,M,,,-7
0000003250,2032,9000000010,00000000002020,M,,,-8
0000003250,2032,9000000011,00000000002020,M,,,0
0000003250,2033,9000000003,00000000002020,M,,,-2
0000003250,2033,9000000004,00000000002020,M,,,3
0000003250,2033,9000000005,00000000002020,M,,,4
0000003250,2033,9000000006,00000000002020,M,,,-3
0000003250,2033,9000000007,00000000002020,M,,,0
0000003250,2033,9000000008,00000000002020,M,,,-5
0000003250,2033,9000000010,00000000002020,M,,,-8
0000003250,2033,9000000011,00000000002020,M,,,0
0000003250,2034,9000000003,00000000002020,M,,,-2
0000003250,2034,9000000004,00000000002020,M,,,1
0000003250,2034,9000000005,00000000002020,M,,,1
0000003250,2034,9000000006,00000000002020,M,,,-3
0000003250,2034,9000000007,00000000002020,M,,,0
0000003250,2034,9000000008,00000000002020,M,,,-5
0000003250,2034,9000000010,00000000002020,M,,,-8
0000003250,2035,9000000003,00000000002020,M,,,-2
0000003250,2035,9000000004,00000000002020,M,,,1
0000003250,2035,9000000005,00000000002020,M,,,1
0000003250,2035,9000000006,00000000002020,M,,,-3
0000003250,2035,9000000007,00000000002020,M,,,0
0000003250,2035,9000000008,00000000002020,M,,,-5
0000003250,2035,9000000010,00000000002020,M,,,-8
0000003250,2036,9000000003,00000000002020,M,,,-2
0000003250,2036,9000000004,00000000002020,M,,,1
0000003250,2036,9000000005,00000000002020,M,,,1
0000003250,2036,9000000006,00000000002020,M,,,-1
0000003250,2036,9000000007,00000000002020,M,,,0
0000003250,2036,9000000008,00000000002020,M,,,-5
0000003250,2036,9000000010,00000000002020,M,,,-8
0000003250,2037,9000000003,00000000002020,M,,,-2
0000003250,2037,9000000004,00000000002020,M,,,1
0000003250,2037,9000000005,00000000002020,M,,,1
0000003250,2037,9000000006,00000000002020,M,,,-1
0000003250,2037,9000000007,00000000002020,M,,,0
0000003250,2037,9000000008,00000000002020,M,,,-5
0000003250,2037,9000000010,00000000002020,M,,,-8
0000003250,2038,9000000003,00000000002020,M,,,-2
0000003250,2038,9000000004,00000000002020,M,,,1
0000003250,2038,9000000005,00000000002020,M,,,1
0000003250,2038,9000000006,00000000002020,M,,,-1
0000003250,2038,9000000007,00000000002020,M,,,0
0000003250,2038,9000000008,00000000002020,M,,,-5
0000003250,2038,9000000010,00000000002020,M,,,-8
0000003250,2039,9000000003,00000000002020,M,,,-2
0000003250,2039,9000000004,00000000002020,M,,,1
0000003250,2039,9000000005,00000000002020,M,,,1
0000003250,2039,9000000006,00000000002020,M,,,-1
0000003250,2039,9000000007,00000000002020,M,,,0
0000003250,2039,9000000008,00000000002020,M,,,-5
0000003250,2039,9000000010,00000000002020,M,,,-8
0000003250,2040,9000000003,00000000002020,M,,,-2
0000003250,2040,9000000004,00000000002020,M,,,1
0000003250,2040,9000000005,00000000002020,M,,,1
0000003250,2040,9000000006,00000000002020,M,,,-1
0000003250,2040,9000000007,00000000002020,M,,,0
0000003250,2040,9000000010,00000000002020,M,,,-8
0000003260,2026,9000000003,00000000002020,M,,,171
0000003260,2026,9000000004,00000000002020,M,,,178
0000003260,2026,9000000005,00000000002020,M,,,175
0000003260,2026,9000000006,00000000002020,M,,,168
0000003260,2026,9000000007,00000000002020,M,,,170
0000003260,2026,9000000008,00000000002020,M,,,157
0000003260,2026,9000000009,00000000002020,M,,,172
0000003260,2026,9000000010,00000000002020,M,,,-96
0000003260,2026,9000000011,00000000002020,M,,,178
0000003260,2026,9000000012,00000000002020,M,,,83
0000003260,2027,9000000003,00000000002020,M,,,293
0000003260,2027,9000000004,00000000002020,M,,,218
0000003260,2027,9000000005,00000000002020,M,,,223
0000003260,2027,9000000006,00000000002020,M,,,216
0000003260,2027,9000000007,00000000002020,M,,,220
0000003260,2027,9000000008,00000000002020,M,,,204
0000003260,2027,9000000009,00000000002020,M,,,196
0000003260,2027,9000000010,00000000002020,M,,,188
0000003260,2027,9000000011,00000000002020,M,,,213
0000003260,2027,9000000012,00000000002020,M,,,169
0000003260,2028,9000000003,00000000002020,M,,,62
0000003260,2028,9000000003,00000000002020,M,,,65
0000003260,2028,9000000004,00000000002020,M,,,68
0000003260,2028,9000000004,00000000002020,M,,,67
0000003260,2028,9000000005,00000000002020,M,,,57
0000003260,2028,9000000005,00000000002020,M,,,67
0000003260,2028,9000000006,00000000002020,M,,,69
0000003260,2028,9000000006,00000000002020,M,,,66
0000003260,2028,9000000007,00000000002020,M,,,68
0000003260,2028,9000000007,00000000002020,M,,,67
0000003260,2028,9000000008,00000000002020,M,,,64
0000003260,2028,9000000008,00000000002020,M,,,62
0000003260,2028,9000000009,00000000002020,M,,,59
0000003260,2028,9000000010,00000000002020,M,,,59
0000003260,2028,9000000010,00000000002020,M,,,59
0000003260,2028,9000000011,00000000002020,M,,,66
0000003260,2028,9000000011,00000000002020,M,,,64
0000003260,2028,9000000012,00000000002020,M,,,0
0000003260,2028,9000000012,00000000002020,M,,,67
0000003260,2029,9000000003,00000000002020,M,,,55
0000003260,2029,9000000004,00000000002020,M,,,59
0000003260,2029,9000000005,00000000002020,M,,,60
0000003260,2029,9000000006,00000000002020,M,,,56
0000003260,2029,9000000007,00000000002020,M,,,57
0000003260,2029,9000000008,00000000002020,M,,,51
0000003260,2029,9000000010,00000000002020,M,,,50
0000003260,2029,9000000011,00000000002020,M,,,55
0000003260,2029,9000000012,00000000002020,M,,,58
0000003260,2030,9000000003,00000000002020,M,,,56
0000003260,2030,9000000004,00000000002020,M,,,61
0000003260,2030,9000000005,00000000002020,M,,,63
0000003260,2030,9000000006,00000000002020,M,,,57
0000003260,2030,9000000007,00000000002020,M,,,58
0000003260,2030,9000000008,00000000002020,M,,,52
0000003260,2030,9000000010,00000000002020,M,,,51
0000003260,2030,9000000011,00000000002020,M,,,58
0000003260,2030,9000000012,00000000002020,M,,,59
0000003260,2031,9000000003,00000000002020,M,,,57
0000003260,2031,9000000004,00000000002020,M,,,63
0000003260,2031,9000000005,00000000002020,M,,,64
0000003260,2031,9000000006,00000000002020,M,,,58
0000003260,2031,9000000007,00000000002020,M,,,60
0000003260,2031,9000000008,00000000002020,M,,,53
0000003260,2031,9000000010,00000000002020,M,,,52
0000003260,2031,9000000011,00000000002020,M,,,59
0000003260,2031,9000000012,00000000002020,M,,,60
0000003260,2032,9000000003,00000000002020,M,,,58
0000003260,2032,9000000004,00000000002020,M,,,64
0000003260,2032,9000000005,00000000002020,M,,,65
0000003260,2032,9000000006,00000000002020,M,,,59
0000003260,2032,9000000007,00000000002020,M,,,61
0000003260,2032,9000000008,00000000002020,M,,,54
0000003260,2032,9000000010,00000000002020,M,,,53
0000003260,2032,9000000011,00000000002020,M,,,60
0000003260,2032,9000000012,00000000002020,M,,,61
0000003260,2033,9000000003,00000000002020,M,,,60
0000003260,2033,9000000004,00000000002020,M,,,65
0000003260,2033,9000000005,00000000002020,M,,,66
0000003260,2033,9000000006,00000000002020,M,,,59
0000003260,2033,9000000007,00000000002020,M,,,62
0000003260,2033,9000000008,00000000002020,M,,,57
0000003260,2033,9000000010,00000000002020,M,,,54
0000003260,2033,9000000011,00000000002020,M,,,62
0000003260,2033,9000000012,00000000002020,M,,,62
0000003260,2034,9000000003,00000000002020,M,,,61
0000003260,2034,9000000004,00000000002020,M,,,64
0000003260,2034,9000000005,00000000002020,M,,,65
0000003260,2034,9000000006,00000000002020,M,,,61
0000003260,2034,9000000007,00000000002020,M,,,63
0000003260,2034,9000000008,00000000002020,M,,,58
0000003260,2034,9000000010,00000000002020,M,,,56
0000003260,2034,9000000012,00000000002020,M,,,64
0000003260,2035,9000000003,00000000002020,M,,,62
0000003260,2035,9000000004,00000000002020,M,,,65
0000003260,2035,9000000005,00000000002020,M,,,66
0000003260,2035,9000000006,00000000002020,M,,,62
0000003260,2035,9000000007,00000000002020,M,,,64
0000003260,2035,9000000008,00000000002020,M,,,60
0000003260,2035,9000000010,00000000002020,M,,,57
0000003260,2035,9000000012,00000000002020,M,,,65
0000003260,2036,9000000003,00000000002020,M,,,63
0000003260,2036,9000000004,00000000002020,M,,,67
0000003260,2036,9000000005,00000000002020,M,,,67
0000003260,2036,9000000006,00000000002020,M,,,65
0000003260,2036,9000000007,00000000002020,M,,,66
0000003260,2036,9000000008,00000000002020,M,,,61
0000003260,2036,9000000010,00000000002020,M,,,58
0000003260,2036,9000000012,00000000002020,M,,,66
0000003260,2037,9000000003,00000000002020,M,,,65
0000003260,2037,9000000004,00000000002020,M,,,68
0000003260,2037,9000000005,00000000002020,M,,,68
0000003260,2037,9000000006,00000000002020,M,,,66
0000003260,2037,9000000007,00000000002020,M,,,67
0000003260,2037,9000000008,00000000002020,M,,,62
0000003260,2037,9000000010,00000000002020,M,,,60
0000003260,2037,9000000012,00000000002020,M,,,67
0000003260,2038,9000000003,00000000002020,M,,,66
0000003260,2038,9000000004,00000000002020,M,,,69
0000003260,2038,9000000005,00000000002020,M,,,70
0000003260,2038,9000000007,00000000002020,M,,,68
0000003260,2038,9000000008,00000000002020,M,,,64
0000003260,2038,9000000010,00000000002020,M,,,61
0000003260,2038,9000000012,00000000002020,M,,,69
0000003260,2039,9000000003,00000000002020,M,,,68
0000003260,2039,9000000004,00000000002020,M,,,71
0000003260,2039,9000000005,00000000002020,M,,,71
0000003260,2039,9000000007,00000000002020,M,,,70
0000003260,2039,9000000008,00000000002020,M,,,65
0000003260,2039,9000000010,00000000002020,M,,,62
0000003260,2039,9000000012,00000000002020,M,,,70
0000003260,2040,9000000003,00000000002020,M,,,69
0000003260,2040,9000000004,00000000002020,M,,,72
0000003260,2040,9000000005,00000000002020,M,,,73
0000003260,2040,9000000007,00000000002020,M,,,71
0000003260,2040,9000000010,00000000002020,M,,,64
0000003260,2040,9000000012,00000000002020,M,,,72
0000003270,2026,9000000007,00000000002020,M,,,29
0000003270,2026,9000000009,00000000002020,M,,,28
0000003270,2026,9000000011,00000000002020,M,,,26
0000003270,2027,9000000007,00000000002020,M,,,39
0000003270,2027,9000000009,00000000002020,M,,,41
0000003270,2027,9000000011,00000000002020,M,,,36
0000003270,2027,9000000012,00000000002020,M,,,16
0000003270,2028,9000000007,00000000002020,M,,,44
0000003270,2028,9000000007,00000000002020,M,,,132
0000003270,2028,9000000009,00000000002020,M,,,68
0000003270,2028,9000000009,00000000002020,M,,,195
0000003270,2028,9000000011,00000000002020,M,,,39
0000003270,2028,9000000011,00000000002020,M,,,124
0000003270,2028,9000000012,00000000002020,M,,,46
0000003270,2028,9000000012,00000000002020,M,,,86
0000003270,2029,9000000007,00000000002020,M,,,152
0000003270,2029,9000000009,00000000002020,M,,,223
0000003270,2029,9000000011,00000000002020,M,,,142
0000003270,2029,9000000012,00000000002020,M,,,101
0000003270,2030,9000000007,00000000002020,M,,,37
0000003270,2030,9000000011,00000000002020,M,,,35
0000003270,2030,9000000012,00000000002020,M,,,32
0000003270,2031,9000000007,00000000002020,M,,,38
0000003270,2031,9000000011,00000000002020,M,,,36
0000003270,2031,9000000012,00000000002020,M,,,22
0000003270,2032,9000000007,00000000002020,M,,,37
0000003270,2032,9000000011,00000000002020,M,,,34
0000003270,2032,9000000012,00000000002020,M,,,17
0000003270,2033,9000000007,00000000002020,M,,,35
0000003270,2033,9000000011,00000000002020,M,,,33
0000003270,2033,9000000012,00000000002020,M,,,13
0000003270,2034,9000000007,00000000002020,M,,,34
0000003270,2034,9000000011,00000000002020,M,,,32
0000003270,2034,9000000012,00000000002020,M,,,16
0000003270,2035,9000000007,00000000002020,M,,,37
0000003270,2035,9000000011,00000000002020,M,,,35
0000003270,2035,9000000012,00000000002020,M,,,16
0000003270,2036,9000000007,00000000002020,M,,,41
0000003270,2036,9000000011,00000000002020,M,,,39
0000003270,2036,9000000012,00000000002020,M,,,16
0000003270,2037,9000000007,00000000002020,M,,,42
0000003270,2037,9000000011,00000000002020,M,,,40
0000003270,2037,9000000012,00000000002020,M,,,22
0000003270,2038,9000000007,00000000002020,M,,,43
0000003270,2038,9000000011,00000000002020,M,,,40
0000003270,2038,9000000012,00000000002020,M,,,32
0000003270,2039,9000000007,00000000002020,M,,,44
0000003270,2039,9000000011,00000000002020,M,,,41
0000003270,2039,9000000012,00000000002020,M,,,42
0000003270,2040,9000000007,00000000002020,M,,,45
0000003270,2040,9000000011,00000000002020,M,,,42
0000003270,2040,9000000012,00000000002020,M,,,50
0000003300,2026,9000000007,00000000002020,M,,,12
0000003300,2026,9000000011,00000000002020,M,,,3
0000003300,2027,9000000007,00000000002020,M,,,62
0000003300,2027,9000000009,00000000002020,M,,,5
0000003300,2027,9000000011,00000000002020,M,,,-3
0000003300,2028,9000000007,00000000002020,M,,,-45
0000003300,2028,9000000009,00000000002020,M,,,-2
0000003300,2028,9000000011,00000000002020,M,,,-16
0000003300,2028,9000000011,00000000002020,M,,,23
0000003300,2029,9000000011,00000000002020,M,,,-8
0000003300,2030,9000000011,00000000002020,M,,,-2
0000003300,2031,9000000011,00000000002020,M,,,-1
0000003300,2032,9000000011,00000000002020,M,,,-2
0000003300,2033,9000000011,00000000002020,M,,,-4
0000003310,2026,9000000007,00000000002020,M,,,132
0000003310,2026,9000000009,00000000002020,M,,,117
0000003310,2026,9000000011,00000000002020,M,,,110
0000003310,2027,9000000007,00000000002020,M,,,225
0000003310,2027,9000000009,00000000002020,M,,,143
0000003310,2027,9000000011,00000000002020,M,,,145
0000003310,2027,9000000012,00000000002020,M,,,77
0000003310,2028,9000000007,00000000002020,M,,,44
0000003310,2028,9000000009,00000000002020,M,,,67
0000003310,2028,9000000009,00000000002020,M,,,67
0000003310,2028,9000000011,00000000002020,M,,,19
0000003310,2028,9000000011,00000000002020,M,,,49
0000003310,2028,9000000012,00000000002020,M,,,0
0000003310,2028,9000000012,00000000002020,M,,,28
0000003310,2029,9000000007,00000000002020,M,,,38
0000003310,2029,9000000011,00000000002020,M,,,33
0000003310,2029,9000000012,00000000002020,M,,,25
0000003310,2030,9000000007,00000000002020,M,,,37
0000003310,2030,9000000011,00000000002020,M,,,34
0000003310,2030,9000000012,00000000002020,M,,,32
0000003310,2031,9000000007,00000000002020,M,,,38
0000003310,2031,9000000011,00000000002020,M,,,35
0000003310,2031,9000000012,00000000002020,M,,,22
0000003310,2032,9000000007,00000000002020,M,,,37
0000003310,2032,9000000011,00000000002020,M,,,33
0000003310,2032,9000000012,00000000002020,M,,,17
0000003310,2033,9000000007,00000000002020,M,,,35
0000003310,2033,9000000011,00000000002020,M,,,29
0000003310,2033,9000000012,00000000002020,M,,,13
0000003310,2034,9000000007,00000000002020,M,,,34
0000003310,2034,9000000012,00000000002020,M,,,16
0000003310,2035,9000000007,00000000002020,M,,,37
0000003310,2035,9000000012,00000000002020,M,,,16
0000003310,2036,9000000007,00000000002020,M,,,41
0000003310,2036,9000000012,00000000002020,M,,,16
0000003310,2037,9000000007,00000000002020,M,,,42
0000003310,2037,9000000012,00000000002020,M,,,22
0000003310,2038,9000000007,00000000002020,M,,,43
0000003310,2038,9000000012,00000000002020,M,,,32
0000003310,2039,9000000007,00000000002020,M,,,44
0000003310,2039,9000000012,00000000002020,M,,,42
0000003310,2040,9000000007,00000000002020,M,,,45
0000003310,2040,9000000012,00000000002020,M,,,50
0000003320,2026,9000000003,00000000002020,M,,,3
0000003320,2026,9000000005,00000000002020,M,,,3
0000003320,2026,9000000007,00000000002020,M,,,6
0000003320,2026,9000000009,00000000002020,M,,,3
0000003320,2026,9000000011,00000000002020,M,,,4
0000003320,2026,9000000012,00000000002020,M,,,0
0000003320,2027,9000000003,00000000002020,M,,,4
0000003320,2027,9000000005,00000000002020,M,,,3
0000003320,2027,9000000007,00000000002020,M,,,6
0000003320,2027,9000000009,00000000002020,M,,,2
0000003320,2027,9000000011,00000000002020,M,,,5
0000003320,2027,9000000012,00000000002020,M,,,1
0000003320,2028,9000000003,00000000002020,M,,,4
0000003320,2028,9000000003,00000000002020,M,,,12
0000003320,2028,9000000005,00000000002020,M,,,13
0000003320,2028,9000000007,00000000002020,M,,,8
0000003320,2028,9000000007,00000000002020,M,,,23
0000003320,2028,9000000008,00000000002020,M,,,3
0000003320,2028,9000000009,00000000002020,M,,,3
0000003320,2028,9000000009,00000000002020,M,,,9
0000003320,2028,9000000011,00000000002020,M,,,8
0000003320,2028,9000000011,00000000002020,M,,,22
0000003320,2028,9000000012,00000000002020,M,,,3
0000003320,2028,9000000012,00000000002020,M,,,8
0000003320,2029,9000000003,00000000002020,M,,,17
0000003320,2029,9000000005,00000000002020,M,,,15
0000003320,2029,9000000007,00000000002020,M,,,28
0000003320,2029,9000000009,00000000002020,M,,,13
0000003320,2029,9000000011,00000000002020,M,,,26
0000003320,2029,9000000012,00000000002020,M,,,12
0000003320,2030,9000000003,00000000002020,M,,,4
0000003320,2030,9000000005,00000000002020,M,,,3
0000003320,2030,9000000007,00000000002020,M,,,7
0000003320,2030,9000000011,00000000002020,M,,,6
0000003320,2030,9000000012,00000000002020,M,,,3
0000003320,2031,9000000003,00000000002020,M,,,4
0000003320,2031,9000000005,00000000002020,M,,,3
0000003320,2031,9000000007,00000000002020,M,,,7
0000003320,2031,9000000011,00000000002020,M,,,6
0000003320,2031,9000000012,00000000002020,M,,,3
0000003320,2032,9000000003,00000000002020,M,,,4
0000003320,2032,9000000005,00000000002020,M,,,3
0000003320,2032,9000000007,00000000002020,M,,,7
0000003320,2032,9000000011,00000000002020,M,,,6
0000003320,2032,9000000012,00000000002020,M,,,3
0000003320,2033,9000000003,00000000002020,M,,,5
0000003320,2033,9000000005,00000000002020,M,,,3
0000003320,2033,9000000007,00000000002020,M,,,7
0000003320,2033,9000000011,00000000002020,M,,,7
0000003320,2033,9000000012,00000000002020,M,,,3
0000003320,2034,9000000003,00000000002020,M,,,4
0000003320,2034,9000000005,00000000002020,M,,,3
0000003320,2034,9000000007,00000000002020,M,,,6
0000003320,2034,9000000011,00000000002020,M,,,7
0000003320,2034,9000000012,00000000002020,M,,,3
0000003320,2035,9000000003,00000000002020,M,,,4
0000003320,2035,9000000005,00000000002020,M,,,3
0000003320,2035,9000000007,00000000002020,M,,,6
0000003320,2035,9000000011,00000000002020,M,,,7
0000003320,2035,9000000012,00000000002020,M,,,4
0000003320,2036,9000000003,00000000002020,M,,,5
0000003320,2036,9000000005,00000000002020,M,,,4
0000003320,2036,9000000007,00000000002020,M,,,6
0000003320,2036,9000000011,00000000002020,M,,,7
0000003320,2036,9000000012,00000000002020,M,,,4
0000003320,2037,9000000003,00000000002020,M,,,5
0000003320,2037,9000000005,00000000002020,M,,,4
0000003320,2037,9000000007,00000000002020,M,,,7
0000003320,2037,9000000011,00000000002020,M,,,7
0000003320,2037,9000000012,00000000002020,M,,,3
0000003320,2038,9000000003,00000000002020,M,,,5
0000003320,2038,9000000005,00000000002020,M,,,3
0000003320,2038,9000000007,00000000002020,M,,,7
0000003320,2038,9000000011,00000000002020,M,,,7
0000003320,2038,9000000012,00000000002020,M,,,4
0000003320,2039,9000000003,00000000002020,M,,,4
0000003320,2039,9000000005,00000000002020,M,,,4
0000003320,2039,9000000007,00000000002020,M,,,6
0000003320,2039,9000000011,00000000002020,M,,,7
0000003320,2039,9000000012,00000000002020,M,,,4
0000003320,2040,9000000003,00000000002020,M,,,4
0000003320,2040,9000000005,00000000002020,M,,,4
0000003320,2040,9000000007,00000000002020,M,,,6
0000003320,2040,9000000011,00000000002020,M,,,8
0000003320,2040,9000000012,00000000002020,M,,,4
0000003350,2026,9000000011,00000000002020,M,,,-3
0000003350,2027,9000000007,00000000002020,M,,,1
0000003350,2027,9000000011,00000000002020,M,,,-3
0000003350,2028,9000000005,00000000002020,M,,,4
0000003350,2028,9000000007,00000000002020,M,,,0
0000003350,2028,9000000009,00000000002020,M,,,0
0000003350,2028,9000000009,00000000002020,M,,,0
0000003350,2028,9000000011,00000000002020,M,,,-5
0000003350,2028,9000000011,00000000002020,M,,,-2
0000003350,2029,9000000007,00000000002020,M,,,0
0000003350,2029,9000000009,00000000002020,M,,,0
0000003350,2029,9000000011,00000000002020,M,,,-3
0000003350,2030,9000000007,00000000002020,M,,,0
0000003350,2030,9000000011,00000000002020,M,,,-1
0000003350,2031,9000000007,00000000002020,M,,,0
0000003350,2031,9000000011,00000000002020,M,,,-1
0000003350,2032,9000000007,00000000002020,M,,,0
0000003350,2032,9000000011,00000000002020,M,,,-1
0000003350,2033,9000000007,00000000002020,M,,,0
0000003350,2033,9000000011,00000000002020,M,,,-1
0000003350,2034,9000000007,00000000002020,M,,,0
0000003350,2035,9000000007,00000000002020,M,,,0
0000003350,2036,9000000007,00000000002020,M,,,0
0000003350,2037,9000000007,00000000002020,M,,,0
0000003350,2038,9000000007,00000000002020,M,,,0
0000003350,2039,9000000007,00000000002020,M,,,0
0000003350,2040,9000000007,00000000002020,M,,,0
0000003360,2026,9000000003,00000000002020,M,,,15
0000003360,2026,9000000005,00000000002020,M,,,12
0000003360,2026,9000000007,00000000002020,M,,,25
0000003360,2026,9000000009,00000000002020,M,,,13
0000003360,2026,9000000011,00000000002020,M,,,15
0000003360,2026,9000000012,00000000002020,M,,,3
0000003360,2027,9000000003,00000000002020,M,,,16
0000003360,2027,9000000005,00000000002020,M,,,14
0000003360,2027,9000000007,00000000002020,M,,,26
0000003360,2027,9000000009,00000000002020,M,,,11
0000003360,2027,9000000011,00000000002020,M,,,20
0000003360,2027,9000000012,00000000002020,M,,,7
0000003360,2028,9000000003,00000000002020,M,,,4
0000003360,2028,9000000003,00000000002020,M,,,4
0000003360,2028,9000000005,00000000002020,M,,,4
0000003360,2028,9000000005,00000000002020,M,,,4
0000003360,2028,9000000007,00000000002020,M,,,8
0000003360,2028,9000000007,00000000002020,M,,,7
0000003360,2028,9000000008,00000000002020,M,,,3
0000003360,2028,9000000009,00000000002020,M,,,3
0000003360,2028,9000000009,00000000002020,M,,,3
0000003360,2028,9000000011,00000000002020,M,,,4
0000003360,2028,9000000011,00000000002020,M,,,6
0000003360,2028,9000000012,00000000002020,M,,,0
0000003360,2028,9000000012,00000000002020,M,,,2
0000003360,2029,9000000003,00000000002020,M,,,4
0000003360,2029,9000000005,00000000002020,M,,,3
0000003360,2029,9000000007,00000000002020,M,,,7
0000003360,2029,9000000009,00000000002020,M,,,3
0000003360,2029,9000000011,00000000002020,M,,,5
0000003360,2029,9000000012,00000000002020,M,,,3
0000003360,2030,9000000003,00000000002020,M,,,4
0000003360,2030,9000000005,00000000002020,M,,,3
0000003360,2030,9000000007,00000000002020,M,,,7
0000003360,2030,9000000011,00000000002020,M,,,6
0000003360,2030,9000000012,00000000002020,M,,,3
0000003360,2031,9000000003,00000000002020,M,,,4
0000003360,2031,9000000005,00000000002020,M,,,3
0000003360,2031,9000000007,00000000002020,M,,,7
0000003360,2031,9000000011,00000000002020,M,,,6
0000003360,2031,9000000012,00000000002020,M,,,3
0000003360,2032,9000000003,00000000002020,M,,,4
0000003360,2032,9000000005,00000000002020,M,,,3
0000003360,2032,9000000007,00000000002020,M,,,7
0000003360,2032,9000000011,00000000002020,M,,,6
0000003360,2032,9000000012,00000000002020,M,,,3
0000003360,2033,9000000003,00000000002020,M,,,5
0000003360,2033,9000000005,00000000002020,M,,,3
0000003360,2033,9000000007,00000000002020,M,,,7
0000003360,2033,9000000011,00000000002020,M,,,6
0000003360,2033,9000000012,00000000002020,M,,,3
0000003360,2034,9000000003,00000000002020,M,,,4
0000003360,2034,9000000005,00000000002020,M,,,3
0000003360,2034,9000000007,00000000002020,M,,,6
0000003360,2034,9000000012,00000000002020,M,,,3
0000003360,2035,9000000003,00000000002020,M,,,4
0000003360,2035,9000000005,00000000002020,M,,,3
0000003360,2035,9000000007,00000000002020,M,,,6
0000003360,2035,9000000012,00000000002020,M,,,4
0000003360,2036,9000000003,00000000002020,M,,,5
0000003360,2036,9000000005,00000000002020,M,,,4
0000003360,2036,9000000007,00000000002020,M,,,6
0000003360,2036,9000000012,00000000002020,M,,,4
0000003360,2037,9000000003,00000000002020,M,,,5
0000003360,2037,9000000005,00000000002020,M,,,4
0000003360,2037,9000000007,00000000002020,M,,,7
0000003360,2037,9000000012,00000000002020,M,,,3
0000003360,2038,9000000003,00000000002020,M,,,5
0000003360,2038,9000000005,00000000002020,M,,,3
0000003360,2038,9000000007,00000000002020,M,,,7
0000003360,2038,9000000012,00000000002020,M,,,4
0000003360,2039,9000000003,00000000002020,M,,,4
0000003360,2039,9000000005,00000000002020,M,,,4
0000003360,2039,9000000007,00000000002020,M,,,6
0000003360,2039,9000000012,00000000002020,M,,,4
0000003360,2040,9000000003,00000000002020,M,,,4
0000003360,2040,9000000005,00000000002020,M,,,4
0000003360,2040,9000000007,00000000002020,M,,,6
0000003360,2040,9000000012,00000000002020,M,,,4
0000003770,2026,9000000003,00000000002020,M,,,52
0000003770,2026,9000000004,00000000002020,M,,,94
0000003770,2026,9000000005,00000000002020,M,,,37
0000003770,2026,9000000006,00000000002020,M,,,51
0000003770,2026,9000000007,00000000002020,M,,,84
0000003770,2026,9000000008,00000000002020,M,,,36
0000003770,2026,9000000009,00000000002020,M,,,15
0000003770,2026,9000000010,00000000002020,M,,,91
0000003770,2026,9000000011,00000000002020,M,,,23
0000003770,2026,9000000012,00000000002020,M,,,137
0000003770,2027,9000000003,00000000002020,M,,,57
0000003770,2027,9000000004,00000000002020,M,,,77
0000003770,2027,9000000005,00000000002020,M,,,35
0000003770,2027,9000000006,00000000002020,M,,,41
0000003770,2027,9000000007,00000000002020,M,,,81
0000003770,2027,9000000008,00000000002020,M,,,37
0000003770,2027,9000000009,00000000002020,M,,,11
0000003770,2027,9000000010,00000000002020,M,,,73
0000003770,2027,9000000011,00000000002020,M,,,25
0000003770,2027,9000000012,00000000002020,M,,,161
0000003770,2028,9000000003,00000000002020,M,,,13
0000003770,2028,9000000003,00000000002020,M,,,31
0000003770,2028,9000000004,00000000002020,M,,,16
0000003770,2028,9000000004,00000000002020,M,,,40
0000003770,2028,9000000005,00000000002020,M,,,8
0000003770,2028,9000000005,00000000002020,M,,,23
0000003770,2028,9000000006,00000000002020,M,,,7
0000003770,2028,9000000006,00000000002020,M,,,19
0000003770,2028,9000000007,00000000002020,M,,,17
0000003770,2028,9000000007,00000000002020,M,,,68
0000003770,2028,9000000008,00000000002020,M,,,9
0000003770,2028,9000000008,00000000002020,M,,,29
0000003770,2028,9000000009,00000000002020,M,,,1
0000003770,2028,9000000009,00000000002020,M,,,3
0000003770,2028,9000000010,00000000002020,M,,,14
0000003770,2028,9000000010,00000000002020,M,,,43
0000003770,2028,9000000011,00000000002020,M,,,4
0000003770,2028,9000000011,00000000002020,M,,,13
0000003770,2028,9000000012,00000000002020,M,,,31
0000003770,2028,9000000012,00000000002020,M,,,96
0000003770,2029,9000000003,00000000002020,M,,,29
0000003770,2029,9000000004,00000000002020,M,,,64
0000003770,2029,9000000005,00000000002020,M,,,31
0000003770,2029,9000000006,00000000002020,M,,,26
0000003770,2029,9000000007,00000000002020,M,,,79
0000003770,2029,9000000008,00000000002020,M,,,29
0000003770,2029,9000000009,00000000002020,M,,,0
0000003770,2029,9000000010,00000000002020,M,,,70
0000003770,2029,9000000011,00000000002020,M,,,13
0000003770,2029,9000000012,00000000002020,M,,,128
0000003770,2030,9000000003,00000000002020,M,,,36
0000003770,2030,9000000004,00000000002020,M,,,59
0000003770,2030,9000000005,00000000002020,M,,,28
0000003770,2030,9000000006,00000000002020,M,,,25
0000003770,2030,9000000007,00000000002020,M,,,63
0000003770,2030,9000000008,00000000002020,M,,,38
0000003770,2030,9000000010,00000000002020,M,,,78
0000003770,2030,9000000011,00000000002020,M,,,9
0000003770,2030,9000000012,00000000002020,M,,,89
0000003770,2031,9000000003,00000000002020,M,,,28
0000003770,2031,9000000004,00000000002020,M,,,54
0000003770,2031,9000000005,00000000002020,M,,,29
0000003770,2031,9000000006,00000000002020,M,,,22
0000003770,2031,9000000007,00000000002020,M,,,53
0000003770,2031,9000000008,00000000002020,M,,,36
0000003770,2031,9000000010,00000000002020,M,,,84
0000003770,2031,9000000011,00000000002020,M,,,7
0000003770,2031,9000000012,00000000002020,M,,,93
0000003770,2032,9000000003,00000000002020,M,,,30
0000003770,2032,9000000004,00000000002020,M,,,52
0000003770,2032,9000000005,00000000002020,M,,,27
0000003770,2032,9000000006,00000000002020,M,,,16
0000003770,2032,9000000007,00000000002020,M,,,50
0000003770,2032,9000000008,00000000002020,M,,,26
0000003770,2032,9000000010,00000000002020,M,,,89
0000003770,2032,9000000011,00000000002020,M,,,5
0000003770,2032,9000000012,00000000002020,M,,,71
0000003770,2033,9000000003,00000000002020,M,,,26
0000003770,2033,9000000004,00000000002020,M,,,48
0000003770,2033,9000000005,00000000002020,M,,,28
0000003770,2033,9000000006,00000000002020,M,,,14
0000003770,2033,9000000007,00000000002020,M,,,41
0000003770,2033,9000000008,00000000002020,M,,,26
0000003770,2033,9000000010,00000000002020,M,,,99
0000003770,2033,9000000011,00000000002020,M,,,6
0000003770,2033,9000000012,00000000002020,M,,,60
0000003770,2034,9000000003,00000000002020,M,,,15
0000003770,2034,9000000004,00000000002020,M,,,46
0000003770,2034,9000000005,00000000002020,M,,,30
0000003770,2034,9000000006,00000000002020,M,,,12
0000003770,2034,9000000007,00000000002020,M,,,36
0000003770,2034,9000000008,00000000002020,M,,,25
0000003770,2034,9000000010,00000000002020,M,,,113
0000003770,2034,9000000012,00000000002020,M,,,39
0000003770,2035,9000000003,00000000002020,M,,,10
0000003770,2035,9000000004,00000000002020,M,,,41
0000003770,2035,9000000005,00000000002020,M,,,31
0000003770,2035,9000000006,00000000002020,M,,,12
0000003770,2035,9000000007,00000000002020,M,,,31
0000003770,2035,9000000008,00000000002020,M,,,24
0000003770,2035,9000000010,00000000002020,M,,,101
0000003770,2035,9000000012,00000000002020,M,,,38
0000003770,2036,9000000003,00000000002020,M,,,4
0000003770,2036,9000000004,00000000002020,M,,,39
0000003770,2036,9000000005,00000000002020,M,,,30
0000003770,2036,9000000006,00000000002020,M,,,11
0000003770,2036,9000000007,00000000002020,M,,,24
0000003770,2036,9000000008,00000000002020,M,,,23
0000003770,2036,9000000010,00000000002020,M,,,94
0000003770,2036,9000000012,00000000002020,M,,,33
0000003770,2037,9000000003,00000000002020,M,,,1
0000003770,2037,9000000004,00000000002020,M,,,37
0000003770,2037,9000000005,00000000002020,M,,,62
0000003770,2037,9000000006,00000000002020,M,,,3
0000003770,2037,9000000007,00000000002020,M,,,20
0000003770,2037,9000000008,00000000002020,M,,,21
0000003770,2037,9000000010,00000000002020,M,,,93
0000003770,2037,9000000012,00000000002020,M,,,29
0000003770,2038,9000000003,00000000002020,M,,,1
0000003770,2038,9000000004,00000000002020,M,,,39
0000003770,2038,9000000005,00000000002020,M,,,31
0000003770,2038,9000000007,00000000002020,M,,,17
0000003770,2038,9000000008,00000000002020,M,,,19
0000003770,2038,9000000010,00000000002020,M,,,89
0000003770,2038,9000000012,00000000002020,M,,,23
0000003770,2039,9000000003,00000000002020,M,,,0
0000003770,2039,9000000004,00000000002020,M,,,36
0000003770,2039,9000000005,00000000002020,M,,,29
0000003770,2039,9000000007,00000000002020,M,,,14
0000003770,2039,9000000008,00000000002020,M,,,18
0000003770,2039,9000000010,00000000002020,M,,,99
0000003770,2039,9000000012,00000000002020,M,,,17
0000003770,2040,9000000003,00000000002020,M,,,0
0000003770,2040,9000000004,00000000002020,M,,,33
0000003770,2040,9000000005,00000000002020,M,,,37
0000003770,2040,9000000007,00000000002020,M,,,12
0000003770,2040,9000000010,00000000002020,M,,,93
0000003770,2040,9000000012,00000000002020,M,,,14
0000007020,2028,9000000003,00000000002020,M,,,99
0000007020,2028,9000000004,00000000002020,M,,,64
0000007020,2028,9000000005,00000000002020,M,,,14
0000007020,2028,9000000006,00000000002020,M,,,15
0000007020,2028,9000000007,00000000002020,M,,,19
0000007020,2028,9000000008,00000000002020,M,,,61
0000007020,2028,9000000009,00000000002020,M,,,0
0000007020,2028,9000000010,00000000002020,M,,,265
0000007020,2028,9000000011,00000000002020,M,,,-1
0000007020,2028,9000000012,00000000002020,M,,,0
0000007020,2029,9000000003,00000000002020,M,,,283
0000007020,2029,9000000004,00000000002020,M,,,164
0000007020,2029,9000000005,00000000002020,M,,,29
0000007020,2029,9000000006,00000000002020,M,,,19
0000007020,2029,9000000007,00000000002020,M,,,64
0000007020,2029,9000000008,00000000002020,M,,,215
0000007020,2029,9000000009,00000000002020,M,,,0
0000007020,2029,9000000010,00000000002020,M,,,645
0000007020,2029,9000000011,00000000002020,M,,,-1
0000007020,2029,9000000012,00000000002020,M,,,0
0000007020,2030,9000000003,00000000002020,M,,,314
0000007020,2030,9000000004,00000000002020,M,,,237
0000007020,2030,9000000005,00000000002020,M,,,44
0000007020,2030,9000000006,00000000002020,M,,,19
0000007020,2030,9000000007,00000000002020,M,,,128
0000007020,2030,9000000008,00000000002020,M,,,254
0000007020,2030,9000000009,00000000002020,M,,,0
0000007020,2030,9000000010,00000000002020,M,,,1109
0000007020,2030,9000000011,00000000002020,M,,,-1
0000007020,2030,9000000012,00000000002020,M,,,0
0000007020,2031,9000000003,00000000002020,M,,,370
0000007020,2031,9000000004,00000000002020,M,,,271
0000007020,2031,9000000005,00000000002020,M,,,76
0000007020,2031,9000000006,00000000002020,M,,,19
0000007020,2031,9000000007,00000000002020,M,,,194
0000007020,2031,9000000008,00000000002020,M,,,311
0000007020,2031,9000000009,00000000002020,M,,,0
0000007020,2031,9000000010,00000000002020,M,,,1665
0000007020,2031,9000000011,00000000002020,M,,,-1
0000007020,2031,9000000012,00000000002020,M,,,0
0000007020,2032,9000000003,00000000002020,M,,,391
0000007020,2032,9000000004,00000000002020,M,,,303
0000007020,2032,9000000005,00000000002020,M,,,152
0000007020,2032,9000000006,00000000002020,M,,,19
0000007020,2032,9000000007,00000000002020,M,,,219
0000007020,2032,9000000008,00000000002020,M,,,428
0000007020,2032,9000000009,00000000002020,M,,,0
0000007020,2032,9000000010,00000000002020,M,,,2246
0000007020,2032,9000000011,00000000002020,M,,,-1
0000007020,2032,9000000012,00000000002020,M,,,0
0000007020,2033,9000000003,00000000002020,M,,,411
0000007020,2033,9000000004,00000000002020,M,,,361
0000007020,2033,9000000005,00000000002020,M,,,259
0000007020,2033,9000000006,00000000002020,M,,,20
0000007020,2033,9000000007,00000000002020,M,,,240
0000007020,2033,9000000008,00000000002020,M,,,465
0000007020,2033,9000000009,00000000002020,M,,,0
0000007020,2033,9000000010,00000000002020,M,,,2948
0000007020,2033,9000000011,00000000002020,M,,,-1
0000007020,2033,9000000012,00000000002020,M,,,0
0000007020,2034,9000000003,00000000002020,M,,,431
0000007020,2034,9000000004,00000000002020,M,,,403
0000007020,2034,9000000005,00000000002020,M,,,401
0000007020,2034,9000000006,00000000002020,M,,,20
0000007020,2034,9000000007,00000000002020,M,,,253
0000007020,2034,9000000008,00000000002020,M,,,498
0000007020,2034,9000000009,00000000002020,M,,,0
0000007020,2034,9000000010,00000000002020,M,,,3765
0000007020,2034,9000000011,00000000002020,M,,,-1
0000007020,2034,9000000012,00000000002020,M,,,0
0000007020,2035,9000000003,00000000002020,M,,,450
0000007020,2035,9000000004,00000000002020,M,,,442
0000007020,2035,9000000005,00000000002020,M,,,511
0000007020,2035,9000000006,00000000002020,M,,,20
0000007020,2035,9000000007,00000000002020,M,,,262
0000007020,2035,9000000008,00000000002020,M,,,530
0000007020,2035,9000000009,00000000002020,M,,,0
0000007020,2035,9000000010,00000000002020,M,,,4447
0000007020,2035,9000000011,00000000002020,M,,,-1
0000007020,2035,9000000012,00000000002020,M,,,0
0000007020,2036,9000000003,00000000002020,M,,,463
0000007020,2036,9000000004,00000000002020,M,,,506
0000007020,2036,9000000005,00000000002020,M,,,606
0000007020,2036,9000000006,00000000002020,M,,,20
0000007020,2036,9000000007,00000000002020,M,,,265
0000007020,2036,9000000008,00000000002020,M,,,563
0000007020,2036,9000000009,00000000002020,M,,,0
0000007020,2036,9000000010,00000000002020,M,,,4959
0000007020,2036,9000000011,00000000002020,M,,,-1
0000007020,2036,9000000012,00000000002020,M,,,0
0000007020,2037,9000000003,00000000002020,M,,,465
0000007020,2037,9000000004,00000000002020,M,,,580
0000007020,2037,9000000005,00000000002020,M,,,630
0000007020,2037,9000000006,00000000002020,M,,,20
0000007020,2037,9000000007,00000000002020,M,,,269
0000007020,2037,9000000008,00000000002020,M,,,596
0000007020,2037,9000000009,00000000002020,M,,,0
0000007020,2037,9000000010,00000000002020,M,,,5418
0000007020,2037,9000000011,00000000002020,M,,,-1
0000007020,2037,9000000012,00000000002020,M,,,0
0000007020,2038,9000000003,00000000002020,M,,,468
0000007020,2038,9000000004,00000000002020,M,,,659
0000007020,2038,9000000005,00000000002020,M,,,645
0000007020,2038,9000000006,00000000002020,M,,,20
0000007020,2038,9000000007,00000000002020,M,,,274
0000007020,2038,9000000008,00000000002020,M,,,629
0000007020,2038,9000000009,00000000002020,M,,,0
0000007020,2038,9000000010,00000000002020,M,,,5888
0000007020,2038,9000000011,00000000002020,M,,,-1
0000007020,2038,9000000012,00000000002020,M,,,0
0000007020,2039,9000000003,00000000002020,M,,,468
0000007020,2039,9000000004,00000000002020,M,,,740
0000007020,2039,9000000005,00000000002020,M,,,661
0000007020,2039,9000000006,00000000002020,M,,,20
0000007020,2039,9000000007,00000000002020,M,,,278
0000007020,2039,9000000008,00000000002020,M,,,662
0000007020,2039,9000000009,00000000002020,M,,,0
0000007020,2039,9000000010,00000000002020,M,,,6479
0000007020,2039,9000000011,00000000002020,M,,,-1
0000007020,2039,9000000012,00000000002020,M,,,0
0000007020,2040,9000000003,00000000002020,M,,,468
0000007020,2040,9000000004,00000000002020,M,,,838
0000007020,2040,9000000005,00000000002020,M,,,678
0000007020,2040,9000000006,00000000002020,M,,,20
0000007020,2040,9000000007,00000000002020,M,,,285
0000007020,2040,9000000008,00000000002020,M,,,662
0000007020,2040,9000000009,00000000002020,M,,,0
0000007020,2040,9000000010,00000000002020,M,,,6917
0000007020,2040,9000000011,00000000002020,M,,,-1
0000007020,2040,9000000012,00000000002020,M,,,0
0000008890,2028,9000000006,00000000002020,M,,,-2
0000008890,2028,9000000011,00000000002020,M,,,-1
0000008890,2028,9000000011,00000000002020,M,,,-1
0000008890,2028,9000000012,00000000002020,M,,,-3
0000008890,2029,9000000011,00000000002020,M,,,-1
0000008890,2029,9000000012,00000000002020,M,,,-4
0000008890,2030,9000000011,00000000002020,M,,,-1
0000008890,2030,9000000012,00000000002020,M,,,-3
0000008890,2031,9000000011,00000000002020,M,,,-1
0000008890,2031,9000000012,00000000002020,M,,,-3
0000008890,2032,9000000011,00000000002020,M,,,-1
0000008890,2032,9000000012,00000000002020,M,,,-2
0000008890,2033,9000000011,00000000002020,M,,,-1
0000008890,2033,9000000012,00000000002020,M,,,-2
0000008890,2034,9000000012,00000000002020,M,,,-2
0000008890,2035,9000000012,00000000002020,M,,,-1
0000008890,2036,9000000012,00000000002020,M,,,-1
0000008890,2037,9000000012,00000000002020,M,,,-1
0000008890,2038,9000000012,00000000002020,M,,,-1
0000008890,2039,9000000012,00000000002020,M,,,-1
0000008890,2040,9000000012,00000000002020,M,,,-1
0000008900,2028,9000000004,00000000002020,M,,,-19
0000008900,2028,9000000005,00000000002020,M,,,-30
0000008900,2028,9000000006,00000000002020,M,,,-18
0000008900,2028,9000000007,00000000002020,M,,,-32
0000008900,2028,9000000009,00000000002020,M,,,-15
0000008900,2029,9000000004,00000000002020,M,,,-42
0000008900,2029,9000000005,00000000002020,M,,,-65
0000008900,2029,9000000006,00000000002020,M,,,-150
0000008900,2029,9000000007,00000000002020,M,,,-192
0000008900,2029,9000000009,00000000002020,M,,,-33
0000008900,2029,9000000010,00000000002020,M,,,-320
0000008900,2029,9000000011,00000000002020,M,,,-18
0000008900,2029,9000000012,00000000002020,M,,,-74
0000008900,2030,9000000004,00000000002020,M,,,-42
0000008900,2030,9000000005,00000000002020,M,,,-77
0000008900,2030,9000000006,00000000002020,M,,,-150
0000008900,2030,9000000007,00000000002020,M,,,-192
0000008900,2030,9000000009,00000000002020,M,,,-32
0000008900,2030,9000000010,00000000002020,M,,,-321
0000008900,2030,9000000011,00000000002020,M,,,-16
0000008900,2030,9000000012,00000000002020,M,,,-74
0000008900,2031,9000000004,00000000002020,M,,,-40
0000008900,2031,9000000005,00000000002020,M,,,-61
0000008900,2031,9000000006,00000000002020,M,,,-177
0000008900,2031,9000000007,00000000002020,M,,,-223
0000008900,2031,9000000009,00000000002020,M,,,-30
0000008900,2031,9000000010,00000000002020,M,,,-326
0000008900,2031,9000000011,00000000002020,M,,,-15
0000008900,2031,9000000012,00000000002020,M,,,-36
0000008900,2032,9000000004,00000000002020,M,,,-39
0000008900,2032,9000000005,00000000002020,M,,,-60
0000008900,2032,9000000006,00000000002020,M,,,-176
0000008900,2032,9000000007,00000000002020,M,,,-222
0000008900,2032,9000000009,00000000002020,M,,,-30
0000008900,2032,9000000010,00000000002020,M,,,-329
0000008900,2032,9000000011,00000000002020,M,,,-11
0000008900,2032,9000000012,00000000002020,M,,,-39
0000008900,2033,9000000004,00000000002020,M,,,-39
0000008900,2033,9000000005,00000000002020,M,,,-60
0000008900,2033,9000000006,00000000002020,M,,,-177
0000008900,2033,9000000007,00000000002020,M,,,-223
0000008900,2033,9000000009,00000000002020,M,,,-30
0000008900,2033,9000000010,00000000002020,M,,,-335
0000008900,2033,9000000011,00000000002020,M,,,-13
0000008900,2033,9000000012,00000000002020,M,,,-31
0000008900,2034,9000000004,00000000002020,M,,,-38
0000008900,2034,9000000005,00000000002020,M,,,-60
0000008900,2034,9000000006,00000000002020,M,,,-176
0000008900,2034,9000000007,00000000002020,M,,,-223
0000008900,2034,9000000009,00000000002020,M,,,-30
0000008900,2034,9000000010,00000000002020,M,,,-342
0000008900,2034,9000000011,00000000002020,M,,,-13
0000008900,2034,9000000012,00000000002020,M,,,-27
0000008900,2035,9000000004,00000000002020,M,,,-39
0000008900,2035,9000000005,00000000002020,M,,,-62
0000008900,2035,9000000006,00000000002020,M,,,-176
0000008900,2035,9000000007,00000000002020,M,,,-220
0000008900,2035,9000000009,00000000002020,M,,,-30
0000008900,2035,9000000010,00000000002020,M,,,-346
0000008900,2035,9000000011,00000000002020,M,,,10
0000008900,2035,9000000012,00000000002020,M,,,-18
0000008900,2036,9000000004,00000000002020,M,,,-38
0000008900,2036,9000000005,00000000002020,M,,,-63
0000008900,2036,9000000006,00000000002020,M,,,-175
0000008900,2036,9000000007,00000000002020,M,,,-217
0000008900,2036,9000000009,00000000002020,M,,,-30
0000008900,2036,9000000010,00000000002020,M,,,-351
0000008900,2036,9000000011,00000000002020,M,,,10
0000008900,2036,9000000012,00000000002020,M,,,-14
0000008900,2037,9000000004,00000000002020,M,,,-38
0000008900,2037,9000000005,00000000002020,M,,,-60
0000008900,2037,9000000006,00000000002020,M,,,-175
0000008900,2037,9000000007,00000000002020,M,,,-217
0000008900,2037,9000000009,00000000002020,M,,,-30
0000008900,2037,9000000010,00000000002020,M,,,-361
0000008900,2037,9000000011,00000000002020,M,,,10
0000008900,2037,9000000012,00000000002020,M,,,-13
0000008900,2038,9000000004,00000000002020,M,,,-37
0000008900,2038,9000000005,00000000002020,M,,,-45
0000008900,2038,9000000006,00000000002020,M,,,-166
0000008900,2038,9000000007,00000000002020,M,,,-219
0000008900,2038,9000000009,00000000002020,M,,,-30
0000008900,2038,9000000010,00000000002020,M,,,-367
0000008900,2038,9000000011,00000000002020,M,,,10
0000008900,2038,9000000012,00000000002020,M,,,-12
0000008900,2039,9000000004,00000000002020,M,,,-36
0000008900,2039,9000000005,00000000002020,M,,,-45
0000008900,2039,9000000006,00000000002020,M,,,-150
0000008900,2039,9000000007,00000000002020,M,,,-216
0000008900,2039,9000000009,00000000002020,M,,,-30
0000008900,2039,9000000010,00000000002020,M,,,-373
0000008900,2039,9000000011,00000000002020,M,,,10
0000008900,2039,9000000012,00000000002020,M,,,-10
0000008900,2040,9000000004,00000000002020,M,,,-37
0000008900,2040,9000000005,00000000002020,M,,,-45
0000008900,2040,9000000006,00000000002020,M,,,-150
0000008900,2040,9000000007,00000000002020,M,,,-215
0000008900,2040,9000000009,00000000002020,M,,,-30
0000008900,2040,9000000010,00000000002020,M,,,-379
0000008900,2040,9000000011,00000000002020,M,,,10
0000008900,2040,9000000012,00000000002020,M,,,-5
0000008920,2028,9000000003,00000000002020,M,,,-77
0000008920,2028,9000000003,00000000002020,M,,,-171
0000008920,2028,9000000004,00000000002020,M,,,-107
0000008920,2028,9000000004,00000000002020,M,,,-349
0000008920,2028,9000000005,00000000002020,M,,,-6
0000008920,2028,9000000005,00000000002020,M,,,-71
0000008920,2028,9000000006,00000000002020,M,,,-85
0000008920,2028,9000000006,00000000002020,M,,,-239
0000008920,2028,9000000007,00000000002020,M,,,-84
0000008920,2028,9000000007,00000000002020,M,,,-211
0000008920,2028,9000000008,00000000002020,M,,,-53
0000008920,2028,9000000008,00000000002020,M,,,-201
0000008920,2028,9000000009,00000000002020,M,,,-36
0000008920,2028,9000000009,00000000002020,M,,,-62
0000008920,2028,9000000010,00000000002020,M,,,-131
0000008920,2028,9000000010,00000000002020,M,,,-325
0000008920,2028,9000000011,00000000002020,M,,,-76
0000008920,2028,9000000011,00000000002020,M,,,-158
0000008920,2028,9000000012,00000000002020,M,,,55
0000008920,2028,9000000012,00000000002020,M,,,57
0000008920,2029,9000000003,00000000002020,M,,,-158
0000008920,2029,9000000004,00000000002020,M,,,-536
0000008920,2029,9000000005,00000000002020,M,,,-158
0000008920,2029,9000000006,00000000002020,M,,,-299
0000008920,2029,9000000007,00000000002020,M,,,-252
0000008920,2029,9000000008,00000000002020,M,,,-180
0000008920,2029,9000000009,00000000002020,M,,,-53
0000008920,2029,9000000010,00000000002020,M,,,-451
0000008920,2029,9000000011,00000000002020,M,,,-177
0000008920,2029,9000000012,00000000002020,M,,,-154
0000008920,2030,9000000003,00000000002020,M,,,-190
0000008920,2030,9000000004,00000000002020,M,,,-482
0000008920,2030,9000000005,00000000002020,M,,,-146
0000008920,2030,9000000006,00000000002020,M,,,-270
0000008920,2030,9000000007,00000000002020,M,,,-172
0000008920,2030,9000000008,00000000002020,M,,,-225
0000008920,2030,9000000009,00000000002020,M,,,-47
0000008920,2030,9000000010,00000000002020,M,,,-495
0000008920,2030,9000000011,00000000002020,M,,,-107
0000008920,2030,9000000012,00000000002020,M,,,-130
0000008920,2031,9000000003,00000000002020,M,,,-144
0000008920,2031,9000000004,00000000002020,M,,,-431
0000008920,2031,9000000005,00000000002020,M,,,-133
0000008920,2031,9000000006,00000000002020,M,,,-220
0000008920,2031,9000000007,00000000002020,M,,,-129
0000008920,2031,9000000008,00000000002020,M,,,-198
0000008920,2031,9000000009,00000000002020,M,,,-47
0000008920,2031,9000000010,00000000002020,M,,,-563
0000008920,2031,9000000011,00000000002020,M,,,-86
0000008920,2031,9000000012,00000000002020,M,,,-195
0000008920,2032,9000000003,00000000002020,M,,,-154
0000008920,2032,9000000004,00000000002020,M,,,-406
0000008920,2032,9000000005,00000000002020,M,,,-131
0000008920,2032,9000000006,00000000002020,M,,,-156
0000008920,2032,9000000007,00000000002020,M,,,-143
0000008920,2032,9000000008,00000000002020,M,,,-124
0000008920,2032,9000000009,00000000002020,M,,,-47
0000008920,2032,9000000010,00000000002020,M,,,-581
0000008920,2032,9000000011,00000000002020,M,,,-60
0000008920,2032,9000000012,00000000002020,M,,,-144
0000008920,2033,9000000003,00000000002020,M,,,-152
0000008920,2033,9000000004,00000000002020,M,,,-357
0000008920,2033,9000000005,00000000002020,M,,,-136
0000008920,2033,9000000006,00000000002020,M,,,-128
0000008920,2033,9000000007,00000000002020,M,,,-113
0000008920,2033,9000000008,00000000002020,M,,,-112
0000008920,2033,9000000009,00000000002020,M,,,-47
0000008920,2033,9000000010,00000000002020,M,,,-592
0000008920,2033,9000000011,00000000002020,M,,,-70
0000008920,2033,9000000012,00000000002020,M,,,-198
0000008920,2034,9000000003,00000000002020,M,,,-87
0000008920,2034,9000000004,00000000002020,M,,,-366
0000008920,2034,9000000005,00000000002020,M,,,-146
0000008920,2034,9000000006,00000000002020,M,,,-103
0000008920,2034,9000000007,00000000002020,M,,,-104
0000008920,2034,9000000008,00000000002020,M,,,-101
0000008920,2034,9000000009,00000000002020,M,,,-47
0000008920,2034,9000000010,00000000002020,M,,,-670
0000008920,2034,9000000012,00000000002020,M,,,-126
0000008920,2035,9000000003,00000000002020,M,,,-57
0000008920,2035,9000000004,00000000002020,M,,,-320
0000008920,2035,9000000005,00000000002020,M,,,-150
0000008920,2035,9000000006,00000000002020,M,,,-96
0000008920,2035,9000000007,00000000002020,M,,,-92
0000008920,2035,9000000008,00000000002020,M,,,-59
0000008920,2035,9000000009,00000000002020,M,,,-47
0000008920,2035,9000000010,00000000002020,M,,,-657
0000008920,2035,9000000012,00000000002020,M,,,-128
0000008920,2036,9000000003,00000000002020,M,,,-15
0000008920,2036,9000000004,00000000002020,M,,,-295
0000008920,2036,9000000005,00000000002020,M,,,-148
0000008920,2036,9000000006,00000000002020,M,,,-85
0000008920,2036,9000000007,00000000002020,M,,,-70
0000008920,2036,9000000008,00000000002020,M,,,-78
0000008920,2036,9000000009,00000000002020,M,,,-47
0000008920,2036,9000000010,00000000002020,M,,,-498
0000008920,2036,9000000012,00000000002020,M,,,-130
0000008920,2037,9000000003,00000000002020,M,,,-6
0000008920,2037,9000000004,00000000002020,M,,,-257
0000008920,2037,9000000005,00000000002020,M,,,-308
0000008920,2037,9000000006,00000000002020,M,,,-25
0000008920,2037,9000000007,00000000002020,M,,,-83
0000008920,2037,9000000008,00000000002020,M,,,-72
0000008920,2037,9000000009,00000000002020,M,,,-47
0000008920,2037,9000000010,00000000002020,M,,,-423
0000008920,2037,9000000012,00000000002020,M,,,-133
0000008920,2038,9000000003,00000000002020,M,,,-3
0000008920,2038,9000000004,00000000002020,M,,,-274
0000008920,2038,9000000005,00000000002020,M,,,-151
0000008920,2038,9000000007,00000000002020,M,,,-71
0000008920,2038,9000000008,00000000002020,M,,,-65
0000008920,2038,9000000009,00000000002020,M,,,-47
0000008920,2038,9000000010,00000000002020,M,,,-491
0000008920,2038,9000000012,00000000002020,M,,,-111
0000008920,2039,9000000003,00000000002020,M,,,-1
0000008920,2039,9000000004,00000000002020,M,,,-270
0000008920,2039,9000000005,00000000002020,M,,,-142
0000008920,2039,9000000007,00000000002020,M,,,-62
0000008920,2039,9000000008,00000000002020,M,,,-60
0000008920,2039,9000000009,00000000002020,M,,,-47
0000008920,2039,9000000010,00000000002020,M,,,-387
0000008920,2039,9000000012,00000000002020,M,,,-91
0000008920,2040,9000000003,00000000002020,M,,,-1
0000008920,2040,9000000004,00000000002020,M,,,-229
0000008920,2040,9000000005,00000000002020,M,,,-178
0000008920,2040,9000000007,00000000002020,M,,,-54
0000008920,2040,9000000009,00000000002020,M,,,-47
0000008920,2040,9000000010,00000000002020,M,,,-359
0000008920,2040,9000000012,00000000002020,M,,,-47
0000008930,2028,9000000004,00000000002020,M,,,0
0000008930,2028,9000000011,00000000002020,M,,,0
0000008940,2028,9000000003,00000000002020,M,,,6
0000008940,2028,9000000003,00000000002020,M,,,93
0000008940,2028,9000000004,00000000002020,M,,,15
0000008940,2028,9000000004,00000000002020,M,,,48
0000008940,2028,9000000005,00000000002020,M,,,2
0000008940,2028,9000000005,00000000002020,M,,,12
0000008940,2028,9000000006,00000000002020,M,,,0
0000008940,2028,9000000006,00000000002020,M,,,14
0000008940,2028,9000000007,00000000002020,M,,,3
0000008940,2028,9000000007,00000000002020,M,,,19
0000008940,2028,9000000008,00000000002020,M,,,9
0000008940,2028,9000000008,00000000002020,M,,,52
0000008940,2028,9000000009,00000000002020,M,,,0
0000008940,2028,9000000010,00000000002020,M,,,109
0000008940,2028,9000000010,00000000002020,M,,,265
0000008940,2028,9000000011,00000000002020,M,,,0
0000008940,2028,9000000011,00000000002020,M,,,-5
0000008940,2028,9000000012,00000000002020,M,,,0
0000008940,2029,9000000003,00000000002020,M,,,183
0000008940,2029,9000000004,00000000002020,M,,,100
0000008940,2029,9000000005,00000000002020,M,,,15
0000008940,2029,9000000006,00000000002020,M,,,4
0000008940,2029,9000000007,00000000002020,M,,,44
0000008940,2029,9000000008,00000000002020,M,,,154
0000008940,2029,9000000010,00000000002020,M,,,380
0000008940,2030,9000000003,00000000002020,M,,,30
0000008940,2030,9000000004,00000000002020,M,,,73
0000008940,2030,9000000005,00000000002020,M,,,14
0000008940,2030,9000000006,00000000002020,M,,,0
0000008940,2030,9000000007,00000000002020,M,,,64
0000008940,2030,9000000008,00000000002020,M,,,38
0000008940,2030,9000000010,00000000002020,M,,,464
0000008940,2031,9000000003,00000000002020,M,,,56
0000008940,2031,9000000004,00000000002020,M,,,34
0000008940,2031,9000000005,00000000002020,M,,,32
0000008940,2031,9000000006,00000000002020,M,,,0
0000008940,2031,9000000007,00000000002020,M,,,66
0000008940,2031,9000000008,00000000002020,M,,,57
0000008940,2031,9000000010,00000000002020,M,,,555
0000008940,2032,9000000003,00000000002020,M,,,20
0000008940,2032,9000000004,00000000002020,M,,,31
0000008940,2032,9000000005,00000000002020,M,,,75
0000008940,2032,9000000006,00000000002020,M,,,0
0000008940,2032,9000000007,00000000002020,M,,,24
0000008940,2032,9000000008,00000000002020,M,,,116
0000008940,2032,9000000010,00000000002020,M,,,581
0000008940,2033,9000000003,00000000002020,M,,,20
0000008940,2033,9000000004,00000000002020,M,,,58
0000008940,2033,9000000005,00000000002020,M,,,107
0000008940,2033,9000000006,00000000002020,M,,,0
0000008940,2033,9000000007,00000000002020,M,,,21
0000008940,2033,9000000008,00000000002020,M,,,36
0000008940,2033,9000000010,00000000002020,M,,,702
0000008940,2034,9000000003,00000000002020,M,,,19
0000008940,2034,9000000004,00000000002020,M,,,41
0000008940,2034,9000000005,00000000002020,M,,,142
0000008940,2034,9000000006,00000000002020,M,,,0
0000008940,2034,9000000007,00000000002020,M,,,12
0000008940,2034,9000000008,00000000002020,M,,,32
0000008940,2034,9000000010,00000000002020,M,,,816
0000008940,2035,9000000003,00000000002020,M,,,19
0000008940,2035,9000000004,00000000002020,M,,,38
0000008940,2035,9000000005,00000000002020,M,,,109
0000008940,2035,9000000006,00000000002020,M,,,0
0000008940,2035,9000000007,00000000002020,M,,,9
0000008940,2035,9000000008,00000000002020,M,,,32
0000008940,2035,9000000010,00000000002020,M,,,682
0000008940,2036,9000000003,00000000002020,M,,,12
0000008940,2036,9000000004,00000000002020,M,,,64
0000008940,2036,9000000005,00000000002020,M,,,94
0000008940,2036,9000000006,00000000002020,M,,,0
0000008940,2036,9000000007,00000000002020,M,,,3
0000008940,2036,9000000008,00000000002020,M,,,32
0000008940,2036,9000000010,00000000002020,M,,,511
0000008940,2037,9000000003,00000000002020,M,,,2
0000008940,2037,9000000004,00000000002020,M,,,73
0000008940,2037,9000000005,00000000002020,M,,,23
0000008940,2037,9000000006,00000000002020,M,,,0
0000008940,2037,9000000007,00000000002020,M,,,4
0000008940,2037,9000000008,00000000002020,M,,,32
0000008940,2037,9000000010,00000000002020,M,,,459
0000008940,2038,9000000003,00000000002020,M,,,2
0000008940,2038,9000000004,00000000002020,M,,,79
0000008940,2038,9000000005,00000000002020,M,,,15
0000008940,2038,9000000007,00000000002020,M,,,4
0000008940,2038,9000000008,00000000002020,M,,,32
0000008940,2038,9000000010,00000000002020,M,,,470
0000008940,2039,9000000003,00000000002020,M,,,0
0000008940,2039,9000000004,00000000002020,M,,,80
0000008940,2039,9000000005,00000000002020,M,,,16
0000008940,2039,9000000007,00000000002020,M,,,3
0000008940,2039,9000000008,00000000002020,M,,,32
0000008940,2039,9000000010,00000000002020,M,,,591
0000008940,2040,9000000003,00000000002020,M,,,0
0000008940,2040,9000000004,00000000002020,M,,,97
0000008940,2040,9000000005,00000000002020,M,,,16
0000008940,2040,9000000007,00000000002020,M,,,7
0000008940,2040,9000000010,00000000002020,M,,,437
0000008950,2028,9000000003,00000000002020,M,,,5
0000008950,2028,9000000003,00000000002020,M,,,12
0000008950,2029,9000000003,00000000002020,M,,,13
0000008950,2029,9000000004,00000000002020,M,,,7
0000008950,2029,9000000008,00000000002020,M,,,-48
0000008950,2030,9000000003,00000000002020,M,,,12
0000008950,2030,9000000004,00000000002020,M,,,12
0000008950,2030,9000000008,00000000002020,M,,,5
0000008950,2031,9000000003,00000000002020,M,,,5
0000008950,2031,9000000004,00000000002020,M,,,17
0000008950,2031,9000000008,00000000002020,M,,,5
0000008950,2032,9000000003,00000000002020,M,,,3
0000008950,2032,9000000004,00000000002020,M,,,22
0000008950,2032,9000000008,00000000002020,M,,,5
0000008950,2033,9000000003,00000000002020,M,,,2
0000008950,2033,9000000004,00000000002020,M,,,26
0000008950,2033,9000000008,00000000002020,M,,,5
0000008950,2034,9000000004,00000000002020,M,,,31
0000008950,2034,9000000008,00000000002020,M,,,5
0000008950,2035,9000000004,00000000002020,M,,,35
0000008950,2035,9000000008,00000000002020,M,,,5
0000008950,2036,9000000008,00000000002020,M,,,5
0000008950,2037,9000000008,00000000002020,M,,,5
0000008950,2038,9000000008,00000000002020,M,,,5
0000008950,2039,9000000008,00000000002020,M,,,2
0000008960,2028,9000000004,00000000002020,M,,,-15
0000008960,2028,9000000004,00000000002020,M,,,-18
0000008960,2028,9000000005,00000000002020,M,,,-4
0000008960,2028,9000000005,00000000002020,M,,,-7
0000008960,2028,9000000006,00000000002020,M,,,-1
0000008960,2028,9000000006,00000000002020,M,,,-2
0000008960,2028,9000000007,00000000002020,M,,,-4
0000008960,2028,9000000007,00000000002020,M,,,-13
0000008960,2028,9000000009,00000000002020,M,,,-1
0000008960,2028,9000000009,00000000002020,M,,,-1
0000008960,2028,9000000011,00000000002020,M,,,0
0000008960,2028,9000000011,00000000002020,M,,,3
0000008960,2028,9000000012,00000000002020,M,,,13
0000008960,2028,9000000012,00000000002020,M,,,60
0000008960,2029,9000000004,00000000002020,M,,,-24
0000008960,2029,9000000005,00000000002020,M,,,-10
0000008960,2029,9000000006,00000000002020,M,,,122
0000008960,2029,9000000007,00000000002020,M,,,-17
0000008960,2029,9000000009,00000000002020,M,,,-1
0000008960,2029,9000000011,00000000002020,M,,,2
0000008960,2030,9000000004,00000000002020,M,,,-43
0000008960,2030,9000000005,00000000002020,M,,,-10
0000008960,2030,9000000006,00000000002020,M,,,90
0000008960,2030,9000000007,00000000002020,M,,,-16
0000008960,2030,9000000009,00000000002020,M,,,-1
0000008960,2030,9000000011,00000000002020,M,,,7
0000008960,2031,9000000004,00000000002020,M,,,-49
0000008960,2031,9000000005,00000000002020,M,,,-10
0000008960,2031,9000000006,00000000002020,M,,,74
0000008960,2031,9000000007,00000000002020,M,,,-13
0000008960,2031,9000000009,00000000002020,M,,,-1
0000008960,2031,9000000011,00000000002020,M,,,7
0000008960,2032,9000000004,00000000002020,M,,,-55
0000008960,2032,9000000005,00000000002020,M,,,-10
0000008960,2032,9000000006,00000000002020,M,,,68
0000008960,2032,9000000007,00000000002020,M,,,-5
0000008960,2032,9000000009,00000000002020,M,,,23
0000008960,2032,9000000011,00000000002020,M,,,29
0000008960,2033,9000000004,00000000002020,M,,,-60
0000008960,2033,9000000005,00000000002020,M,,,-11
0000008960,2033,9000000006,00000000002020,M,,,60
0000008960,2033,9000000007,00000000002020,M,,,-13
0000008960,2033,9000000009,00000000002020,M,,,61
0000008960,2033,9000000011,00000000002020,M,,,30
0000008960,2034,9000000004,00000000002020,M,,,-66
0000008960,2034,9000000005,00000000002020,M,,,-11
0000008960,2034,9000000006,00000000002020,M,,,56
0000008960,2034,9000000007,00000000002020,M,,,-14
0000008960,2034,9000000009,00000000002020,M,,,8
0000008960,2034,9000000011,00000000002020,M,,,84
0000008960,2035,9000000004,00000000002020,M,,,-71
0000008960,2035,9000000005,00000000002020,M,,,-11
0000008960,2035,9000000006,00000000002020,M,,,47
0000008960,2035,9000000007,00000000002020,M,,,-14
0000008960,2035,9000000009,00000000002020,M,,,2
0000008960,2035,9000000011,00000000002020,M,,,97
0000008960,2036,9000000004,00000000002020,M,,,-33
0000008960,2036,9000000005,00000000002020,M,,,24
0000008960,2036,9000000006,00000000002020,M,,,46
0000008960,2036,9000000007,00000000002020,M,,,-13
0000008960,2036,9000000009,00000000002020,M,,,2
0000008960,2036,9000000011,00000000002020,M,,,56
0000008960,2037,9000000004,00000000002020,M,,,-34
0000008960,2037,9000000005,00000000002020,M,,,193
0000008960,2037,9000000006,00000000002020,M,,,43
0000008960,2037,9000000007,00000000002020,M,,,-12
0000008960,2037,9000000009,00000000002020,M,,,2
0000008960,2037,9000000011,00000000002020,M,,,51
0000008960,2038,9000000004,00000000002020,M,,,97
0000008960,2038,9000000005,00000000002020,M,,,201
0000008960,2038,9000000006,00000000002020,M,,,13
0000008960,2038,9000000007,00000000002020,M,,,20
0000008960,2038,9000000009,00000000002020,M,,,2
0000008960,2038,9000000011,00000000002020,M,,,11
0000008960,2039,9000000004,00000000002020,M,,,91
0000008960,2039,9000000005,00000000002020,M,,,205
0000008960,2039,9000000007,00000000002020,M,,,-15
0000008960,2039,9000000009,00000000002020,M,,,2
0000008960,2039,9000000011,00000000002020,M,,,3
0000008960,2040,9000000004,00000000002020,M,,,84
0000008960,2040,9000000005,00000000002020,M,,,175
0000008960,2040,9000000007,00000000002020,M,,,22
0000008960,2040,9000000009,00000000002020,M,,,2
0000008970,2028,9000000009,00000000002020,M,,,-2
0000008970,2028,9000000009,00000000002020,M,,,-50
0000008970,2028,9000000010,00000000002020,M,,,-1
0000008970,2028,9000000010,00000000002020,M,,,-2
0000008970,2029,9000000009,00000000002020,M,,,7
0000008970,2029,9000000010,00000000002020,M,,,-3
0000008970,2030,9000000010,00000000002020,M,,,-3
0000008970,2031,9000000010,00000000002020,M,,,-3
0000008970,2032,9000000010,00000000002020,M,,,-3
0000008970,2033,9000000010,00000000002020,M,,,-3
0000008970,2034,9000000010,00000000002020,M,,,-3
0000008970,2035,9000000004,00000000002020,M,,,-268
0000008970,2035,9000000010,00000000002020,M,,,-3
0000008970,2036,9000000010,00000000002020,M,,,-3
0000008970,2037,9000000010,00000000002020,M,,,-3
0000008970,2038,9000000010,00000000002020,M,,,-3
0000008970,2039,9000000010,00000000002020,M,,,-3
0000008970,2040,9000000010,00000000002020,M,,,-3
0000009000,2028,9000000007,00000000002020,M,,,-18
0000009000,2028,9000000009,00000000002020,M,,,-2
0000009000,2028,9000000009,00000000002020,M,,,-4
0000009000,2028,9000000012,00000000002020,M,,,-18
0000009000,2029,9000000009,00000000002020,M,,,-1
0000009000,2029,9000000012,00000000002020,M,,,-25
0000009000,2030,9000000012,00000000002020,M,,,-17
0000009000,2031,9000000012,00000000002020,M,,,-18
0000009000,2032,9000000012,00000000002020,M,,,-14
0000009000,2033,9000000012,00000000002020,M,,,-13
0000009000,2034,9000000012,00000000002020,M,,,-9
0000009000,2035,9000000012,00000000002020,M,,,-8
0000009000,2036,9000000012,00000000002020,M,,,-7
0000009000,2037,9000000012,00000000002020,M,,,-6
0000009000,2038,9000000012,00000000002020,M,,,-4
0000009000,2039,9000000012,00000000002020,M,,,-3
0000009000,2040,9000000012,00000000002020,M,,,-2
0000010150,2028,9000000007,00000000002020,M,,,0
0000010150,2028,9000000011,00000000002020,M,,,0
0000010150,2029,9000000007,00000000002020,M,,,0
0000010150,2029,9000000011,00000000002020,M,,,0
0000010150,2030,9000000007,00000000002020,M,,,0
0000010150,2030,9000000011,00000000002020,M,,,0
0000010150,2031,9000000007,00000000002020,M,,,0
0000010150,2031,9000000011,00000000002020,M,,,0
0000010150,2032,9000000007,00000000002020,M,,,0
0000010150,2032,9000000011,00000000002020,M,,,0
0000010150,2033,9000000007,00000000002020,M,,,0
0000010150,2033,9000000011,00000000002020,M,,,0
0000010150,2034,9000000007,00000000002020,M,,,0
0000010150,2034,9000000011,00000000002020,M,,,0
0000010150,2035,9000000007,00000000002020,M,,,0
0000010150,2035,9000000011,00000000002020,M,,,0
0000010150,2036,9000000007,00000000002020,M,,,0
0000010150,2036,9000000011,00000000002020,M,,,0
0000010150,2037,9000000007,00000000002020,M,,,0
0000010150,2037,9000000011,00000000002020,M,,,0
0000010150,2038,9000000007,00000000002020,M,,,0
0000010150,2038,9000000011,00000000002020,M,,,0
0000010150,2039,9000000007,00000000002020,M,,,0
0000010150,2039,9000000011,00000000002020,M,,,0
0000010150,2040,9000000007,00000000002020,M,,,0
0000010150,2040,9000000011,00000000002020,M,,,0
0000011990,2028,9000000007,00000000002020,M,,,-34
0000011990,2028,9000000012,00000000002020,M,,,-60
0000011990,2029,9000000012,00000000002020,M,,,-92
0000011990,2030,9000000012,00000000002020,M,,,-66
0000011990,2031,9000000012,00000000002020,M,,,-71
0000011990,2032,9000000012,00000000002020,M,,,-54
0000011990,2033,9000000012,00000000002020,M,,,-48
0000011990,2034,9000000012,00000000002020,M,,,-32
0000011990,2035,9000000012,00000000002020,M,,,-31
0000011990,2036,9000000012,00000000002020,M,,,-29
0000011990,2037,9000000012,00000000002020,M,,,-27
0000011990,2038,9000000012,00000000002020,M,,,-26
0000011990,2039,9000000012,00000000002020,M,,,-20
0000011990,2040,9000000012,00000000002020,M,,,-18
0000012180,2028,9000000011,00000000002020,M,,,0
0000012190,2028,9000000009,00000000002020,M,,,1
0000012190,2028,9000000009,00000000002020,M,,,2
0000012190,2029,9000000009,00000000002020,M,,,7
0000012200,2026,9000000003,00000000002020,M,,,333
0000012200,2026,9000000004,00000000002020,M,,,1040
0000012200,2026,9000000005,00000000002020,M,,,54
0000012200,2026,9000000006,00000000002020,M,,,439
0000012200,2026,9000000007,00000000002020,M,,,324
0000012200,2026,9000000008,00000000002020,M,,,240
0000012200,2026,9000000009,00000000002020,M,,,289
0000012200,2026,9000000010,00000000002020,M,,,752
0000012200,2026,9000000011,00000000002020,M,,,183
0000012200,2026,9000000012,00000000002020,M,,,143
0000012200,2027,9000000003,00000000002020,M,,,360
0000012200,2027,9000000004,00000000002020,M,,,854
0000012200,2027,9000000005,00000000002020,M,,,51
0000012200,2027,9000000006,00000000002020,M,,,446
0000012200,2027,9000000007,00000000002020,M,,,422
0000012200,2027,9000000008,00000000002020,M,,,238
0000012200,2027,9000000009,00000000002020,M,,,321
0000012200,2027,9000000010,00000000002020,M,,,551
0000012200,2027,9000000011,00000000002020,M,,,339
0000012200,2027,9000000012,00000000002020,M,,,87
0000012200,2028,9000000003,00000000002020,M,,,77
0000012200,2028,9000000003,00000000002020,M,,,186
0000012200,2028,9000000004,00000000002020,M,,,174
0000012200,2028,9000000004,00000000002020,M,,,537
0000012200,2028,9000000005,00000000002020,M,,,12
0000012200,2028,9000000005,00000000002020,M,,,90
0000012200,2028,9000000006,00000000002020,M,,,84
0000012200,2028,9000000006,00000000002020,M,,,238
0000012200,2028,9000000007,00000000002020,M,,,98
0000012200,2028,9000000007,00000000002020,M,,,269
0000012200,2028,9000000008,00000000002020,M,,,69
0000012200,2028,9000000008,00000000002020,M,,,222
0000012200,2028,9000000009,00000000002020,M,,,35
0000012200,2028,9000000009,00000000002020,M,,,62
0000012200,2028,9000000010,00000000002020,M,,,157
0000012200,2028,9000000010,00000000002020,M,,,501
0000012200,2028,9000000011,00000000002020,M,,,80
0000012200,2028,9000000011,00000000002020,M,,,166
0000012200,2028,9000000012,00000000002020,M,,,139
0000012200,2029,9000000003,00000000002020,M,,,176
0000012200,2029,9000000004,00000000002020,M,,,779
0000012200,2029,9000000005,00000000002020,M,,,187
0000012200,2029,9000000006,00000000002020,M,,,298
0000012200,2029,9000000007,00000000002020,M,,,326
0000012200,2029,9000000008,00000000002020,M,,,216
0000012200,2029,9000000009,00000000002020,M,,,52
0000012200,2029,9000000010,00000000002020,M,,,685
0000012200,2029,9000000011,00000000002020,M,,,176
0000012200,2029,9000000012,00000000002020,M,,,209
0000012200,2030,9000000003,00000000002020,M,,,217
0000012200,2030,9000000004,00000000002020,M,,,715
0000012200,2030,9000000005,00000000002020,M,,,158
0000012200,2030,9000000006,00000000002020,M,,,269
0000012200,2030,9000000007,00000000002020,M,,,266
0000012200,2030,9000000008,00000000002020,M,,,267
0000012200,2030,9000000009,00000000002020,M,,,46
0000012200,2030,9000000010,00000000002020,M,,,780
0000012200,2030,9000000011,00000000002020,M,,,106
0000012200,2030,9000000012,00000000002020,M,,,152
0000012200,2031,9000000003,00000000002020,M,,,167
0000012200,2031,9000000004,00000000002020,M,,,656
0000012200,2031,9000000005,00000000002020,M,,,150
0000012200,2031,9000000006,00000000002020,M,,,219
0000012200,2031,9000000007,00000000002020,M,,,223
0000012200,2031,9000000008,00000000002020,M,,,239
0000012200,2031,9000000009,00000000002020,M,,,46
0000012200,2031,9000000010,00000000002020,M,,,855
0000012200,2031,9000000011,00000000002020,M,,,85
0000012200,2031,9000000012,00000000002020,M,,,215
0000012200,2032,9000000003,00000000002020,M,,,178
0000012200,2032,9000000004,00000000002020,M,,,632
0000012200,2032,9000000005,00000000002020,M,,,142
0000012200,2032,9000000006,00000000002020,M,,,155
0000012200,2032,9000000007,00000000002020,M,,,210
0000012200,2032,9000000008,00000000002020,M,,,165
0000012200,2032,9000000009,00000000002020,M,,,46
0000012200,2032,9000000010,00000000002020,M,,,918
0000012200,2032,9000000011,00000000002020,M,,,59
0000012200,2032,9000000012,00000000002020,M,,,164
0000012200,2033,9000000003,00000000002020,M,,,151
0000012200,2033,9000000004,00000000002020,M,,,583
0000012200,2033,9000000005,00000000002020,M,,,146
0000012200,2033,9000000006,00000000002020,M,,,127
0000012200,2033,9000000007,00000000002020,M,,,175
0000012200,2033,9000000008,00000000002020,M,,,153
0000012200,2033,9000000009,00000000002020,M,,,46
0000012200,2033,9000000010,00000000002020,M,,,1108
0000012200,2033,9000000011,00000000002020,M,,,69
0000012200,2033,9000000012,00000000002020,M,,,218
0000012200,2034,9000000003,00000000002020,M,,,86
0000012200,2034,9000000004,00000000002020,M,,,558
0000012200,2034,9000000005,00000000002020,M,,,157
0000012200,2034,9000000006,00000000002020,M,,,102
0000012200,2034,9000000007,00000000002020,M,,,152
0000012200,2034,9000000008,00000000002020,M,,,141
0000012200,2034,9000000009,00000000002020,M,,,46
0000012200,2034,9000000010,00000000002020,M,,,1324
0000012200,2034,9000000012,00000000002020,M,,,146
0000012200,2035,9000000003,00000000002020,M,,,56
0000012200,2035,9000000004,00000000002020,M,,,505
0000012200,2035,9000000005,00000000002020,M,,,160
0000012200,2035,9000000006,00000000002020,M,,,95
0000012200,2035,9000000007,00000000002020,M,,,133
0000012200,2035,9000000008,00000000002020,M,,,100
0000012200,2035,9000000009,00000000002020,M,,,46
0000012200,2035,9000000010,00000000002020,M,,,1180
0000012200,2035,9000000012,00000000002020,M,,,148
0000012200,2036,9000000003,00000000002020,M,,,14
0000012200,2036,9000000004,00000000002020,M,,,480
0000012200,2036,9000000005,00000000002020,M,,,159
0000012200,2036,9000000006,00000000002020,M,,,84
0000012200,2036,9000000007,00000000002020,M,,,108
0000012200,2036,9000000008,00000000002020,M,,,77
0000012200,2036,9000000009,00000000002020,M,,,46
0000012200,2036,9000000010,00000000002020,M,,,1069
0000012200,2036,9000000012,00000000002020,M,,,150
0000012200,2037,9000000003,00000000002020,M,,,5
0000012200,2037,9000000004,00000000002020,M,,,447
0000012200,2037,9000000005,00000000002020,M,,,319
0000012200,2037,9000000006,00000000002020,M,,,24
0000012200,2037,9000000007,00000000002020,M,,,90
0000012200,2037,9000000008,00000000002020,M,,,71
0000012200,2037,9000000009,00000000002020,M,,,46
0000012200,2037,9000000010,00000000002020,M,,,1078
0000012200,2037,9000000012,00000000002020,M,,,152
0000012200,2038,9000000003,00000000002020,M,,,2
0000012200,2038,9000000004,00000000002020,M,,,480
0000012200,2038,9000000005,00000000002020,M,,,162
0000012200,2038,9000000007,00000000002020,M,,,78
0000012200,2038,9000000008,00000000002020,M,,,64
0000012200,2038,9000000009,00000000002020,M,,,46
0000012200,2038,9000000010,00000000002020,M,,,1020
0000012200,2038,9000000012,00000000002020,M,,,130
0000012200,2039,9000000003,00000000002020,M,,,0
0000012200,2039,9000000004,00000000002020,M,,,438
0000012200,2039,9000000005,00000000002020,M,,,154
0000012200,2039,9000000007,00000000002020,M,,,69
0000012200,2039,9000000008,00000000002020,M,,,59
0000012200,2039,9000000009,00000000002020,M,,,46
0000012200,2039,9000000010,00000000002020,M,,,1121
0000012200,2039,9000000012,00000000002020,M,,,109
0000012200,2040,9000000003,00000000002020,M,,,0
0000012200,2040,9000000004,00000000002020,M,,,409
0000012200,2040,9000000005,00000000002020,M,,,190
0000012200,2040,9000000007,00000000002020,M,,,61
0000012200,2040,9000000009,00000000002020,M,,,46
0000012200,2040,9000000010,00000000002020,M,,,1018
0000012200,2040,9000000012,00000000002020,M,,,64
0000012620,2028,9000000007,00000000002020,M,,,-1
0000012620,2028,9000000011,00000000002020,M,,,-1
0000012620,2029,9000000007,00000000002020,M,,,-1
0000012620,2029,9000000011,00000000002020,M,,,-1
0000012620,2030,9000000007,00000000002020,M,,,-1
0000012620,2030,9000000011,00000000002020,M,,,-1
0000012620,2031,9000000007,00000000002020,M,,,-1
0000012620,2031,9000000011,00000000002020,M,,,-1
0000012620,2032,9000000007,00000000002020,M,,,-1
0000012620,2032,9000000011,00000000002020,M,,,-1
0000012620,2033,9000000007,00000000002020,M,,,-1
0000012620,2033,9000000011,00000000002020,M,,,-1
0000012620,2034,9000000007,00000000002020,M,,,-1
0000012620,2034,9000000011,00000000002020,M,,,-1
0000012620,2035,9000000007,00000000002020,M,,,-1
0000012620,2035,9000000011,00000000002020,M,,,-1
0000012620,2036,9000000007,00000000002020,M,,,-1
0000012620,2036,9000000011,00000000002020,M,,,-1
0000012620,2037,9000000007,00000000002020,M,,,-1
0000012620,2037,9000000011,00000000002020,M,,,-1
0000012620,2038,9000000007,00000000002020,M,,,-1
0000012620,2038,9000000011,00000000002020,M,,,-1
0000012620,2039,9000000007,00000000002020,M,,,-1
0000012620,2039,9000000011,00000000002020,M,,,-1
0000012620,2040,9000000007,00000000002020,M,,,-1
0000012620,2040,9000000011,00000000002020,M,,,-1
0000012670,2026,9000000003,00000000002020,M,,,-11
0000012670,2027,9000000003,00000000002020,M,,,-18
0000012670,2028,9000000003,00000000002020,M,,,-6
0000012670,2028,9000000003,00000000002020,M,,,-13
0000012670,2029,9000000003,00000000002020,M,,,-14
0000012670,2030,9000000003,00000000002020,M,,,-13
0000012670,2031,9000000003,00000000002020,M,,,-6
0000012670,2032,9000000003,00000000002020,M,,,-4
0000012670,2033,9000000003,00000000002020,M,,,-3
0000012745,2029,9000000004,00000000002020,M,,,-8
0000012745,2029,9000000008,00000000002020,M,,,47
0000012745,2030,9000000004,00000000002020,M,,,-13
0000012745,2030,9000000008,00000000002020,M,,,-5
0000012745,2031,9000000004,00000000002020,M,,,-18
0000012745,2031,9000000008,00000000002020,M,,,-5
0000012745,2032,9000000004,00000000002020,M,,,-23
0000012745,2032,9000000008,00000000002020,M,,,-5
0000012745,2033,9000000004,00000000002020,M,,,-27
0000012745,2033,9000000008,00000000002020,M,,,-5
0000012745,2034,9000000004,00000000002020,M,,,-32
0000012745,2034,9000000008,00000000002020,M,,,-5
0000012745,2035,9000000004,00000000002020,M,,,-36
0000012745,2035,9000000008,00000000002020,M,,,-5
0000012745,2036,9000000008,00000000002020,M,,,-5
0000012745,2037,9000000008,00000000002020,M,,,-5
0000012745,2038,9000000008,00000000002020,M,,,-5
0000012745,2039,9000000008,00000000002020,M,,,-3
0000013284,2028,9000000004,00000000002020,M,,,4966
0000013284,2028,9000000005,00000000002020,M,,,1159
0000013284,2028,9000000006,00000000002020,M,,,1648
0000013284,2028,9000000007,00000000002020,M,,,1800
0000013284,2028,9000000009,00000000002020,M,,,885
0000013284,2028,9000000011,00000000002020,M,,,570
0000013284,2029,9000000004,00000000002020,M,,,4966
0000013284,2029,9000000005,00000000002020,M,,,1159
0000013284,2029,9000000006,00000000002020,M,,,165
0000013284,2029,9000000007,00000000002020,M,,,290
0000013284,2029,9000000009,00000000002020,M,,,1514
0000013284,2029,9000000011,00000000002020,M,,,0
0000013284,2029,9000000012,00000000002020,M,,,0
0000013284,2030,9000000004,00000000002020,M,,,4966
0000013284,2030,9000000005,00000000002020,M,,,1159
0000013284,2030,9000000006,00000000002020,M,,,165
0000013284,2030,9000000007,00000000002020,M,,,290
0000013284,2030,9000000009,00000000002020,M,,,1514
0000013284,2030,9000000011,00000000002020,M,,,0
0000013284,2030,9000000012,00000000002020,M,,,0
0000013284,2031,9000000004,00000000002020,M,,,4966
0000013284,2031,9000000005,00000000002020,M,,,1159
0000013284,2031,9000000006,00000000002020,M,,,165
0000013284,2031,9000000007,00000000002020,M,,,290
0000013284,2031,9000000009,00000000002020,M,,,1514
0000013284,2031,9000000011,00000000002020,M,,,0
0000013284,2031,9000000012,00000000002020,M,,,0
0000013284,2032,9000000004,00000000002020,M,,,4966
0000013284,2032,9000000005,00000000002020,M,,,1159
0000013284,2032,9000000006,00000000002020,M,,,165
0000013284,2032,9000000007,00000000002020,M,,,290
0000013284,2032,9000000009,00000000002020,M,,,1514
0000013284,2032,9000000011,00000000002020,M,,,0
0000013284,2032,9000000012,00000000002020,M,,,0
0000013284,2033,9000000004,00000000002020,M,,,4966
0000013284,2033,9000000005,00000000002020,M,,,1159
0000013284,2033,9000000006,00000000002020,M,,,165
0000013284,2033,9000000007,00000000002020,M,,,290
0000013284,2033,9000000009,00000000002020,M,,,1514
0000013284,2033,9000000011,00000000002020,M,,,0
0000013284,2033,9000000012,00000000002020,M,,,0
0000013284,2034,9000000004,00000000002020,M,,,4966
0000013284,2034,9000000005,00000000002020,M,,,1159
0000013284,2034,9000000006,00000000002020,M,,,165
0000013284,2034,9000000007,00000000002020,M,,,290
0000013284,2034,9000000009,00000000002020,M,,,1514
0000013284,2034,9000000011,00000000002020,M,,,0
0000013284,2034,9000000012,00000000002020,M,,,0
0000013284,2035,9000000004,00000000002020,M,,,4966
0000013284,2035,9000000005,00000000002020,M,,,1159
0000013284,2035,9000000006,00000000002020,M,,,165
0000013284,2035,9000000007,00000000002020,M,,,290
0000013284,2035,9000000009,00000000002020,M,,,1514
0000013284,2035,9000000011,00000000002020,M,,,0
0000013284,2035,9000000012,00000000002020,M,,,0
0000013284,2036,9000000004,00000000002020,M,,,4966
0000013284,2036,9000000005,00000000002020,M,,,1159
0000013284,2036,9000000006,00000000002020,M,,,165
0000013284,2036,9000000007,00000000002020,M,,,290
0000013284,2036,9000000009,00000000002020,M,,,1514
0000013284,2036,9000000011,00000000002020,M,,,0
0000013284,2036,9000000012,00000000002020,M,,,0
0000013284,2037,9000000004,00000000002020,M,,,4966
0000013284,2037,9000000005,00000000002020,M,,,1159
0000013284,2037,9000000006,00000000002020,M,,,165
0000013284,2037,9000000007,00000000002020,M,,,290
0000013284,2037,9000000009,00000000002020,M,,,1514
0000013284,2037,9000000011,00000000002020,M,,,0
0000013284,2037,9000000012,00000000002020,M,,,0
0000013284,2038,9000000004,00000000002020,M,,,4966
0000013284,2038,9000000005,00000000002020,M,,,1159
0000013284,2038,9000000006,00000000002020,M,,,165
0000013284,2038,9000000007,00000000002020,M,,,290
0000013284,2038,9000000009,00000000002020,M,,,1514
0000013284,2038,9000000011,00000000002020,M,,,0
0000013284,2038,9000000012,00000000002020,M,,,0
0000013284,2039,9000000004,00000000002020,M,,,4966
0000013284,2039,9000000005,00000000002020,M,,,1159
0000013284,2039,9000000006,00000000002020,M,,,165
0000013284,2039,9000000007,00000000002020,M,,,290
0000013284,2039,9000000009,00000000002020,M,,,1514
0000013284,2039,9000000011,00000000002020,M,,,0
0000013284,2039,9000000012,00000000002020,M,,,0
0000013284,2040,9000000004,00000000002020,M,,,4966
0000013284,2040,9000000005,00000000002020,M,,,1159
0000013284,2040,9000000006,00000000002020,M,,,165
0000013284,2040,9000000007,00000000002020,M,,,290
0000013284,2040,9000000009,00000000002020,M,,,1514
0000013284,2040,9000000011,00000000002020,M,,,0
0000013284,2040,9000000012,00000000002020,M,,,0
0000013285,2029,9000000003,00000000002020,M,,,99
0000013285,2029,9000000004,00000000002020,M,,,64
0000013285,2029,9000000005,00000000002020,M,,,14
0000013285,2029,9000000006,00000000002020,M,,,15
0000013285,2029,9000000007,00000000002020,M,,,19
0000013285,2029,9000000008,00000000002020,M,,,61
0000013285,2029,9000000009,00000000002020,M,,,0
0000013285,2029,9000000010,00000000002020,M,,,265
0000013285,2029,9000000011,00000000002020,M,,,-1
0000013285,2029,9000000012,00000000002020,M,,,0
0000013285,2030,9000000003,00000000002020,M,,,283
0000013285,2030,9000000004,00000000002020,M,,,164
0000013285,2030,9000000005,00000000002020,M,,,29
0000013285,2030,9000000006,00000000002020,M,,,19
0000013285,2030,9000000007,00000000002020,M,,,64
0000013285,2030,9000000008,00000000002020,M,,,215
0000013285,2030,9000000009,00000000002020,M,,,0
0000013285,2030,9000000010,00000000002020,M,,,645
0000013285,2030,9000000011,00000000002020,M,,,-1
0000013285,2030,9000000012,00000000002020,M,,,0
0000013285,2031,9000000003,00000000002020,M,,,314
0000013285,2031,9000000004,00000000002020,M,,,237
0000013285,2031,9000000005,00000000002020,M,,,44
0000013285,2031,9000000006,00000000002020,M,,,19
0000013285,2031,9000000007,00000000002020,M,,,128
0000013285,2031,9000000008,00000000002020,M,,,254
0000013285,2031,9000000009,00000000002020,M,,,0
0000013285,2031,9000000010,00000000002020,M,,,1109
0000013285,2031,9000000011,00000000002020,M,,,-1
0000013285,2031,9000000012,00000000002020,M,,,0
0000013285,2032,9000000003,00000000002020,M,,,370
0000013285,2032,9000000004,00000000002020,M,,,271
0000013285,2032,9000000005,00000000002020,M,,,76
0000013285,2032,9000000006,00000000002020,M,,,19
0000013285,2032,9000000007,00000000002020,M,,,194
0000013285,2032,9000000008,00000000002020,M,,,311
0000013285,2032,9000000009,00000000002020,M,,,0
0000013285,2032,9000000010,00000000002020,M,,,1665
0000013285,2032,9000000011,00000000002020,M,,,-1
0000013285,2032,9000000012,00000000002020,M,,,0
0000013285,2033,9000000003,00000000002020,M,,,391
0000013285,2033,9000000004,00000000002020,M,,,303
0000013285,2033,9000000005,00000000002020,M,,,152
0000013285,2033,9000000006,00000000002020,M,,,19
0000013285,2033,9000000007,00000000002020,M,,,219
0000013285,2033,9000000008,00000000002020,M,,,428
0000013285,2033,9000000009,00000000002020,M,,,0
0000013285,2033,9000000010,00000000002020,M,,,2246
0000013285,2033,9000000011,00000000002020,M,,,-1
0000013285,2033,9000000012,00000000002020,M,,,0
0000013285,2034,9000000003,00000000002020,M,,,411
0000013285,2034,9000000004,00000000002020,M,,,361
0000013285,2034,9000000005,00000000002020,M,,,259
0000013285,2034,9000000006,00000000002020,M,,,20
0000013285,2034,9000000007,00000000002020,M,,,240
0000013285,2034,9000000008,00000000002020,M,,,465
0000013285,2034,9000000009,00000000002020,M,,,0
0000013285,2034,9000000010,00000000002020,M,,,2948
0000013285,2034,9000000011,00000000002020,M,,,-1
0000013285,2034,9000000012,00000000002020,M,,,0
0000013285,2035,9000000003,00000000002020,M,,,431
0000013285,2035,9000000004,00000000002020,M,,,403
0000013285,2035,9000000005,00000000002020,M,,,401
0000013285,2035,9000000006,00000000002020,M,,,20
0000013285,2035,9000000007,00000000002020,M,,,253
0000013285,2035,9000000008,00000000002020,M,,,498
0000013285,2035,9000000009,00000000002020,M,,,0
0000013285,2035,9000000010,00000000002020,M,,,3765
0000013285,2035,9000000011,00000000002020,M,,,-1
0000013285,2035,9000000012,00000000002020,M,,,0
0000013285,2036,9000000003,00000000002020,M,,,450
0000013285,2036,9000000004,00000000002020,M,,,442
0000013285,2036,9000000005,00000000002020,M,,,511
0000013285,2036,9000000006,00000000002020,M,,,20
0000013285,2036,9000000007,00000000002020,M,,,262
0000013285,2036,9000000008,00000000002020,M,,,530
0000013285,2036,9000000009,00000000002020,M,,,0
0000013285,2036,9000000010,00000000002020,M,,,4447
0000013285,2036,9000000011,00000000002020,M,,,-1
0000013285,2036,9000000012,00000000002020,M,,,0
0000013285,2037,9000000003,00000000002020,M,,,463
0000013285,2037,9000000004,00000000002020,M,,,506
0000013285,2037,9000000005,00000000002020,M,,,606
0000013285,2037,9000000006,00000000002020,M,,,20
0000013285,2037,9000000007,00000000002020,M,,,265
0000013285,2037,9000000008,00000000002020,M,,,563
0000013285,2037,9000000009,00000000002020,M,,,0
0000013285,2037,9000000010,00000000002020,M,,,4959
0000013285,2037,9000000011,00000000002020,M,,,-1
0000013285,2037,9000000012,00000000002020,M,,,0
0000013285,2038,9000000003,00000000002020,M,,,465
0000013285,2038,9000000004,00000000002020,M,,,580
0000013285,2038,9000000005,00000000002020,M,,,630
0000013285,2038,9000000006,00000000002020,M,,,20
0000013285,2038,9000000007,00000000002020,M,,,269
0000013285,2038,9000000008,00000000002020,M,,,596
0000013285,2038,9000000009,00000000002020,M,,,0
0000013285,2038,9000000010,00000000002020,M,,,5418
0000013285,2038,9000000011,00000000002020,M,,,-1
0000013285,2038,9000000012,00000000002020,M,,,0
0000013285,2039,9000000003,00000000002020,M,,,468
0000013285,2039,9000000004,00000000002020,M,,,659
0000013285,2039,9000000005,00000000002020,M,,,645
0000013285,2039,9000000006,00000000002020,M,,,20
0000013285,2039,9000000007,00000000002020,M,,,274
0000013285,2039,9000000008,00000000002020,M,,,629
0000013285,2039,9000000009,00000000002020,M,,,0
0000013285,2039,9000000010,00000000002020,M,,,5888
0000013285,2039,9000000011,00000000002020,M,,,-1
0000013285,2039,9000000012,00000000002020,M,,,0
0000013285,2040,9000000003,00000000002020,M,,,468
0000013285,2040,9000000004,00000000002020,M,,,740
0000013285,2040,9000000005,00000000002020,M,,,661
0000013285,2040,9000000006,00000000002020,M,,,20
0000013285,2040,9000000007,00000000002020,M,,,278
0000013285,2040,9000000008,00000000002020,M,,,662
0000013285,2040,9000000009,00000000002020,M,,,0
0000013285,2040,9000000010,00000000002020,M,,,6479
0000013285,2040,9000000011,00000000002020,M,,,-1
0000013285,2040,9000000012,00000000002020,M,,,0
0000013286,2029,9000000012,00000000002020,M,,,-40
0000013286,2030,9000000012,00000000002020,M,,,-37
0000013286,2031,9000000012,00000000002020,M,,,-14
0000013286,2032,9000000012,00000000002020,M,,,-16
0000013286,2033,9000000012,00000000002020,M,,,-13
0000013286,2034,9000000012,00000000002020,M,,,-11
0000013286,2035,9000000012,00000000002020,M,,,-7
0000013286,2036,9000000012,00000000002020,M,,,-4
0000013286,2037,9000000012,00000000002020,M,,,-3
0000013286,2038,9000000012,00000000002020,M,,,-2
0000013287,2028,9000000004,00000000002020,M,,,-40
0000013287,2028,9000000005,00000000002020,M,,,-8
0000013287,2028,9000000008,00000000002020,M,,,-44
0000013287,2028,9000000010,00000000002020,M,,,-141
0000013287,2028,9000000011,00000000002020,M,,,-1
0000013287,2028,9000000012,00000000002020,M,,,-94
0000013287,2029,9000000004,00000000002020,M,,,-52
0000013287,2029,9000000005,00000000002020,M,,,-13
0000013287,2029,9000000008,00000000002020,M,,,-30
0000013287,2029,9000000010,00000000002020,M,,,-151
0000013287,2029,9000000012,00000000002020,M,,,-7
0000013287,2030,9000000004,00000000002020,M,,,-47
0000013287,2030,9000000005,00000000002020,M,,,-6
0000013287,2030,9000000006,00000000002020,M,,,-1
0000013287,2030,9000000007,00000000002020,M,,,-40
0000013287,2030,9000000008,00000000002020,M,,,-45
0000013287,2030,9000000010,00000000002020,M,,,-185
0000013287,2030,9000000012,00000000002020,M,,,-7
0000013287,2031,9000000004,00000000002020,M,,,-40
0000013287,2031,9000000005,00000000002020,M,,,-11
0000013287,2031,9000000006,00000000002020,M,,,-1
0000013287,2031,9000000007,00000000002020,M,,,-40
0000013287,2031,9000000008,00000000002020,M,,,-55
0000013287,2031,9000000010,00000000002020,M,,,-210
0000013287,2031,9000000012,00000000002020,M,,,-7
0000013287,2032,9000000004,00000000002020,M,,,-39
0000013287,2032,9000000005,00000000002020,M,,,-19
0000013287,2032,9000000006,00000000002020,M,,,-1
0000013287,2032,9000000007,00000000002020,M,,,-23
0000013287,2032,9000000008,00000000002020,M,,,-89
0000013287,2032,9000000010,00000000002020,M,,,-227
0000013287,2032,9000000012,00000000002020,M,,,-7
0000013287,2033,9000000004,00000000002020,M,,,-44
0000013287,2033,9000000005,00000000002020,M,,,-25
0000013287,2033,9000000006,00000000002020,M,,,-1
0000013287,2033,9000000007,00000000002020,M,,,-21
0000013287,2033,9000000008,00000000002020,M,,,-44
0000013287,2033,9000000010,00000000002020,M,,,-301
0000013287,2033,9000000012,00000000002020,M,,,-7
0000013287,2034,9000000004,00000000002020,M,,,-36
0000013287,2034,9000000005,00000000002020,M,,,-33
0000013287,2034,9000000006,00000000002020,M,,,-1
0000013287,2034,9000000007,00000000002020,M,,,-16
0000013287,2034,9000000008,00000000002020,M,,,-42
0000013287,2034,9000000010,00000000002020,M,,,-363
0000013287,2034,9000000012,00000000002020,M,,,-7
0000013287,2035,9000000004,00000000002020,M,,,-34
0000013287,2035,9000000005,00000000002020,M,,,-26
0000013287,2035,9000000006,00000000002020,M,,,-1
0000013287,2035,9000000007,00000000002020,M,,,-13
0000013287,2035,9000000008,00000000002020,M,,,-42
0000013287,2035,9000000010,00000000002020,M,,,-298
0000013287,2035,9000000012,00000000002020,M,,,-6
0000013287,2036,9000000004,00000000002020,M,,,-38
0000013287,2036,9000000005,00000000002020,M,,,-23
0000013287,2036,9000000006,00000000002020,M,,,-1
0000013287,2036,9000000007,00000000002020,M,,,-11
0000013287,2036,9000000008,00000000002020,M,,,-19
0000013287,2036,9000000010,00000000002020,M,,,-268
0000013287,2036,9000000012,00000000002020,M,,,-7
0000013287,2037,9000000004,00000000002020,M,,,-40
0000013287,2037,9000000005,00000000002020,M,,,-8
0000013287,2037,9000000006,00000000002020,M,,,-1
0000013287,2037,9000000007,00000000002020,M,,,-3
0000013287,2037,9000000008,00000000002020,M,,,-19
0000013287,2037,9000000010,00000000002020,M,,,-275
0000013287,2037,9000000012,00000000002020,M,,,-5
0000013287,2038,9000000004,00000000002020,M,,,-44
0000013287,2038,9000000005,00000000002020,M,,,-6
0000013287,2038,9000000007,00000000002020,M,,,-3
0000013287,2038,9000000008,00000000002020,M,,,-19
0000013287,2038,9000000010,00000000002020,M,,,-246
0000013287,2038,9000000012,00000000002020,M,,,-3
0000013287,2039,9000000004,00000000002020,M,,,-38
0000013287,2039,9000000005,00000000002020,M,,,-7
0000013287,2039,9000000007,00000000002020,M,,,-3
0000013287,2039,9000000008,00000000002020,M,,,-19
0000013287,2039,9000000010,00000000002020,M,,,-327
0000013287,2039,9000000012,00000000002020,M,,,-5
0000013287,2040,9000000004,00000000002020,M,,,-43
0000013287,2040,9000000005,00000000002020,M,,,-7
0000013287,2040,9000000007,00000000002020,M,,,-4
0000013287,2040,9000000010,00000000002020,M,,,-271
0000013287,2040,9000000012,00000000002020,M,,,-6
0000013288,2028,9000000009,00000000002020,M,,,0
0000013288,2028,9000000012,00000000002020,M,,,5
0000013288,2029,9000000009,00000000002020,M,,,-1
0000013288,2029,9000000012,00000000002020,M,,,0
0000013288,2030,9000000009,00000000002020,M,,,-1
0000013288,2030,9000000012,00000000002020,M,,,-3
0000013288,2031,9000000012,00000000002020,M,,,0
0000013288,2032,9000000012,00000000002020,M,,,-1
0000013288,2033,9000000012,00000000002020,M,,,-1
0000013288,2034,9000000012,00000000002020,M,,,-2
0000013288,2035,9000000012,00000000002020,M,,,-1
0000013288,2036,9000000012,00000000002020,M,,,-1
0000013288,2037,9000000012,00000000002020,M,,,-1
0000013288,2038,9000000012,00000000002020,M,,,-1
0000013288,2039,9000000012,00000000002020,M,,,-1
0000013288,2040,9000000012,00000000002020,M,,,-1
0000013289,2029,9000000004,00000000002020,M,,,23
0000013289,2029,9000000005,00000000002020,M,,,35
0000013289,2029,9000000009,00000000002020,M,,,3
0000013289,2029,9000000010,00000000002020,M,,,79
0000013289,2029,9000000011,00000000002020,M,,,29
0000013289,2029,9000000012,00000000002020,M,,,5
0000013289,2030,9000000004,00000000002020,M,,,22
0000013289,2030,9000000005,00000000002020,M,,,47
0000013289,2030,9000000009,00000000002020,M,,,2
0000013289,2030,9000000010,00000000002020,M,,,83
0000013289,2030,9000000011,00000000002020,M,,,26
0000013289,2030,9000000012,00000000002020,M,,,6
0000013289,2031,9000000004,00000000002020,M,,,21
0000013289,2031,9000000005,00000000002020,M,,,30
0000013289,2031,9000000006,00000000002020,M,,,27
0000013289,2031,9000000007,00000000002020,M,,,31
0000013289,2031,9000000009,00000000002020,M,,,0
0000013289,2031,9000000010,00000000002020,M,,,87
0000013289,2031,9000000011,00000000002020,M,,,24
0000013289,2031,9000000012,00000000002020,M,,,3
0000013289,2032,9000000004,00000000002020,M,,,19
0000013289,2032,9000000005,00000000002020,M,,,30
0000013289,2032,9000000006,00000000002020,M,,,26
0000013289,2032,9000000007,00000000002020,M,,,29
0000013289,2032,9000000009,00000000002020,M,,,0
0000013289,2032,9000000010,00000000002020,M,,,90
0000013289,2032,9000000011,00000000002020,M,,,21
0000013289,2032,9000000012,00000000002020,M,,,3
0000013289,2033,9000000004,00000000002020,M,,,19
0000013289,2033,9000000005,00000000002020,M,,,30
0000013289,2033,9000000006,00000000002020,M,,,26
0000013289,2033,9000000007,00000000002020,M,,,31
0000013289,2033,9000000010,00000000002020,M,,,96
0000013289,2033,9000000011,00000000002020,M,,,22
0000013289,2033,9000000012,00000000002020,M,,,3
0000013289,2034,9000000004,00000000002020,M,,,18
0000013289,2034,9000000005,00000000002020,M,,,30
0000013289,2034,9000000006,00000000002020,M,,,26
0000013289,2034,9000000007,00000000002020,M,,,30
0000013289,2034,9000000010,00000000002020,M,,,103
0000013289,2034,9000000011,00000000002020,M,,,23
0000013289,2034,9000000012,00000000002020,M,,,3
0000013289,2035,9000000004,00000000002020,M,,,19
0000013289,2035,9000000005,00000000002020,M,,,32
0000013289,2035,9000000006,00000000002020,M,,,26
0000013289,2035,9000000007,00000000002020,M,,,27
0000013289,2035,9000000010,00000000002020,M,,,107
0000013289,2035,9000000012,00000000002020,M,,,2
0000013289,2036,9000000004,00000000002020,M,,,18
0000013289,2036,9000000005,00000000002020,M,,,33
0000013289,2036,9000000006,00000000002020,M,,,25
0000013289,2036,9000000007,00000000002020,M,,,25
0000013289,2036,9000000010,00000000002020,M,,,112
0000013289,2036,9000000012,00000000002020,M,,,2
0000013289,2037,9000000004,00000000002020,M,,,19
0000013289,2037,9000000005,00000000002020,M,,,29
0000013289,2037,9000000006,00000000002020,M,,,25
0000013289,2037,9000000007,00000000002020,M,,,25
0000013289,2037,9000000010,00000000002020,M,,,122
0000013289,2037,9000000012,00000000002020,M,,,2
0000013289,2038,9000000004,00000000002020,M,,,17
0000013289,2038,9000000005,00000000002020,M,,,14
0000013289,2038,9000000006,00000000002020,M,,,15
0000013289,2038,9000000007,00000000002020,M,,,27
0000013289,2038,9000000010,00000000002020,M,,,128
0000013289,2038,9000000012,00000000002020,M,,,2
0000013289,2039,9000000004,00000000002020,M,,,17
0000013289,2039,9000000005,00000000002020,M,,,15
0000013289,2039,9000000006,00000000002020,M,,,0
0000013289,2039,9000000007,00000000002020,M,,,24
0000013289,2039,9000000010,00000000002020,M,,,134
0000013289,2039,9000000012,00000000002020,M,,,2
0000013289,2040,9000000004,00000000002020,M,,,18
0000013289,2040,9000000005,00000000002020,M,,,15
0000013289,2040,9000000006,00000000002020,M,,,0
0000013289,2040,9000000007,00000000002020,M,,,23
0000013289,2040,9000000010,00000000002020,M,,,141
0000013290,2028,9000000011,00000000002020,M,,,0
0000013290,2028,9000000011,00000000002020,M,,,-1
0000013290,2028,9000000012,00000000002020,M,,,39
0000013290,2029,9000000012,00000000002020,M,,,-4
0000013290,2030,9000000012,00000000002020,M,,,-23
0000013290,2031,9000000012,00000000002020,M,,,1
0000013290,2032,9000000012,00000000002020,M,,,-4
0000013290,2033,9000000012,00000000002020,M,,,-2
0000013290,2034,9000000012,00000000002020,M,,,-4
0000013290,2035,9000000012,00000000002020,M,,,-4
0000013290,2036,9000000012,00000000002020,M,,,-1
0000013290,2037,9000000012,00000000002020,M,,,-2
0000013290,2038,9000000012,00000000002020,M,,,-2
0000013291,2028,9000000003,00000000002020,M,,,-65
0000013291,2028,9000000004,00000000002020,M,,,-1453
0000013291,2028,9000000005,00000000002020,M,,,-12
0000013291,2028,9000000006,00000000002020,M,,,16
0000013291,2028,9000000007,00000000002020,M,,,-13
0000013291,2028,9000000008,00000000002020,M,,,-35
0000013291,2028,9000000009,00000000002020,M,,,-2
0000013291,2029,9000000004,00000000002020,M,,,-40
0000013291,2029,9000000005,00000000002020,M,,,-8
0000013291,2029,9000000006,00000000002020,M,,,-19
0000013291,2029,9000000007,00000000002020,M,,,-12
0000013291,2029,9000000008,00000000002020,M,,,-44
0000013291,2029,9000000010,00000000002020,M,,,-141
0000013291,2029,9000000011,00000000002020,M,,,-1
0000013291,2029,9000000012,00000000002020,M,,,-94
0000013291,2030,9000000004,00000000002020,M,,,-52
0000013291,2030,9000000005,00000000002020,M,,,-13
0000013291,2030,9000000006,00000000002020,M,,,-15
0000013291,2030,9000000008,00000000002020,M,,,-30
0000013291,2030,9000000010,00000000002020,M,,,-151
0000013291,2030,9000000012,00000000002020,M,,,-7
0000013291,2031,9000000004,00000000002020,M,,,-47
0000013291,2031,9000000005,00000000002020,M,,,-6
0000013291,2031,9000000006,00000000002020,M,,,-1
0000013291,2031,9000000007,00000000002020,M,,,-40
0000013291,2031,9000000008,00000000002020,M,,,-45
0000013291,2031,9000000010,00000000002020,M,,,-185
0000013291,2031,9000000012,00000000002020,M,,,-7
0000013291,2032,9000000004,00000000002020,M,,,-40
0000013291,2032,9000000005,00000000002020,M,,,-11
0000013291,2032,9000000006,00000000002020,M,,,-1
0000013291,2032,9000000007,00000000002020,M,,,-40
0000013291,2032,9000000008,00000000002020,M,,,-55
0000013291,2032,9000000010,00000000002020,M,,,-210
0000013291,2032,9000000012,00000000002020,M,,,-7
0000013291,2033,9000000004,00000000002020,M,,,-39
0000013291,2033,9000000005,00000000002020,M,,,-19
0000013291,2033,9000000006,00000000002020,M,,,-1
0000013291,2033,9000000007,00000000002020,M,,,-23
0000013291,2033,9000000008,00000000002020,M,,,-89
0000013291,2033,9000000010,00000000002020,M,,,-227
0000013291,2033,9000000012,00000000002020,M,,,-7
0000013291,2034,9000000004,00000000002020,M,,,-44
0000013291,2034,9000000005,00000000002020,M,,,-25
0000013291,2034,9000000006,00000000002020,M,,,-1
0000013291,2034,9000000007,00000000002020,M,,,-21
0000013291,2034,9000000008,00000000002020,M,,,-44
0000013291,2034,9000000010,00000000002020,M,,,-301
0000013291,2034,9000000012,00000000002020,M,,,-7
0000013291,2035,9000000004,00000000002020,M,,,-36
0000013291,2035,9000000005,00000000002020,M,,,-33
0000013291,2035,9000000006,00000000002020,M,,,-1
0000013291,2035,9000000007,00000000002020,M,,,-16
0000013291,2035,9000000008,00000000002020,M,,,-42
0000013291,2035,9000000010,00000000002020,M,,,-363
0000013291,2035,9000000012,00000000002020,M,,,-7
0000013291,2036,9000000004,00000000002020,M,,,-34
0000013291,2036,9000000005,00000000002020,M,,,-26
0000013291,2036,9000000006,00000000002020,M,,,-1
0000013291,2036,9000000007,00000000002020,M,,,-13
0000013291,2036,9000000008,00000000002020,M,,,-42
0000013291,2036,9000000010,00000000002020,M,,,-298
0000013291,2036,9000000012,00000000002020,M,,,-6
0000013291,2037,9000000004,00000000002020,M,,,-38
0000013291,2037,9000000005,00000000002020,M,,,-23
0000013291,2037,9000000006,00000000002020,M,,,-1
0000013291,2037,9000000007,00000000002020,M,,,-11
0000013291,2037,9000000008,00000000002020,M,,,-19
0000013291,2037,9000000010,00000000002020,M,,,-268
0000013291,2037,9000000012,00000000002020,M,,,-7
0000013291,2038,9000000004,00000000002020,M,,,-40
0000013291,2038,9000000005,00000000002020,M,,,-8
0000013291,2038,9000000006,00000000002020,M,,,-1
0000013291,2038,9000000007,00000000002020,M,,,-3
0000013291,2038,9000000008,00000000002020,M,,,-19
0000013291,2038,9000000010,00000000002020,M,,,-275
0000013291,2038,9000000012,00000000002020,M,,,-5
0000013291,2039,9000000004,00000000002020,M,,,-44
0000013291,2039,9000000005,00000000002020,M,,,-6
0000013291,2039,9000000007,00000000002020,M,,,-3
0000013291,2039,9000000008,00000000002020,M,,,-19
0000013291,2039,9000000010,00000000002020,M,,,-246
0000013291,2039,9000000012,00000000002020,M,,,-3
0000013291,2040,9000000004,00000000002020,M,,,-38
0000013291,2040,9000000005,00000000002020,M,,,-7
0000013291,2040,9000000007,00000000002020,M,,,-3
0000013291,2040,9000000008,00000000002020,M,,,-19
0000013291,2040,9000000010,00000000002020,M,,,-327
0000013291,2040,9000000012,00000000002020,M,,,-5
0000013292,2029,9000000009,00000000002020,M,,,-1
0000013292,2029,9000000012,00000000002020,M,,,-6
0000013292,2030,9000000009,00000000002020,M,,,-1
0000013292,2030,9000000012,00000000002020,M,,,-7
0000013292,2031,9000000012,00000000002020,M,,,-4
0000013292,2032,9000000012,00000000002020,M,,,-4
0000013292,2033,9000000012,00000000002020,M,,,-4
0000013292,2034,9000000012,00000000002020,M,,,-3
0000013292,2035,9000000012,00000000002020,M,,,-2
0000013292,2036,9000000012,00000000002020,M,,,-2
0000013292,2037,9000000012,00000000002020,M,,,-2
0000013292,2038,9000000012,00000000002020,M,,,-2
0000013292,2039,9000000012,00000000002020,M,,,-1
0000013292,2040,9000000012,00000000002020,M,,,-1
0000013293,2028,9000000004,00000000002020,M,,,23
0000013293,2028,9000000005,00000000002020,M,,,35
0000013293,2028,9000000009,00000000002020,M,,,3
0000013293,2028,9000000010,00000000002020,M,,,96
0000013293,2028,9000000010,00000000002020,M,,,-17
0000013293,2028,9000000011,00000000002020,M,,,30
0000013293,2028,9000000011,00000000002020,M,,,-1
0000013293,2028,9000000012,00000000002020,M,,,5
0000013293,2029,9000000004,00000000002020,M,,,-1
0000013293,2029,9000000005,00000000002020,M,,,12
0000013293,2029,9000000009,00000000002020,M,,,-2
0000013293,2029,9000000010,00000000002020,M,,,3
0000013293,2029,9000000011,00000000002020,M,,,-4
0000013293,2029,9000000012,00000000002020,M,,,0
0000013293,2030,9000000004,00000000002020,M,,,-2
0000013293,2030,9000000005,00000000002020,M,,,-17
0000013293,2030,9000000006,00000000002020,M,,,27
0000013293,2030,9000000007,00000000002020,M,,,31
0000013293,2030,9000000009,00000000002020,M,,,-2
0000013293,2030,9000000010,00000000002020,M,,,4
0000013293,2030,9000000011,00000000002020,M,,,-2
0000013293,2030,9000000012,00000000002020,M,,,-4
0000013293,2031,9000000004,00000000002020,M,,,-2
0000013293,2031,9000000005,00000000002020,M,,,-1
0000013293,2031,9000000006,00000000002020,M,,,-2
0000013293,2031,9000000007,00000000002020,M,,,-2
0000013293,2031,9000000009,00000000002020,M,,,-1
0000013293,2031,9000000010,00000000002020,M,,,2
0000013293,2031,9000000011,00000000002020,M,,,-4
0000013293,2031,9000000012,00000000002020,M,,,-1
0000013293,2032,9000000004,00000000002020,M,,,0
0000013293,2032,9000000005,00000000002020,M,,,0
0000013293,2032,9000000006,00000000002020,M,,,0
0000013293,2032,9000000007,00000000002020,M,,,1
0000013293,2032,9000000009,00000000002020,M,,,-1
0000013293,2032,9000000010,00000000002020,M,,,6
0000013293,2032,9000000011,00000000002020,M,,,1
0000013293,2032,9000000012,00000000002020,M,,,-1
0000013293,2033,9000000004,00000000002020,M,,,-1
0000013293,2033,9000000005,00000000002020,M,,,0
0000013293,2033,9000000006,00000000002020,M,,,-1
0000013293,2033,9000000007,00000000002020,M,,,-1
0000013293,2033,9000000010,00000000002020,M,,,6
0000013293,2033,9000000011,00000000002020,M,,,0
0000013293,2033,9000000012,00000000002020,M,,,-1
0000013293,2034,9000000004,00000000002020,M,,,0
0000013293,2034,9000000005,00000000002020,M,,,1
0000013293,2034,9000000006,00000000002020,M,,,-1
0000013293,2034,9000000007,00000000002020,M,,,-3
0000013293,2034,9000000010,00000000002020,M,,,3
0000013293,2034,9000000011,00000000002020,M,,,-24
0000013293,2034,9000000012,00000000002020,M,,,-1
0000013293,2035,9000000004,00000000002020,M,,,-2
0000013293,2035,9000000005,00000000002020,M,,,1
0000013293,2035,9000000006,00000000002020,M,,,-1
0000013293,2035,9000000007,00000000002020,M,,,-3
0000013293,2035,9000000010,00000000002020,M,,,5
0000013293,2035,9000000012,00000000002020,M,,,-1
0000013293,2036,9000000004,00000000002020,M,,,0
0000013293,2036,9000000005,00000000002020,M,,,-4
0000013293,2036,9000000006,00000000002020,M,,,-1
0000013293,2036,9000000007,00000000002020,M,,,-1
0000013293,2036,9000000010,00000000002020,M,,,10
0000013293,2036,9000000012,00000000002020,M,,,0
0000013293,2037,9000000004,00000000002020,M,,,-2
0000013293,2037,9000000005,00000000002020,M,,,-16
0000013293,2037,9000000006,00000000002020,M,,,-10
0000013293,2037,9000000007,00000000002020,M,,,1
0000013293,2037,9000000010,00000000002020,M,,,5
0000013293,2037,9000000012,00000000002020,M,,,0
0000013293,2038,9000000004,00000000002020,M,,,-1
0000013293,2038,9000000005,00000000002020,M,,,0
0000013293,2038,9000000006,00000000002020,M,,,-16
0000013293,2038,9000000007,00000000002020,M,,,-3
0000013293,2038,9000000010,00000000002020,M,,,5
0000013293,2038,9000000012,00000000002020,M,,,-1
0000013293,2039,9000000004,00000000002020,M,,,1
0000013293,2039,9000000005,00000000002020,M,,,0
0000013293,2039,9000000006,00000000002020,M,,,0
0000013293,2039,9000000007,00000000002020,M,,,-2
0000013293,2039,9000000010,00000000002020,M,,,6
0000013293,2039,9000000012,00000000002020,M,,,-3
0000013293,2040,9000000004,00000000002020,M,,,-1
0000013293,2040,9000000005,00000000002020,M,,,-1
0000013293,2040,9000000007,00000000002020,M,,,1
0000013293,2040,9000000010,00000000002020,M,,,13
0000013295,2028,9000000011,00000000002020,M,,,-1
0000013295,2028,9000000012,00000000002020,M,,,-1
0000013295,2029,9000000011,00000000002020,M,,,-1
0000013295,2029,9000000012,00000000002020,M,,,-1
0000013295,2030,9000000011,00000000002020,M,,,-1
0000013295,2030,9000000012,00000000002020,M,,,-1
0000013295,2031,9000000011,00000000002020,M,,,-1
0000013295,2031,9000000012,00000000002020,M,,,-1
0000013295,2032,9000000011,00000000002020,M,,,-1
0000013295,2032,9000000012,00000000002020,M,,,-1
0000013295,2033,9000000011,00000000002020,M,,,-1
0000013295,2033,9000000012,00000000002020,M,,,-1
0000013295,2034,9000000012,00000000002020,M,,,-1
0000013295,2035,9000000012,00000000002020,M,,,-1
0000013295,2036,9000000012,00000000002020,M,,,-1
0000013295,2037,9000000012,00000000002020,M,,,-1
0000013295,2038,9000000012,00000000002020,M,,,-1
0000013295,2039,9000000012,00000000002020,M,,,-1
0000013295,2040,9000000012,00000000002020,M,,,-1
0000013297,2028,9000000012,00000000002020,M,,,-22
0000013297,2029,9000000012,00000000002020,M,,,-25
0000013297,2030,9000000012,00000000002020,M,,,-15
0000013297,2031,9000000012,00000000002020,M,,,-16
0000013297,2032,9000000012,00000000002020,M,,,-13
0000013297,2033,9000000012,00000000002020,M,,,-11
0000013297,2034,9000000012,00000000002020,M,,,-7
0000013297,2035,9000000012,00000000002020,M,,,-6
0000013297,2036,9000000012,00000000002020,M,,,-6
0000013297,2037,9000000012,00000000002020,M,,,-6
0000013297,2038,9000000012,00000000002020,M,,,-6
0000013297,2039,9000000012,00000000002020,M,,,-5
0000013297,2040,9000000012,00000000002020,M,,,-5
0000013298,2029,9000000004,00000000002020,M,,,-2
0000013298,2029,9000000006,00000000002020,M,,,70
0000013298,2029,9000000007,00000000002020,M,,,32
0000013298,2029,9000000009,00000000002020,M,,,30
0000013298,2029,9000000010,00000000002020,M,,,151
0000013298,2029,9000000011,00000000002020,M,,,23
0000013298,2030,9000000004,00000000002020,M,,,-2
0000013298,2030,9000000006,00000000002020,M,,,70
0000013298,2030,9000000007,00000000002020,M,,,32
0000013298,2030,9000000009,00000000002020,M,,,30
0000013298,2030,9000000010,00000000002020,M,,,151
0000013298,2030,9000000011,00000000002020,M,,,23
0000013298,2031,9000000004,00000000002020,M,,,-2
0000013298,2031,9000000006,00000000002020,M,,,70
0000013298,2031,9000000007,00000000002020,M,,,32
0000013298,2031,9000000009,00000000002020,M,,,30
0000013298,2031,9000000010,00000000002020,M,,,151
0000013298,2031,9000000011,00000000002020,M,,,23
0000013298,2032,9000000004,00000000002020,M,,,-2
0000013298,2032,9000000006,00000000002020,M,,,70
0000013298,2032,9000000007,00000000002020,M,,,32
0000013298,2032,9000000009,00000000002020,M,,,30
0000013298,2032,9000000010,00000000002020,M,,,151
0000013298,2032,9000000011,00000000002020,M,,,23
0000013298,2033,9000000004,00000000002020,M,,,-2
0000013298,2033,9000000006,00000000002020,M,,,70
0000013298,2033,9000000007,00000000002020,M,,,32
0000013298,2033,9000000009,00000000002020,M,,,30
0000013298,2033,9000000010,00000000002020,M,,,151
0000013298,2033,9000000011,00000000002020,M,,,23
0000013298,2034,9000000004,00000000002020,M,,,-2
0000013298,2034,9000000006,00000000002020,M,,,70
0000013298,2034,9000000007,00000000002020,M,,,32
0000013298,2034,9000000009,00000000002020,M,,,30
0000013298,2034,9000000010,00000000002020,M,,,151
0000013298,2034,9000000011,00000000002020,M,,,23
0000013298,2035,9000000004,00000000002020,M,,,-2
0000013298,2035,9000000006,00000000002020,M,,,70
0000013298,2035,9000000007,00000000002020,M,,,32
0000013298,2035,9000000009,00000000002020,M,,,30
0000013298,2035,9000000010,00000000002020,M,,,151
0000013298,2035,9000000011,00000000002020,M,,,23
0000013298,2036,9000000004,00000000002020,M,,,-2
0000013298,2036,9000000006,00000000002020,M,,,70
0000013298,2036,9000000007,00000000002020,M,,,32
0000013298,2036,9000000009,00000000002020,M,,,30
0000013298,2036,9000000010,00000000002020,M,,,151
0000013298,2036,9000000011,00000000002020,M,,,23
0000013298,2037,9000000004,00000000002020,M,,,-2
0000013298,2037,9000000006,00000000002020,M,,,70
0000013298,2037,9000000007,00000000002020,M,,,32
0000013298,2037,9000000009,00000000002020,M,,,30
0000013298,2037,9000000010,00000000002020,M,,,151
0000013298,2037,9000000011,00000000002020,M,,,23
0000013298,2038,9000000004,00000000002020,M,,,-2
0000013298,2038,9000000006,00000000002020,M,,,70
0000013298,2038,9000000007,00000000002020,M,,,32
0000013298,2038,9000000009,00000000002020,M,,,30
0000013298,2038,9000000010,00000000002020,M,,,151
0000013298,2038,9000000011,00000000002020,M,,,23
0000013298,2039,9000000004,00000000002020,M,,,-2
0000013298,2039,9000000006,00000000002020,M,,,70
0000013298,2039,9000000007,00000000002020,M,,,32
0000013298,2039,9000000009,00000000002020,M,,,30
0000013298,2039,9000000010,00000000002020,M,,,151
0000013298,2039,9000000011,00000000002020,M,,,23
0000013298,2040,9000000004,00000000002020,M,,,-2
0000013298,2040,9000000006,00000000002020,M,,,70
0000013298,2040,9000000007,00000000002020,M,,,32
0000013298,2040,9000000009,00000000002020,M,,,30
0000013298,2040,9000000010,00000000002020,M,,,151
0000013298,2040,9000000011,00000000002020,M,,,23
0000013299,2028,9000000011,00000000002020,M,,,-1
0000013299,2028,9000000012,00000000002020,M,,,-1
0000013299,2029,9000000011,00000000002020,M,,,-1
0000013299,2029,9000000012,00000000002020,M,,,-1
0000013299,2030,9000000011,00000000002020,M,,,-1
0000013299,2030,9000000012,00000000002020,M,,,-1
0000013299,2031,9000000011,00000000002020,M,,,-1
0000013299,2031,9000000012,00000000002020,M,,,-1
0000013299,2032,9000000011,00000000002020,M,,,-1
0000013299,2032,9000000012,00000000002020,M,,,-1
0000013299,2033,9000000011,00000000002020,M,,,-1
0000013299,2033,9000000012,00000000002020,M,,,-1
0000013299,2034,9000000012,00000000002020,M,,,-1
0000013299,2035,9000000012,00000000002020,M,,,-1
0000013299,2036,9000000012,00000000002020,M,,,-1
0000013299,2037,9000000012,00000000002020,M,,,-1
0000013299,2038,9000000012,00000000002020,M,,,-1
0000013299,2039,9000000012,00000000002020,M,,,-1
0000013299,2040,9000000012,00000000002020,M,,,-1
0000013301,2028,9000000012,00000000002020,M,,,-22
0000013301,2029,9000000012,00000000002020,M,,,-25
0000013301,2030,9000000012,00000000002020,M,,,-15
0000013301,2031,9000000012,00000000002020,M,,,-16
0000013301,2032,9000000012,00000000002020,M,,,-13
0000013301,2033,9000000012,00000000002020,M,,,-11
0000013301,2034,9000000012,00000000002020,M,,,-7
0000013301,2035,9000000012,00000000002020,M,,,-6
0000013301,2036,9000000012,00000000002020,M,,,-6
0000013301,2037,9000000012,00000000002020,M,,,-6
0000013301,2038,9000000012,00000000002020,M,,,-6
0000013301,2039,9000000012,00000000002020,M,,,-5
0000013301,2040,9000000012,00000000002020,M,,,-5
0000013302,2028,9000000012,00000000002020,M,,,-40
0000013302,2029,9000000012,00000000002020,M,,,-37
0000013302,2030,9000000012,00000000002020,M,,,-14
0000013302,2031,9000000012,00000000002020,M,,,-16
0000013302,2032,9000000012,00000000002020,M,,,-13
0000013302,2033,9000000012,00000000002020,M,,,-11
0000013302,2034,9000000012,00000000002020,M,,,-7
0000013302,2035,9000000012,00000000002020,M,,,-4
0000013302,2036,9000000012,00000000002020,M,,,-3
0000013302,2037,9000000012,00000000002020,M,,,-2
0000013304,2028,9000000009,00000000002020,M,,,-1
0000013304,2028,9000000012,00000000002020,M,,,-6
0000013304,2029,9000000009,00000000002020,M,,,-1
0000013304,2029,9000000012,00000000002020,M,,,-7
0000013304,2030,9000000012,00000000002020,M,,,-4
0000013304,2031,9000000012,00000000002020,M,,,-4
0000013304,2032,9000000012,00000000002020,M,,,-4
0000013304,2033,9000000012,00000000002020,M,,,-3
0000013304,2034,9000000012,00000000002020,M,,,-2
0000013304,2035,9000000012,00000000002020,M,,,-2
0000013304,2036,9000000012,00000000002020,M,,,-2
0000013304,2037,9000000012,00000000002020,M,,,-2
0000013304,2038,9000000012,00000000002020,M,,,-1
0000013304,2039,9000000012,00000000002020,M,,,-1
0000013304,2040,9000000012,00000000002020,M,,,-1
0000013305,2028,9000000004,00000000002020,M,,,-24
0000013305,2028,9000000005,00000000002020,M,,,-36
0000013305,2028,9000000009,00000000002020,M,,,-4
0000013305,2028,9000000010,00000000002020,M,,,-80
0000013305,2028,9000000011,00000000002020,M,,,-30
0000013305,2028,9000000012,00000000002020,M,,,-6
0000013305,2029,9000000004,00000000002020,M,,,-23
0000013305,2029,9000000005,00000000002020,M,,,-48
0000013305,2029,9000000009,00000000002020,M,,,-3
0000013305,2029,9000000010,00000000002020,M,,,-84
0000013305,2029,9000000011,00000000002020,M,,,-27
0000013305,2029,9000000012,00000000002020,M,,,-7
0000013305,2030,9000000004,00000000002020,M,,,-22
0000013305,2030,9000000005,00000000002020,M,,,-31
0000013305,2030,9000000006,00000000002020,M,,,-28
0000013305,2030,9000000007,00000000002020,M,,,-32
0000013305,2030,9000000009,00000000002020,M,,,-1
0000013305,2030,9000000010,00000000002020,M,,,-88
0000013305,2030,9000000011,00000000002020,M,,,-25
0000013305,2030,9000000012,00000000002020,M,,,-4
0000013305,2031,9000000004,00000000002020,M,,,-20
0000013305,2031,9000000005,00000000002020,M,,,-31
0000013305,2031,9000000006,00000000002020,M,,,-27
0000013305,2031,9000000007,00000000002020,M,,,-30
0000013305,2031,9000000009,00000000002020,M,,,-1
0000013305,2031,9000000010,00000000002020,M,,,-91
0000013305,2031,9000000011,00000000002020,M,,,-22
0000013305,2031,9000000012,00000000002020,M,,,-4
0000013305,2032,9000000004,00000000002020,M,,,-20
0000013305,2032,9000000005,00000000002020,M,,,-31
0000013305,2032,9000000006,00000000002020,M,,,-27
0000013305,2032,9000000007,00000000002020,M,,,-32
0000013305,2032,9000000010,00000000002020,M,,,-97
0000013305,2032,9000000011,00000000002020,M,,,-23
0000013305,2032,9000000012,00000000002020,M,,,-4
0000013305,2033,9000000004,00000000002020,M,,,-19
0000013305,2033,9000000005,00000000002020,M,,,-31
0000013305,2033,9000000006,00000000002020,M,,,-27
0000013305,2033,9000000007,00000000002020,M,,,-31
0000013305,2033,9000000010,00000000002020,M,,,-104
0000013305,2033,9000000011,00000000002020,M,,,-24
0000013305,2033,9000000012,00000000002020,M,,,-4
0000013305,2034,9000000004,00000000002020,M,,,-20
0000013305,2034,9000000005,00000000002020,M,,,-33
0000013305,2034,9000000006,00000000002020,M,,,-27
0000013305,2034,9000000007,00000000002020,M,,,-28
0000013305,2034,9000000010,00000000002020,M,,,-108
0000013305,2034,9000000012,00000000002020,M,,,-3
0000013305,2035,9000000004,00000000002020,M,,,-19
0000013305,2035,9000000005,00000000002020,M,,,-34
0000013305,2035,9000000006,00000000002020,M,,,-26
0000013305,2035,9000000007,00000000002020,M,,,-26
0000013305,2035,9000000010,00000000002020,M,,,-113
0000013305,2035,9000000012,00000000002020,M,,,-3
0000013305,2036,9000000004,00000000002020,M,,,-20
0000013305,2036,9000000005,00000000002020,M,,,-30
0000013305,2036,9000000006,00000000002020,M,,,-26
0000013305,2036,9000000007,00000000002020,M,,,-26
0000013305,2036,9000000010,00000000002020,M,,,-123
0000013305,2036,9000000012,00000000002020,M,,,-3
0000013305,2037,9000000004,00000000002020,M,,,-18
0000013305,2037,9000000005,00000000002020,M,,,-15
0000013305,2037,9000000006,00000000002020,M,,,-16
0000013305,2037,9000000007,00000000002020,M,,,-28
0000013305,2037,9000000010,00000000002020,M,,,-129
0000013305,2037,9000000012,00000000002020,M,,,-3
0000013305,2038,9000000004,00000000002020,M,,,-18
0000013305,2038,9000000005,00000000002020,M,,,-16
0000013305,2038,9000000006,00000000002020,M,,,-1
0000013305,2038,9000000007,00000000002020,M,,,-25
0000013305,2038,9000000010,00000000002020,M,,,-135
0000013305,2038,9000000012,00000000002020,M,,,-3
0000013305,2039,9000000004,00000000002020,M,,,-19
0000013305,2039,9000000005,00000000002020,M,,,-16
0000013305,2039,9000000006,00000000002020,M,,,-1
0000013305,2039,9000000007,00000000002020,M,,,-24
0000013305,2039,9000000010,00000000002020,M,,,-142
0000013305,2040,9000000004,00000000002020,M,,,-18
0000013305,2040,9000000005,00000000002020,M,,,-15
0000013305,2040,9000000006,00000000002020,M,,,-1
0000013305,2040,9000000007,00000000002020,M,,,-26
0000013305,2040,9000000010,00000000002020,M,,,-155
0000013306,2028,9000000012,00000000002020,M,,,-40
0000013306,2029,9000000012,00000000002020,M,,,-37
0000013306,2030,9000000012,00000000002020,M,,,-14
0000013306,2031,9000000012,00000000002020,M,,,-16
0000013306,2032,9000000012,00000000002020,M,,,-13
0000013306,2033,9000000012,00000000002020,M,,,-11
0000013306,2034,9000000012,00000000002020,M,,,-7
0000013306,2035,9000000012,00000000002020,M,,,-4
0000013306,2036,9000000012,00000000002020,M,,,-3
0000013306,2037,9000000012,00000000002020,M,,,-2
0000013307,2029,9000000006,00000000002020,M,,,0
0000013307,2030,9000000006,00000000002020,M,,,0
0000013307,2031,9000000006,00000000002020,M,,,0
0000013307,2032,9000000006,00000000002020,M,,,0
0000013307,2033,9000000006,00000000002020,M,,,0
0000013307,2034,9000000006,00000000002020,M,,,0
0000013307,2035,9000000006,00000000002020,M,,,0
0000013307,2036,9000000006,00000000002020,M,,,0
0000013307,2037,9000000006,00000000002020,M,,,0
0000013307,2038,9000000006,00000000002020,M,,,0
0000013307,2039,9000000006,00000000002020,M,,,0
0000013307,2040,9000000006,00000000002020,M,,,0
0000013308,2028,9000000009,00000000002020,M,,,-1
0000013308,2028,9000000012,00000000002020,M,,,-6
0000013308,2029,9000000009,00000000002020,M,,,-1
0000013308,2029,9000000012,00000000002020,M,,,-7
0000013308,2030,9000000012,00000000002020,M,,,-4
0000013308,2031,9000000012,00000000002020,M,,,-4
0000013308,2032,9000000012,00000000002020,M,,,-4
0000013308,2033,9000000012,00000000002020,M,,,-3
0000013308,2034,9000000012,00000000002020,M,,,-2
0000013308,2035,9000000012,00000000002020,M,,,-2
0000013308,2036,9000000012,00000000002020,M,,,-2
0000013308,2037,9000000012,00000000002020,M,,,-2
0000013308,2038,9000000012,00000000002020,M,,,-1
0000013308,2039,9000000012,00000000002020,M,,,-1
0000013308,2040,9000000012,00000000002020,M,,,-1
0000013309,2028,9000000004,00000000002020,M,,,-24
0000013309,2028,9000000005,00000000002020,M,,,-36
0000013309,2028,9000000009,00000000002020,M,,,-4
0000013309,2028,9000000010,00000000002020,M,,,-80
0000013309,2028,9000000011,00000000002020,M,,,-30
0000013309,2028,9000000012,00000000002020,M,,,-6
0000013309,2029,9000000004,00000000002020,M,,,-23
0000013309,2029,9000000005,00000000002020,M,,,-48
0000013309,2029,9000000009,00000000002020,M,,,-3
0000013309,2029,9000000010,00000000002020,M,,,-84
0000013309,2029,9000000011,00000000002020,M,,,-27
0000013309,2029,9000000012,00000000002020,M,,,-7
0000013309,2030,9000000004,00000000002020,M,,,-22
0000013309,2030,9000000005,00000000002020,M,,,-31
0000013309,2030,9000000006,00000000002020,M,,,-28
0000013309,2030,9000000007,00000000002020,M,,,-32
0000013309,2030,9000000009,00000000002020,M,,,-1
0000013309,2030,9000000010,00000000002020,M,,,-88
0000013309,2030,9000000011,00000000002020,M,,,-25
0000013309,2030,9000000012,00000000002020,M,,,-4
0000013309,2031,9000000004,00000000002020,M,,,-20
0000013309,2031,9000000005,00000000002020,M,,,-31
0000013309,2031,9000000006,00000000002020,M,,,-27
0000013309,2031,9000000007,00000000002020,M,,,-30
0000013309,2031,9000000009,00000000002020,M,,,-1
0000013309,2031,9000000010,00000000002020,M,,,-91
0000013309,2031,9000000011,00000000002020,M,,,-22
0000013309,2031,9000000012,00000000002020,M,,,-4
0000013309,2032,9000000004,00000000002020,M,,,-20
0000013309,2032,9000000005,00000000002020,M,,,-31
0000013309,2032,9000000006,00000000002020,M,,,-27
0000013309,2032,9000000007,00000000002020,M,,,-32
0000013309,2032,9000000010,00000000002020,M,,,-97
0000013309,2032,9000000011,00000000002020,M,,,-23
0000013309,2032,9000000012,00000000002020,M,,,-4
0000013309,2033,9000000004,00000000002020,M,,,-19
0000013309,2033,9000000005,00000000002020,M,,,-31
0000013309,2033,9000000006,00000000002020,M,,,-27
0000013309,2033,9000000007,00000000002020,M,,,-31
0000013309,2033,9000000010,00000000002020,M,,,-104
0000013309,2033,9000000011,00000000002020,M,,,-24
0000013309,2033,9000000012,00000000002020,M,,,-4
0000013309,2034,9000000004,00000000002020,M,,,-20
0000013309,2034,9000000005,00000000002020,M,,,-33
0000013309,2034,9000000006,00000000002020,M,,,-27
0000013309,2034,9000000007,00000000002020,M,,,-28
0000013309,2034,9000000010,00000000002020,M,,,-108
0000013309,2034,9000000012,00000000002020,M,,,-3
0000013309,2035,9000000004,00000000002020,M,,,-19
0000013309,2035,9000000005,00000000002020,M,,,-34
0000013309,2035,9000000006,00000000002020,M,,,-26
0000013309,2035,9000000007,00000000002020,M,,,-26
0000013309,2035,9000000010,00000000002020,M,,,-113
0000013309,2035,9000000012,00000000002020,M,,,-3
0000013309,2036,9000000004,00000000002020,M,,,-20
0000013309,2036,9000000005,00000000002020,M,,,-30
0000013309,2036,9000000006,00000000002020,M,,,-26
0000013309,2036,9000000007,00000000002020,M,,,-26
0000013309,2036,9000000010,00000000002020,M,,,-123
0000013309,2036,9000000012,00000000002020,M,,,-3
0000013309,2037,9000000004,00000000002020,M,,,-18
0000013309,2037,9000000005,00000000002020,M,,,-15
0000013309,2037,9000000006,00000000002020,M,,,-16
0000013309,2037,9000000007,00000000002020,M,,,-28
0000013309,2037,9000000010,00000000002020,M,,,-129
0000013309,2037,9000000012,00000000002020,M,,,-3
0000013309,2038,9000000004,00000000002020,M,,,-18
0000013309,2038,9000000005,00000000002020,M,,,-16
0000013309,2038,9000000006,00000000002020,M,,,-1
0000013309,2038,9000000007,00000000002020,M,,,-25
0000013309,2038,9000000010,00000000002020,M,,,-135
0000013309,2038,9000000012,00000000002020,M,,,-3
0000013309,2039,9000000004,00000000002020,M,,,-19
0000013309,2039,9000000005,00000000002020,M,,,-16
0000013309,2039,9000000006,00000000002020,M,,,-1
0000013309,2039,9000000007,00000000002020,M,,,-24
0000013309,2039,9000000010,00000000002020,M,,,-142
0000013309,2040,9000000004,00000000002020,M,,,-18
0000013309,2040,9000000005,00000000002020,M,,,-15
0000013309,2040,9000000006,00000000002020,M,,,-1
0000013309,2040,9000000007,00000000002020,M,,,-26
0000013309,2040,9000000010,00000000002020,M,,,-155
0000013310,2028,9000000012,00000000002020,M,,,21
0000013310,2029,9000000012,00000000002020,M,,,3
0000013310,2030,9000000012,00000000002020,M,,,-10
0000013310,2031,9000000012,00000000002020,M,,,0
0000013310,2032,9000000012,00000000002020,M,,,-4
0000013310,2033,9000000012,00000000002020,M,,,-2
0000013310,2034,9000000012,00000000002020,M,,,-5
0000013310,2035,9000000012,00000000002020,M,,,-1
0000013310,2036,9000000012,00000000002020,M,,,-1
0000013310,2037,9000000012,00000000002020,M,,,0
0000013310,2038,9000000012,00000000002020,M,,,-1
0000013310,2039,9000000012,00000000002020,M,,,-2
0000013310,2040,9000000012,00000000002020,M,,,0
0000013312,2029,9000000011,00000000002020,M,,,-1
0000013312,2029,9000000012,00000000002020,M,,,-1
0000013312,2030,9000000011,00000000002020,M,,,-1
0000013312,2030,9000000012,00000000002020,M,,,-1
0000013312,2031,9000000011,00000000002020,M,,,-1
0000013312,2031,9000000012,00000000002020,M,,,-1
0000013312,2032,9000000011,00000000002020,M,,,-1
0000013312,2032,9000000012,00000000002020,M,,,-1
0000013312,2033,9000000011,00000000002020,M,,,-1
0000013312,2033,9000000012,00000000002020,M,,,-1
0000013312,2034,9000000011,00000000002020,M,,,-1
0000013312,2034,9000000012,00000000002020,M,,,-1
0000013312,2035,9000000012,00000000002020,M,,,-1
0000013312,2036,9000000012,00000000002020,M,,,-1
0000013312,2037,9000000012,00000000002020,M,,,-1
0000013312,2038,9000000012,00000000002020,M,,,-1
0000013312,2039,9000000012,00000000002020,M,,,-1
0000013312,2040,9000000012,00000000002020,M,,,-1
0000013313,2028,9000000011,00000000002020,M,,,-4
0000013313,2028,9000000011,00000000002020,M,,,2
0000013314,2029,9000000012,00000000002020,M,,,-22
0000013314,2030,9000000012,00000000002020,M,,,-25
0000013314,2031,9000000012,00000000002020,M,,,-15
0000013314,2032,9000000012,00000000002020,M,,,-16
0000013314,2033,9000000012,00000000002020,M,,,-13
0000013314,2034,9000000012,00000000002020,M,,,-11
0000013314,2035,9000000012,00000000002020,M,,,-7
0000013314,2036,9000000012,00000000002020,M,,,-6
0000013314,2037,9000000012,00000000002020,M,,,-6
0000013314,2038,9000000012,00000000002020,M,,,-6
0000013314,2039,9000000012,00000000002020,M,,,-6
0000013314,2040,9000000012,00000000002020,M,,,-5
0000013315,2028,9000000003,00000000002020,M,,,743
0000013315,2028,9000000008,00000000002020,M,,,801
0000013315,2029,9000000003,00000000002020,M,,,496
0000013315,2029,9000000004,00000000002020,M,,,-456
0000013315,2029,9000000005,00000000002020,M,,,-76
0000013315,2029,9000000006,00000000002020,M,,,1160
0000013315,2029,9000000007,00000000002020,M,,,1399
0000013315,2029,9000000008,00000000002020,M,,,547
0000013315,2029,9000000009,00000000002020,M,,,1217
0000013315,2029,9000000010,00000000002020,M,,,-205
0000013315,2029,9000000011,00000000002020,M,,,343
0000013315,2029,9000000012,00000000002020,M,,,57
0000013315,2030,9000000003,00000000002020,M,,,339
0000013315,2030,9000000004,00000000002020,M,,,-991
0000013315,2030,9000000005,00000000002020,M,,,-234
0000013315,2030,9000000006,00000000002020,M,,,862
0000013315,2030,9000000007,00000000002020,M,,,1147
0000013315,2030,9000000008,00000000002020,M,,,368
0000013315,2030,9000000009,00000000002020,M,,,1164
0000013315,2030,9000000010,00000000002020,M,,,-656
0000013315,2030,9000000011,00000000002020,M,,,166
0000013315,2030,9000000012,00000000002020,M,,,-97
0000013315,2031,9000000003,00000000002020,M,,,149
0000013315,2031,9000000004,00000000002020,M,,,-1473
0000013315,2031,9000000005,00000000002020,M,,,-380
0000013315,2031,9000000006,00000000002020,M,,,592
0000013315,2031,9000000007,00000000002020,M,,,975
0000013315,2031,9000000008,00000000002020,M,,,143
0000013315,2031,9000000009,00000000002020,M,,,1118
0000013315,2031,9000000010,00000000002020,M,,,-1150
0000013315,2031,9000000011,00000000002020,M,,,60
0000013315,2031,9000000012,00000000002020,M,,,-227
0000013315,2032,9000000003,00000000002020,M,,,6
0000013315,2032,9000000004,00000000002020,M,,,-1903
0000013315,2032,9000000005,00000000002020,M,,,-513
0000013315,2032,9000000006,00000000002020,M,,,373
0000013315,2032,9000000007,00000000002020,M,,,847
0000013315,2032,9000000008,00000000002020,M,,,-55
0000013315,2032,9000000009,00000000002020,M,,,1071
0000013315,2032,9000000010,00000000002020,M,,,-1712
0000013315,2032,9000000011,00000000002020,M,,,-26
0000013315,2032,9000000012,00000000002020,M,,,-421
0000013315,2033,9000000003,00000000002020,M,,,-148
0000013315,2033,9000000004,00000000002020,M,,,-2309
0000013315,2033,9000000005,00000000002020,M,,,-643
0000013315,2033,9000000006,00000000002020,M,,,218
0000013315,2033,9000000007,00000000002020,M,,,704
0000013315,2033,9000000008,00000000002020,M,,,-178
0000013315,2033,9000000009,00000000002020,M,,,1024
0000013315,2033,9000000010,00000000002020,M,,,-2293
0000013315,2033,9000000011,00000000002020,M,,,-86
0000013315,2033,9000000012,00000000002020,M,,,-564
0000013315,2034,9000000003,00000000002020,M,,,-300
0000013315,2034,9000000004,00000000002020,M,,,-2665
0000013315,2034,9000000005,00000000002020,M,,,-778
0000013315,2034,9000000006,00000000002020,M,,,90
0000013315,2034,9000000007,00000000002020,M,,,591
0000013315,2034,9000000008,00000000002020,M,,,-290
0000013315,2034,9000000009,00000000002020,M,,,978
0000013315,2034,9000000010,00000000002020,M,,,-2885
0000013315,2034,9000000011,00000000002020,M,,,-155
0000013315,2034,9000000012,00000000002020,M,,,-762
0000013315,2035,9000000003,00000000002020,M,,,-386
0000013315,2035,9000000004,00000000002020,M,,,-3030
0000013315,2035,9000000005,00000000002020,M,,,-924
0000013315,2035,9000000006,00000000002020,M,,,-13
0000013315,2035,9000000007,00000000002020,M,,,488
0000013315,2035,9000000008,00000000002020,M,,,-390
0000013315,2035,9000000009,00000000002020,M,,,931
0000013315,2035,9000000010,00000000002020,M,,,-3554
0000013315,2035,9000000011,00000000002020,M,,,-155
0000013315,2035,9000000012,00000000002020,M,,,-888
0000013315,2036,9000000003,00000000002020,M,,,-443
0000013315,2036,9000000004,00000000002020,M,,,-3350
0000013315,2036,9000000005,00000000002020,M,,,-1074
0000013315,2036,9000000006,00000000002020,M,,,-108
0000013315,2036,9000000007,00000000002020,M,,,396
0000013315,2036,9000000008,00000000002020,M,,,-449
0000013315,2036,9000000009,00000000002020,M,,,884
0000013315,2036,9000000010,00000000002020,M,,,-4210
0000013315,2036,9000000011,00000000002020,M,,,-155
0000013315,2036,9000000012,00000000002020,M,,,-1015
0000013315,2037,9000000003,00000000002020,M,,,-457
0000013315,2037,9000000004,00000000002020,M,,,-3644
0000013315,2037,9000000005,00000000002020,M,,,-1222
0000013315,2037,9000000006,00000000002020,M,,,-192
0000013315,2037,9000000007,00000000002020,M,,,327
0000013315,2037,9000000008,00000000002020,M,,,-526
0000013315,2037,9000000009,00000000002020,M,,,838
0000013315,2037,9000000010,00000000002020,M,,,-4708
0000013315,2037,9000000011,00000000002020,M,,,-155
0000013315,2037,9000000012,00000000002020,M,,,-1145
0000013315,2038,9000000003,00000000002020,M,,,-462
0000013315,2038,9000000004,00000000002020,M,,,-3900
0000013315,2038,9000000005,00000000002020,M,,,-1530
0000013315,2038,9000000006,00000000002020,M,,,-217
0000013315,2038,9000000007,00000000002020,M,,,244
0000013315,2038,9000000008,00000000002020,M,,,-598
0000013315,2038,9000000009,00000000002020,M,,,791
0000013315,2038,9000000010,00000000002020,M,,,-5130
0000013315,2038,9000000011,00000000002020,M,,,-155
0000013315,2038,9000000012,00000000002020,M,,,-1278
0000013315,2039,9000000003,00000000002020,M,,,-465
0000013315,2039,9000000004,00000000002020,M,,,-4174
0000013315,2039,9000000005,00000000002020,M,,,-1680
0000013315,2039,9000000006,00000000002020,M,,,-217
0000013315,2039,9000000007,00000000002020,M,,,173
0000013315,2039,9000000008,00000000002020,M,,,-663
0000013315,2039,9000000009,00000000002020,M,,,744
0000013315,2039,9000000010,00000000002020,M,,,-5620
0000013315,2039,9000000011,00000000002020,M,,,-155
0000013315,2039,9000000012,00000000002020,M,,,-1388
0000013315,2040,9000000003,00000000002020,M,,,-466
0000013315,2040,9000000004,00000000002020,M,,,-4444
0000013315,2040,9000000005,00000000002020,M,,,-1822
0000013315,2040,9000000006,00000000002020,M,,,-217
0000013315,2040,9000000007,00000000002020,M,,,111
0000013315,2040,9000000008,00000000002020,M,,,-722
0000013315,2040,9000000009,00000000002020,M,,,698
0000013315,2040,9000000010,00000000002020,M,,,-6007
0000013315,2040,9000000011,00000000002020,M,,,-155
0000013315,2040,9000000012,00000000002020,M,,,-1479
0000013316,2028,9000000011,00000000002020,M,,,0
0000013316,2028,9000000011,00000000002020,M,,,0
0000013316,2028,9000000012,00000000002020,M,,,0
0000013316,2029,9000000011,00000000002020,M,,,0
0000013316,2029,9000000012,00000000002020,M,,,0
0000013316,2030,9000000011,00000000002020,M,,,-1
0000013316,2030,9000000012,00000000002020,M,,,-1
0000013316,2031,9000000011,00000000002020,M,,,0
0000013316,2031,9000000012,00000000002020,M,,,0
0000013316,2032,9000000011,00000000002020,M,,,0
0000013316,2032,9000000012,00000000002020,M,,,-1
0000013316,2033,9000000011,00000000002020,M,,,0
0000013316,2033,9000000012,00000000002020,M,,,-1
0000013316,2034,9000000011,00000000002020,M,,,-1
0000013316,2034,9000000012,00000000002020,M,,,-1
0000013316,2035,9000000012,00000000002020,M,,,-1
0000013316,2036,9000000012,00000000002020,M,,,-1
0000013316,2037,9000000012,00000000002020,M,,,-1
0000013316,2038,9000000012,00000000002020,M,,,-1
0000013316,2039,9000000012,00000000002020,M,,,-1
0000013316,2040,9000000012,00000000002020,M,,,0
0000013318,2028,9000000004,00000000002020,M,,,200
0000013318,2028,9000000005,00000000002020,M,,,15
0000013318,2028,9000000006,00000000002020,M,,,-2
0000013318,2028,9000000010,00000000002020,M,,,434
0000013318,2028,9000000011,00000000002020,M,,,20
0000013318,2028,9000000012,00000000002020,M,,,20
0000013318,2029,9000000004,00000000002020,M,,,206
0000013318,2029,9000000005,00000000002020,M,,,12
0000013318,2029,9000000006,00000000002020,M,,,-2
0000013318,2029,9000000010,00000000002020,M,,,260
0000013318,2029,9000000011,00000000002020,M,,,21
0000013318,2029,9000000012,00000000002020,M,,,27
0000013318,2030,9000000004,00000000002020,M,,,109
0000013318,2030,9000000005,00000000002020,M,,,12
0000013318,2030,9000000006,00000000002020,M,,,43
0000013318,2030,9000000007,00000000002020,M,,,17
0000013318,2030,9000000010,00000000002020,M,,,121
0000013318,2030,9000000011,00000000002020,M,,,11
0000013318,2030,9000000012,00000000002020,M,,,11
0000013318,2031,9000000004,00000000002020,M,,,103
0000013318,2031,9000000005,00000000002020,M,,,12
0000013318,2031,9000000006,00000000002020,M,,,38
0000013318,2031,9000000007,00000000002020,M,,,14
0000013318,2031,9000000010,00000000002020,M,,,133
0000013318,2031,9000000011,00000000002020,M,,,9
0000013318,2031,9000000012,00000000002020,M,,,9
0000013318,2032,9000000004,00000000002020,M,,,101
0000013318,2032,9000000005,00000000002020,M,,,11
0000013318,2032,9000000006,00000000002020,M,,,29
0000013318,2032,9000000007,00000000002020,M,,,14
0000013318,2032,9000000010,00000000002020,M,,,144
0000013318,2032,9000000011,00000000002020,M,,,8
0000013318,2032,9000000012,00000000002020,M,,,8
0000013318,2033,9000000004,00000000002020,M,,,95
0000013318,2033,9000000005,00000000002020,M,,,12
0000013318,2033,9000000006,00000000002020,M,,,26
0000013318,2033,9000000007,00000000002020,M,,,12
0000013318,2033,9000000010,00000000002020,M,,,164
0000013318,2033,9000000011,00000000002020,M,,,10
0000013318,2033,9000000012,00000000002020,M,,,7
0000013318,2034,9000000004,00000000002020,M,,,89
0000013318,2034,9000000005,00000000002020,M,,,12
0000013318,2034,9000000006,00000000002020,M,,,23
0000013318,2034,9000000007,00000000002020,M,,,10
0000013318,2034,9000000010,00000000002020,M,,,190
0000013318,2034,9000000012,00000000002020,M,,,5
0000013318,2035,9000000004,00000000002020,M,,,82
0000013318,2035,9000000005,00000000002020,M,,,12
0000013318,2035,9000000006,00000000002020,M,,,23
0000013318,2035,9000000007,00000000002020,M,,,9
0000013318,2035,9000000010,00000000002020,M,,,175
0000013318,2035,9000000012,00000000002020,M,,,4
0000013318,2036,9000000004,00000000002020,M,,,80
0000013318,2036,9000000005,00000000002020,M,,,11
0000013318,2036,9000000006,00000000002020,M,,,23
0000013318,2036,9000000007,00000000002020,M,,,7
0000013318,2036,9000000010,00000000002020,M,,,166
0000013318,2036,9000000012,00000000002020,M,,,3
0000013318,2037,9000000004,00000000002020,M,,,75
0000013318,2037,9000000005,00000000002020,M,,,20
0000013318,2037,9000000006,00000000002020,M,,,7
0000013318,2037,9000000007,00000000002020,M,,,7
0000013318,2037,9000000010,00000000002020,M,,,169
0000013318,2037,9000000012,00000000002020,M,,,2
0000013318,2038,9000000004,00000000002020,M,,,83
0000013318,2038,9000000005,00000000002020,M,,,11
0000013318,2038,9000000007,00000000002020,M,,,6
0000013318,2038,9000000010,00000000002020,M,,,164
0000013318,2038,9000000012,00000000002020,M,,,2
0000013318,2039,9000000004,00000000002020,M,,,77
0000013318,2039,9000000005,00000000002020,M,,,10
0000013318,2039,9000000007,00000000002020,M,,,6
0000013318,2039,9000000010,00000000002020,M,,,186
0000013318,2039,9000000012,00000000002020,M,,,2
0000013318,2040,9000000004,00000000002020,M,,,73
0000013318,2040,9000000005,00000000002020,M,,,11
0000013318,2040,9000000007,00000000002020,M,,,5
0000013318,2040,9000000010,00000000002020,M,,,180
0000013318,2040,9000000012,00000000002020,M,,,1
0000013319,2029,9000000004,00000000002020,M,,,200
0000013319,2029,9000000005,00000000002020,M,,,15
0000013319,2029,9000000006,00000000002020,M,,,-2
0000013319,2029,9000000010,00000000002020,M,,,434
0000013319,2029,9000000011,00000000002020,M,,,20
0000013319,2029,9000000012,00000000002020,M,,,20
0000013319,2030,9000000004,00000000002020,M,,,206
0000013319,2030,9000000005,00000000002020,M,,,12
0000013319,2030,9000000006,00000000002020,M,,,-2
0000013319,2030,9000000010,00000000002020,M,,,260
0000013319,2030,9000000011,00000000002020,M,,,21
0000013319,2030,9000000012,00000000002020,M,,,27
0000013319,2031,9000000004,00000000002020,M,,,109
0000013319,2031,9000000005,00000000002020,M,,,12
0000013319,2031,9000000006,00000000002020,M,,,43
0000013319,2031,9000000007,00000000002020,M,,,17
0000013319,2031,9000000010,00000000002020,M,,,121
0000013319,2031,9000000011,00000000002020,M,,,11
0000013319,2031,9000000012,00000000002020,M,,,11
0000013319,2032,9000000004,00000000002020,M,,,103
0000013319,2032,9000000005,00000000002020,M,,,12
0000013319,2032,9000000006,00000000002020,M,,,38
0000013319,2032,9000000007,00000000002020,M,,,14
0000013319,2032,9000000010,00000000002020,M,,,133
0000013319,2032,9000000011,00000000002020,M,,,9
0000013319,2032,9000000012,00000000002020,M,,,9
0000013319,2033,9000000004,00000000002020,M,,,101
0000013319,2033,9000000005,00000000002020,M,,,11
0000013319,2033,9000000006,00000000002020,M,,,29
0000013319,2033,9000000007,00000000002020,M,,,14
0000013319,2033,9000000010,00000000002020,M,,,144
0000013319,2033,9000000011,00000000002020,M,,,8
0000013319,2033,9000000012,00000000002020,M,,,8
0000013319,2034,9000000004,00000000002020,M,,,95
0000013319,2034,9000000005,00000000002020,M,,,12
0000013319,2034,9000000006,00000000002020,M,,,26
0000013319,2034,9000000007,00000000002020,M,,,12
0000013319,2034,9000000010,00000000002020,M,,,164
0000013319,2034,9000000011,00000000002020,M,,,10
0000013319,2034,9000000012,00000000002020,M,,,7
0000013319,2035,9000000004,00000000002020,M,,,89
0000013319,2035,9000000005,00000000002020,M,,,12
0000013319,2035,9000000006,00000000002020,M,,,23
0000013319,2035,9000000007,00000000002020,M,,,10
0000013319,2035,9000000010,00000000002020,M,,,190
0000013319,2035,9000000012,00000000002020,M,,,5
0000013319,2036,9000000004,00000000002020,M,,,82
0000013319,2036,9000000005,00000000002020,M,,,12
0000013319,2036,9000000006,00000000002020,M,,,23
0000013319,2036,9000000007,00000000002020,M,,,9
0000013319,2036,9000000010,00000000002020,M,,,175
0000013319,2036,9000000012,00000000002020,M,,,4
0000013319,2037,9000000004,00000000002020,M,,,80
0000013319,2037,9000000005,00000000002020,M,,,11
0000013319,2037,9000000006,00000000002020,M,,,23
0000013319,2037,9000000007,00000000002020,M,,,7
0000013319,2037,9000000010,00000000002020,M,,,166
0000013319,2037,9000000012,00000000002020,M,,,3
0000013319,2038,9000000004,00000000002020,M,,,75
0000013319,2038,9000000005,00000000002020,M,,,20
0000013319,2038,9000000006,00000000002020,M,,,7
0000013319,2038,9000000007,00000000002020,M,,,7
0000013319,2038,9000000010,00000000002020,M,,,169
0000013319,2038,9000000012,00000000002020,M,,,2
0000013319,2039,9000000004,00000000002020,M,,,83
0000013319,2039,9000000005,00000000002020,M,,,11
0000013319,2039,9000000007,00000000002020,M,,,6
0000013319,2039,9000000010,00000000002020,M,,,164
0000013319,2039,9000000012,00000000002020,M,,,2
0000013319,2040,9000000004,00000000002020,M,,,77
0000013319,2040,9000000005,00000000002020,M,,,10
0000013319,2040,9000000007,00000000002020,M,,,6
0000013319,2040,9000000010,00000000002020,M,,,186
0000013319,2040,9000000012,00000000002020,M,,,2
0000013320,2028,9000000004,00000000002020,M,,,55
0000013320,2028,9000000004,00000000002020,M,,,-256
0000013320,2028,9000000005,00000000002020,M,,,-1
0000013320,2028,9000000005,00000000002020,M,,,-16
0000013320,2028,9000000006,00000000002020,M,,,1
0000013320,2028,9000000006,00000000002020,M,,,0
0000013320,2028,9000000010,00000000002020,M,,,-309
0000013320,2028,9000000010,00000000002020,M,,,-126
0000013320,2028,9000000011,00000000002020,M,,,-50
0000013320,2028,9000000011,00000000002020,M,,,28
0000013320,2028,9000000012,00000000002020,M,,,-21
0000013320,2029,9000000004,00000000002020,M,,,-7
0000013320,2029,9000000005,00000000002020,M,,,2
0000013320,2029,9000000010,00000000002020,M,,,173
0000013320,2029,9000000011,00000000002020,M,,,-1
0000013320,2029,9000000012,00000000002020,M,,,-7
0000013320,2030,9000000004,00000000002020,M,,,96
0000013320,2030,9000000005,00000000002020,M,,,0
0000013320,2030,9000000006,00000000002020,M,,,-46
0000013320,2030,9000000007,00000000002020,M,,,-18
0000013320,2030,9000000010,00000000002020,M,,,139
0000013320,2030,9000000011,00000000002020,M,,,9
0000013320,2030,9000000012,00000000002020,M,,,15
0000013320,2031,9000000004,00000000002020,M,,,6
0000013320,2031,9000000005,00000000002020,M,,,0
0000013320,2031,9000000006,00000000002020,M,,,5
0000013320,2031,9000000007,00000000002020,M,,,2
0000013320,2031,9000000010,00000000002020,M,,,-13
0000013320,2031,9000000011,00000000002020,M,,,2
0000013320,2031,9000000012,00000000002020,M,,,2
0000013320,2032,9000000004,00000000002020,M,,,1
0000013320,2032,9000000005,00000000002020,M,,,0
0000013320,2032,9000000006,00000000002020,M,,,8
0000013320,2032,9000000007,00000000002020,M,,,-1
0000013320,2032,9000000010,00000000002020,M,,,-12
0000013320,2032,9000000011,00000000002020,M,,,0
0000013320,2032,9000000012,00000000002020,M,,,0
0000013320,2033,9000000004,00000000002020,M,,,6
0000013320,2033,9000000005,00000000002020,M,,,-1
0000013320,2033,9000000006,00000000002020,M,,,3
0000013320,2033,9000000007,00000000002020,M,,,2
0000013320,2033,9000000010,00000000002020,M,,,-20
0000013320,2033,9000000011,00000000002020,M,,,-2
0000013320,2033,9000000012,00000000002020,M,,,1
0000013320,2034,9000000004,00000000002020,M,,,5
0000013320,2034,9000000005,00000000002020,M,,,-1
0000013320,2034,9000000006,00000000002020,M,,,3
0000013320,2034,9000000007,00000000002020,M,,,1
0000013320,2034,9000000010,00000000002020,M,,,-27
0000013320,2034,9000000011,00000000002020,M,,,10
0000013320,2034,9000000012,00000000002020,M,,,2
0000013320,2035,9000000004,00000000002020,M,,,6
0000013320,2035,9000000005,00000000002020,M,,,-1
0000013320,2035,9000000006,00000000002020,M,,,-1
0000013320,2035,9000000007,00000000002020,M,,,1
0000013320,2035,9000000010,00000000002020,M,,,14
0000013320,2035,9000000012,00000000002020,M,,,1
0000013320,2036,9000000004,00000000002020,M,,,2
0000013320,2036,9000000005,00000000002020,M,,,0
0000013320,2036,9000000006,00000000002020,M,,,0
0000013320,2036,9000000007,00000000002020,M,,,1
0000013320,2036,9000000010,00000000002020,M,,,9
0000013320,2036,9000000012,00000000002020,M,,,0
0000013320,2037,9000000004,00000000002020,M,,,4
0000013320,2037,9000000005,00000000002020,M,,,-9
0000013320,2037,9000000006,00000000002020,M,,,15
0000013320,2037,9000000007,00000000002020,M,,,0
0000013320,2037,9000000010,00000000002020,M,,,-3
0000013320,2037,9000000012,00000000002020,M,,,0
0000013320,2038,9000000004,00000000002020,M,,,-8
0000013320,2038,9000000005,00000000002020,M,,,8
0000013320,2038,9000000006,00000000002020,M,,,7
0000013320,2038,9000000007,00000000002020,M,,,0
0000013320,2038,9000000010,00000000002020,M,,,4
0000013320,2038,9000000012,00000000002020,M,,,0
0000013320,2039,9000000004,00000000002020,M,,,5
0000013320,2039,9000000005,00000000002020,M,,,0
0000013320,2039,9000000007,00000000002020,M,,,0
0000013320,2039,9000000010,00000000002020,M,,,-23
0000013320,2039,9000000012,00000000002020,M,,,0
0000013320,2040,9000000004,00000000002020,M,,,3
0000013320,2040,9000000005,00000000002020,M,,,-1
0000013320,2040,9000000007,00000000002020,M,,,0
0000013320,2040,9000000010,00000000002020,M,,,6
0000013320,2040,9000000012,00000000002020,M,,,0
0000013321,2028,9000000011,00000000002020,M,,,2
0000013321,2028,9000000012,00000000002020,M,,,13
0000013321,2029,9000000011,00000000002020,M,,,1
0000013321,2029,9000000012,00000000002020,M,,,13
0000013321,2030,9000000007,00000000002020,M,,,1
0000013321,2030,9000000011,00000000002020,M,,,0
0000013321,2030,9000000012,00000000002020,M,,,8
0000013321,2031,9000000007,00000000002020,M,,,1
0000013321,2031,9000000011,00000000002020,M,,,0
0000013321,2031,9000000012,00000000002020,M,,,4
0000013321,2032,9000000007,00000000002020,M,,,1
0000013321,2032,9000000011,00000000002020,M,,,0
0000013321,2032,9000000012,00000000002020,M,,,3
0000013321,2033,9000000007,00000000002020,M,,,1
0000013321,2033,9000000011,00000000002020,M,,,0
0000013321,2033,9000000012,00000000002020,M,,,2
0000013321,2034,9000000007,00000000002020,M,,,0
0000013321,2034,9000000012,00000000002020,M,,,1
0000013321,2035,9000000007,00000000002020,M,,,1
0000013321,2035,9000000012,00000000002020,M,,,0
0000013321,2036,9000000007,00000000002020,M,,,1
0000013321,2036,9000000012,00000000002020,M,,,0
0000013321,2037,9000000007,00000000002020,M,,,0
0000013321,2037,9000000012,00000000002020,M,,,1
0000013321,2038,9000000007,00000000002020,M,,,0
0000013321,2038,9000000012,00000000002020,M,,,0
0000013321,2039,9000000007,00000000002020,M,,,0
0000013321,2039,9000000012,00000000002020,M,,,0
0000013321,2040,9000000007,00000000002020,M,,,0
0000013321,2040,9000000012,00000000002020,M,,,0
0000013322,2029,9000000011,00000000002020,M,,,2
0000013322,2029,9000000012,00000000002020,M,,,13
0000013322,2030,9000000011,00000000002020,M,,,1
0000013322,2030,9000000012,00000000002020,M,,,13
0000013322,2031,9000000007,00000000002020,M,,,1
0000013322,2031,9000000011,00000000002020,M,,,0
0000013322,2031,9000000012,00000000002020,M,,,8
0000013322,2032,9000000007,00000000002020,M,,,1
0000013322,2032,9000000011,00000000002020,M,,,0
0000013322,2032,9000000012,00000000002020,M,,,4
0000013322,2033,9000000007,00000000002020,M,,,1
0000013322,2033,9000000011,00000000002020,M,,,0
0000013322,2033,9000000012,00000000002020,M,,,3
0000013322,2034,9000000007,00000000002020,M,,,1
0000013322,2034,9000000011,00000000002020,M,,,0
0000013322,2034,9000000012,00000000002020,M,,,2
0000013322,2035,9000000007,00000000002020,M,,,0
0000013322,2035,9000000012,00000000002020,M,,,1
0000013322,2036,9000000007,00000000002020,M,,,1
0000013322,2036,9000000012,00000000002020,M,,,0
0000013322,2037,9000000007,00000000002020,M,,,1
0000013322,2037,9000000012,00000000002020,M,,,0
0000013322,2038,9000000007,00000000002020,M,,,0
0000013322,2038,9000000012,00000000002020,M,,,1
0000013322,2039,9000000007,00000000002020,M,,,0
0000013322,2039,9000000012,00000000002020,M,,,0
0000013322,2040,9000000007,00000000002020,M,,,0
0000013322,2040,9000000012,00000000002020,M,,,0
0000013323,2028,9000000011,00000000002020,M,,,-3
0000013323,2028,9000000011,00000000002020,M,,,0
0000013323,2028,9000000012,00000000002020,M,,,-14
0000013323,2029,9000000011,00000000002020,M,,,0
0000013323,2029,9000000012,00000000002020,M,,,0
0000013323,2030,9000000007,00000000002020,M,,,-2
0000013323,2030,9000000011,00000000002020,M,,,1
0000013323,2030,9000000012,00000000002020,M,,,5
0000013323,2031,9000000007,00000000002020,M,,,0
0000013323,2031,9000000011,00000000002020,M,,,0
0000013323,2031,9000000012,00000000002020,M,,,3
0000013323,2032,9000000007,00000000002020,M,,,-1
0000013323,2032,9000000011,00000000002020,M,,,0
0000013323,2032,9000000012,00000000002020,M,,,0
0000013323,2033,9000000007,00000000002020,M,,,-1
0000013323,2033,9000000011,00000000002020,M,,,-1
0000013323,2033,9000000012,00000000002020,M,,,1
0000013323,2034,9000000007,00000000002020,M,,,0
0000013323,2034,9000000011,00000000002020,M,,,0
0000013323,2034,9000000012,00000000002020,M,,,1
0000013323,2035,9000000007,00000000002020,M,,,-1
0000013323,2035,9000000012,00000000002020,M,,,0
0000013323,2036,9000000007,00000000002020,M,,,0
0000013323,2036,9000000012,00000000002020,M,,,-1
0000013323,2037,9000000007,00000000002020,M,,,0
0000013323,2037,9000000012,00000000002020,M,,,-1
0000013323,2038,9000000007,00000000002020,M,,,-1
0000013323,2038,9000000012,00000000002020,M,,,0
0000013323,2039,9000000007,00000000002020,M,,,0
0000013323,2039,9000000012,00000000002020,M,,,0
0000013323,2040,9000000007,00000000002020,M,,,0
0000013323,2040,9000000012,00000000002020,M,,,0
0000013324,2028,9000000005,00000000002020,M,,,29
0000013324,2028,9000000009,00000000002020,M,,,0
0000013324,2028,9000000011,00000000002020,M,,,3
0000013324,2028,9000000012,00000000002020,M,,,166
0000013324,2029,9000000005,00000000002020,M,,,31
0000013324,2029,9000000009,00000000002020,M,,,0
0000013324,2029,9000000011,00000000002020,M,,,4
0000013324,2029,9000000012,00000000002020,M,,,184
0000013324,2030,9000000005,00000000002020,M,,,28
0000013324,2030,9000000007,00000000002020,M,,,65
0000013324,2030,9000000011,00000000002020,M,,,2
0000013324,2030,9000000012,00000000002020,M,,,111
0000013324,2031,9000000005,00000000002020,M,,,28
0000013324,2031,9000000007,00000000002020,M,,,55
0000013324,2031,9000000011,00000000002020,M,,,2
0000013324,2031,9000000012,00000000002020,M,,,117
0000013324,2032,9000000005,00000000002020,M,,,28
0000013324,2032,9000000007,00000000002020,M,,,51
0000013324,2032,9000000011,00000000002020,M,,,0
0000013324,2032,9000000012,00000000002020,M,,,90
0000013324,2033,9000000005,00000000002020,M,,,28
0000013324,2033,9000000007,00000000002020,M,,,41
0000013324,2033,9000000011,00000000002020,M,,,1
0000013324,2033,9000000012,00000000002020,M,,,77
0000013324,2034,9000000005,00000000002020,M,,,31
0000013324,2034,9000000007,00000000002020,M,,,36
0000013324,2034,9000000012,00000000002020,M,,,49
0000013324,2035,9000000005,00000000002020,M,,,33
0000013324,2035,9000000007,00000000002020,M,,,30
0000013324,2035,9000000012,00000000002020,M,,,49
0000013324,2036,9000000005,00000000002020,M,,,35
0000013324,2036,9000000007,00000000002020,M,,,23
0000013324,2036,9000000012,00000000002020,M,,,41
0000013324,2037,9000000005,00000000002020,M,,,73
0000013324,2037,9000000007,00000000002020,M,,,20
0000013324,2037,9000000012,00000000002020,M,,,34
0000013324,2038,9000000005,00000000002020,M,,,36
0000013324,2038,9000000007,00000000002020,M,,,16
0000013324,2038,9000000012,00000000002020,M,,,33
0000013324,2039,9000000005,00000000002020,M,,,35
0000013324,2039,9000000007,00000000002020,M,,,13
0000013324,2039,9000000012,00000000002020,M,,,26
0000013324,2040,9000000005,00000000002020,M,,,46
0000013324,2040,9000000007,00000000002020,M,,,11
0000013324,2040,9000000012,00000000002020,M,,,24
0000013326,2029,9000000005,00000000002020,M,,,29
0000013326,2029,9000000009,00000000002020,M,,,0
0000013326,2029,9000000011,00000000002020,M,,,3
0000013326,2029,9000000012,00000000002020,M,,,166
0000013326,2030,9000000005,00000000002020,M,,,31
0000013326,2030,9000000009,00000000002020,M,,,0
0000013326,2030,9000000011,00000000002020,M,,,4
0000013326,2030,9000000012,00000000002020,M,,,184
0000013326,2031,9000000005,00000000002020,M,,,28
0000013326,2031,9000000007,00000000002020,M,,,65
0000013326,2031,9000000011,00000000002020,M,,,2
0000013326,2031,9000000012,00000000002020,M,,,111
0000013326,2032,9000000005,00000000002020,M,,,28
0000013326,2032,9000000007,00000000002020,M,,,55
0000013326,2032,9000000011,00000000002020,M,,,2
0000013326,2032,9000000012,00000000002020,M,,,117
0000013326,2033,9000000005,00000000002020,M,,,28
0000013326,2033,9000000007,00000000002020,M,,,51
0000013326,2033,9000000011,00000000002020,M,,,0
0000013326,2033,9000000012,00000000002020,M,,,90
0000013326,2034,9000000005,00000000002020,M,,,28
0000013326,2034,9000000007,00000000002020,M,,,41
0000013326,2034,9000000011,00000000002020,M,,,1
0000013326,2034,9000000012,00000000002020,M,,,77
0000013326,2035,9000000005,00000000002020,M,,,31
0000013326,2035,9000000007,00000000002020,M,,,36
0000013326,2035,9000000012,00000000002020,M,,,49
0000013326,2036,9000000005,00000000002020,M,,,33
0000013326,2036,9000000007,00000000002020,M,,,30
0000013326,2036,9000000012,00000000002020,M,,,49
0000013326,2037,9000000005,00000000002020,M,,,35
0000013326,2037,9000000007,00000000002020,M,,,23
0000013326,2037,9000000012,00000000002020,M,,,41
0000013326,2038,9000000005,00000000002020,M,,,73
0000013326,2038,9000000007,00000000002020,M,,,20
0000013326,2038,9000000012,00000000002020,M,,,34
0000013326,2039,9000000005,00000000002020,M,,,36
0000013326,2039,9000000007,00000000002020,M,,,16
0000013326,2039,9000000012,00000000002020,M,,,33
0000013326,2040,9000000005,00000000002020,M,,,35
0000013326,2040,9000000007,00000000002020,M,,,13
0000013326,2040,9000000012,00000000002020,M,,,26
0000013327,2028,9000000005,00000000002020,M,,,-30
0000013327,2028,9000000009,00000000002020,M,,,-1
0000013327,2028,9000000011,00000000002020,M,,,-2
0000013327,2028,9000000011,00000000002020,M,,,-3
0000013327,2028,9000000012,00000000002020,M,,,-167
0000013327,2029,9000000005,00000000002020,M,,,-3
0000013327,2029,9000000009,00000000002020,M,,,0
0000013327,2029,9000000011,00000000002020,M,,,-1
0000013327,2029,9000000012,00000000002020,M,,,-18
0000013327,2030,9000000005,00000000002020,M,,,2
0000013327,2030,9000000007,00000000002020,M,,,-66
0000013327,2030,9000000009,00000000002020,M,,,0
0000013327,2030,9000000011,00000000002020,M,,,1
0000013327,2030,9000000012,00000000002020,M,,,72
0000013327,2031,9000000005,00000000002020,M,,,-1
0000013327,2031,9000000007,00000000002020,M,,,10
0000013327,2031,9000000011,00000000002020,M,,,-1
0000013327,2031,9000000012,00000000002020,M,,,-7
0000013327,2032,9000000005,00000000002020,M,,,0
0000013327,2032,9000000007,00000000002020,M,,,4
0000013327,2032,9000000011,00000000002020,M,,,1
0000013327,2032,9000000012,00000000002020,M,,,27
0000013327,2033,9000000005,00000000002020,M,,,-1
0000013327,2033,9000000007,00000000002020,M,,,9
0000013327,2033,9000000011,00000000002020,M,,,-1
0000013327,2033,9000000012,00000000002020,M,,,12
0000013327,2034,9000000005,00000000002020,M,,,-3
0000013327,2034,9000000007,00000000002020,M,,,5
0000013327,2034,9000000011,00000000002020,M,,,1
0000013327,2034,9000000012,00000000002020,M,,,28
0000013327,2035,9000000005,00000000002020,M,,,-2
0000013327,2035,9000000007,00000000002020,M,,,6
0000013327,2035,9000000012,00000000002020,M,,,-1
0000013327,2036,9000000005,00000000002020,M,,,-3
0000013327,2036,9000000007,00000000002020,M,,,6
0000013327,2036,9000000012,00000000002020,M,,,8
0000013327,2037,9000000005,00000000002020,M,,,-38
0000013327,2037,9000000007,00000000002020,M,,,2
0000013327,2037,9000000012,00000000002020,M,,,6
0000013327,2038,9000000005,00000000002020,M,,,37
0000013327,2038,9000000007,00000000002020,M,,,3
0000013327,2038,9000000012,00000000002020,M,,,0
0000013327,2039,9000000005,00000000002020,M,,,0
0000013327,2039,9000000007,00000000002020,M,,,3
0000013327,2039,9000000012,00000000002020,M,,,7
0000013327,2040,9000000005,00000000002020,M,,,-12
0000013327,2040,9000000007,00000000002020,M,,,2
0000013327,2040,9000000012,00000000002020,M,,,2
0000013330,2028,9000000007,00000000002020,M,,,0
0000013330,2028,9000000011,00000000002020,M,,,0
0000013330,2029,9000000007,00000000002020,M,,,0
0000013330,2029,9000000011,00000000002020,M,,,0
0000013330,2030,9000000007,00000000002020,M,,,0
0000013330,2030,9000000011,00000000002020,M,,,0
0000013330,2031,9000000007,00000000002020,M,,,0
0000013330,2031,9000000011,00000000002020,M,,,0
0000013330,2032,9000000007,00000000002020,M,,,0
0000013330,2032,9000000011,00000000002020,M,,,0
0000013330,2033,9000000007,00000000002020,M,,,0
0000013330,2033,9000000011,00000000002020,M,,,0
0000013330,2034,9000000007,00000000002020,M,,,0
0000013330,2034,9000000011,00000000002020,M,,,0
0000013330,2035,9000000007,00000000002020,M,,,0
0000013330,2035,9000000011,00000000002020,M,,,0
0000013330,2036,9000000007,00000000002020,M,,,0
0000013330,2036,9000000011,00000000002020,M,,,0
0000013330,2037,9000000007,00000000002020,M,,,0
0000013330,2037,9000000011,00000000002020,M,,,0
0000013330,2038,9000000007,00000000002020,M,,,0
0000013330,2038,9000000011,00000000002020,M,,,0
0000013330,2039,9000000007,00000000002020,M,,,0
0000013330,2039,9000000011,00000000002020,M,,,0
0000013330,2040,9000000007,00000000002020,M,,,0
0000013330,2040,9000000011,00000000002020,M,,,0
0000013333,2028,9000000003,00000000002020,M,,,90
0000013333,2029,9000000003,00000000002020,M,,,84
0000013333,2029,9000000007,00000000002020,M,,,0
0000013333,2029,9000000011,00000000002020,M,,,0
0000013333,2029,9000000012,00000000002020,M,,,0
0000013333,2030,9000000003,00000000002020,M,,,85
0000013333,2030,9000000004,00000000002020,M,,,7
0000013333,2030,9000000007,00000000002020,M,,,0
0000013333,2030,9000000008,00000000002020,M,,,-48
0000013333,2030,9000000011,00000000002020,M,,,0
0000013333,2030,9000000012,00000000002020,M,,,0
0000013333,2031,9000000003,00000000002020,M,,,84
0000013333,2031,9000000004,00000000002020,M,,,19
0000013333,2031,9000000007,00000000002020,M,,,0
0000013333,2031,9000000008,00000000002020,M,,,-43
0000013333,2031,9000000011,00000000002020,M,,,0
0000013333,2031,9000000012,00000000002020,M,,,0
0000013333,2032,9000000003,00000000002020,M,,,82
0000013333,2032,9000000004,00000000002020,M,,,37
0000013333,2032,9000000007,00000000002020,M,,,0
0000013333,2032,9000000008,00000000002020,M,,,-38
0000013333,2032,9000000011,00000000002020,M,,,0
0000013333,2032,9000000012,00000000002020,M,,,0
0000013333,2033,9000000003,00000000002020,M,,,81
0000013333,2033,9000000004,00000000002020,M,,,59
0000013333,2033,9000000007,00000000002020,M,,,0
0000013333,2033,9000000008,00000000002020,M,,,-33
0000013333,2033,9000000011,00000000002020,M,,,0
0000013333,2033,9000000012,00000000002020,M,,,0
0000013333,2034,9000000003,00000000002020,M,,,81
0000013333,2034,9000000004,00000000002020,M,,,86
0000013333,2034,9000000007,00000000002020,M,,,0
0000013333,2034,9000000008,00000000002020,M,,,-28
0000013333,2034,9000000011,00000000002020,M,,,0
0000013333,2034,9000000012,00000000002020,M,,,0
0000013333,2035,9000000003,00000000002020,M,,,80
0000013333,2035,9000000004,00000000002020,M,,,118
0000013333,2035,9000000007,00000000002020,M,,,0
0000013333,2035,9000000008,00000000002020,M,,,-23
0000013333,2035,9000000011,00000000002020,M,,,0
0000013333,2035,9000000012,00000000002020,M,,,0
0000013333,2036,9000000003,00000000002020,M,,,80
0000013333,2036,9000000004,00000000002020,M,,,154
0000013333,2036,9000000007,00000000002020,M,,,0
0000013333,2036,9000000008,00000000002020,M,,,-18
0000013333,2036,9000000011,00000000002020,M,,,0
0000013333,2036,9000000012,00000000002020,M,,,0
0000013333,2037,9000000003,00000000002020,M,,,80
0000013333,2037,9000000004,00000000002020,M,,,154
0000013333,2037,9000000007,00000000002020,M,,,0
0000013333,2037,9000000008,00000000002020,M,,,-13
0000013333,2037,9000000011,00000000002020,M,,,0
0000013333,2037,9000000012,00000000002020,M,,,0
0000013333,2038,9000000003,00000000002020,M,,,80
0000013333,2038,9000000004,00000000002020,M,,,154
0000013333,2038,9000000007,00000000002020,M,,,0
0000013333,2038,9000000008,00000000002020,M,,,-8
0000013333,2038,9000000011,00000000002020,M,,,0
0000013333,2038,9000000012,00000000002020,M,,,0
0000013333,2039,9000000003,00000000002020,M,,,80
0000013333,2039,9000000004,00000000002020,M,,,154
0000013333,2039,9000000007,00000000002020,M,,,0
0000013333,2039,9000000008,00000000002020,M,,,-3
0000013333,2039,9000000011,00000000002020,M,,,0
0000013333,2039,9000000012,00000000002020,M,,,0
0000013333,2040,9000000003,00000000002020,M,,,80
0000013333,2040,9000000004,00000000002020,M,,,154
0000013333,2040,9000000007,00000000002020,M,,,0
0000013333,2040,9000000011,00000000002020,M,,,0
0000013333,2040,9000000012,00000000002020,M,,,0
0000013334,2028,9000000004,00000000002020,M,,,-710
0000013334,2028,9000000005,00000000002020,M,,,-511
0000013334,2028,9000000006,00000000002020,M,,,-466
0000013334,2028,9000000007,00000000002020,M,,,-382
0000013334,2028,9000000009,00000000002020,M,,,-137
0000013334,2028,9000000011,00000000002020,M,,,-240
0000013334,2029,9000000004,00000000002020,M,,,-743
0000013334,2029,9000000005,00000000002020,M,,,-521
0000013334,2029,9000000006,00000000002020,M,,,-468
0000013334,2029,9000000007,00000000002020,M,,,-398
0000013334,2029,9000000009,00000000002020,M,,,-138
0000013334,2029,9000000011,00000000002020,M,,,-247
0000013334,2029,9000000012,00000000002020,M,,,73
0000013334,2030,9000000004,00000000002020,M,,,-766
0000013334,2030,9000000005,00000000002020,M,,,-530
0000013334,2030,9000000006,00000000002020,M,,,-346
0000013334,2030,9000000007,00000000002020,M,,,-415
0000013334,2030,9000000009,00000000002020,M,,,-139
0000013334,2030,9000000011,00000000002020,M,,,-244
0000013334,2030,9000000012,00000000002020,M,,,73
0000013334,2031,9000000004,00000000002020,M,,,-809
0000013334,2031,9000000005,00000000002020,M,,,-539
0000013334,2031,9000000006,00000000002020,M,,,-256
0000013334,2031,9000000007,00000000002020,M,,,-431
0000013334,2031,9000000009,00000000002020,M,,,-140
0000013334,2031,9000000011,00000000002020,M,,,-237
0000013334,2031,9000000012,00000000002020,M,,,73
0000013334,2032,9000000004,00000000002020,M,,,-858
0000013334,2032,9000000005,00000000002020,M,,,-549
0000013334,2032,9000000006,00000000002020,M,,,-181
0000013334,2032,9000000007,00000000002020,M,,,-443
0000013334,2032,9000000009,00000000002020,M,,,-140
0000013334,2032,9000000011,00000000002020,M,,,-230
0000013334,2032,9000000012,00000000002020,M,,,73
0000013334,2033,9000000004,00000000002020,M,,,-912
0000013334,2033,9000000005,00000000002020,M,,,-559
0000013334,2033,9000000006,00000000002020,M,,,-113
0000013334,2033,9000000007,00000000002020,M,,,-448
0000013334,2033,9000000009,00000000002020,M,,,-117
0000013334,2033,9000000011,00000000002020,M,,,-200
0000013334,2033,9000000012,00000000002020,M,,,73
0000013334,2034,9000000004,00000000002020,M,,,-972
0000013334,2034,9000000005,00000000002020,M,,,-569
0000013334,2034,9000000006,00000000002020,M,,,-52
0000013334,2034,9000000007,00000000002020,M,,,-460
0000013334,2034,9000000009,00000000002020,M,,,-56
0000013334,2034,9000000011,00000000002020,M,,,-169
0000013334,2034,9000000012,00000000002020,M,,,73
0000013334,2035,9000000004,00000000002020,M,,,-1037
0000013334,2035,9000000005,00000000002020,M,,,-579
0000013334,2035,9000000006,00000000002020,M,,,4
0000013334,2035,9000000007,00000000002020,M,,,-474
0000013334,2035,9000000009,00000000002020,M,,,-47
0000013334,2035,9000000011,00000000002020,M,,,-85
0000013334,2035,9000000012,00000000002020,M,,,73
0000013334,2036,9000000004,00000000002020,M,,,-1108
0000013334,2036,9000000005,00000000002020,M,,,-589
0000013334,2036,9000000006,00000000002020,M,,,51
0000013334,2036,9000000007,00000000002020,M,,,-488
0000013334,2036,9000000009,00000000002020,M,,,-45
0000013334,2036,9000000011,00000000002020,M,,,12
0000013334,2036,9000000012,00000000002020,M,,,73
0000013334,2037,9000000004,00000000002020,M,,,-1140
0000013334,2037,9000000005,00000000002020,M,,,-565
0000013334,2037,9000000006,00000000002020,M,,,98
0000013334,2037,9000000007,00000000002020,M,,,-500
0000013334,2037,9000000009,00000000002020,M,,,-43
0000013334,2037,9000000011,00000000002020,M,,,69
0000013334,2037,9000000012,00000000002020,M,,,73
0000013334,2038,9000000004,00000000002020,M,,,-1174
0000013334,2038,9000000005,00000000002020,M,,,-372
0000013334,2038,9000000006,00000000002020,M,,,142
0000013334,2038,9000000007,00000000002020,M,,,-511
0000013334,2038,9000000009,00000000002020,M,,,-40
0000013334,2038,9000000011,00000000002020,M,,,120
0000013334,2038,9000000012,00000000002020,M,,,73
0000013334,2039,9000000004,00000000002020,M,,,-1076
0000013334,2039,9000000005,00000000002020,M,,,-170
0000013334,2039,9000000006,00000000002020,M,,,155
0000013334,2039,9000000007,00000000002020,M,,,-491
0000013334,2039,9000000009,00000000002020,M,,,-38
0000013334,2039,9000000011,00000000002020,M,,,132
0000013334,2039,9000000012,00000000002020,M,,,73
0000013334,2040,9000000004,00000000002020,M,,,-985
0000013334,2040,9000000005,00000000002020,M,,,35
0000013334,2040,9000000006,00000000002020,M,,,155
0000013334,2040,9000000007,00000000002020,M,,,-505
0000013334,2040,9000000009,00000000002020,M,,,-35
0000013334,2040,9000000011,00000000002020,M,,,135
0000013334,2040,9000000012,00000000002020,M,,,73
0000013335,2029,9000000006,00000000002020,M,,,-1
0000013335,2029,9000000009,00000000002020,M,,,-103
0000013335,2029,9000000010,00000000002020,M,,,-55
0000013335,2029,9000000011,00000000002020,M,,,0
0000013335,2030,9000000006,00000000002020,M,,,-1
0000013335,2030,9000000009,00000000002020,M,,,-111
0000013335,2030,9000000010,00000000002020,M,,,-52
0000013335,2030,9000000011,00000000002020,M,,,0
0000013335,2031,9000000006,00000000002020,M,,,-1
0000013335,2031,9000000009,00000000002020,M,,,-111
0000013335,2031,9000000010,00000000002020,M,,,-50
0000013335,2031,9000000011,00000000002020,M,,,0
0000013335,2032,9000000006,00000000002020,M,,,-1
0000013335,2032,9000000009,00000000002020,M,,,-111
0000013335,2032,9000000010,00000000002020,M,,,-47
0000013335,2032,9000000011,00000000002020,M,,,0
0000013335,2033,9000000006,00000000002020,M,,,-1
0000013335,2033,9000000009,00000000002020,M,,,-111
0000013335,2033,9000000010,00000000002020,M,,,-45
0000013335,2033,9000000011,00000000002020,M,,,0
0000013335,2034,9000000006,00000000002020,M,,,-1
0000013335,2034,9000000009,00000000002020,M,,,-111
0000013335,2034,9000000010,00000000002020,M,,,-43
0000013335,2034,9000000011,00000000002020,M,,,0
0000013335,2035,9000000006,00000000002020,M,,,-1
0000013335,2035,9000000009,00000000002020,M,,,-111
0000013335,2035,9000000010,00000000002020,M,,,-40
0000013335,2035,9000000011,00000000002020,M,,,0
0000013335,2036,9000000004,00000000002020,M,,,268
0000013335,2036,9000000006,00000000002020,M,,,-1
0000013335,2036,9000000009,00000000002020,M,,,-111
0000013335,2036,9000000010,00000000002020,M,,,-38
0000013335,2036,9000000011,00000000002020,M,,,0
0000013335,2037,9000000004,00000000002020,M,,,268
0000013335,2037,9000000006,00000000002020,M,,,-1
0000013335,2037,9000000009,00000000002020,M,,,-111
0000013335,2037,9000000010,00000000002020,M,,,-35
0000013335,2037,9000000011,00000000002020,M,,,0
0000013335,2038,9000000004,00000000002020,M,,,268
0000013335,2038,9000000006,00000000002020,M,,,-1
0000013335,2038,9000000009,00000000002020,M,,,-111
0000013335,2038,9000000010,00000000002020,M,,,-33
0000013335,2038,9000000011,00000000002020,M,,,0
0000013335,2039,9000000004,00000000002020,M,,,268
0000013335,2039,9000000006,00000000002020,M,,,-1
0000013335,2039,9000000009,00000000002020,M,,,-111
0000013335,2039,9000000010,00000000002020,M,,,-31
0000013335,2039,9000000011,00000000002020,M,,,0
0000013335,2040,9000000004,00000000002020,M,,,268
0000013335,2040,9000000006,00000000002020,M,,,-1
0000013335,2040,9000000009,00000000002020,M,,,-111
0000013335,2040,9000000010,00000000002020,M,,,-28
0000013335,2040,9000000011,00000000002020,M,,,0
0000013336,2028,9000000004,00000000002020,M,,,7811
0000013336,2028,9000000005,00000000002020,M,,,1644
0000013336,2028,9000000007,00000000002020,M,,,3255
0000013336,2028,9000000010,00000000002020,M,,,179
0000013336,2029,9000000004,00000000002020,M,,,11293
0000013336,2029,9000000005,00000000002020,M,,,2553
0000013336,2029,9000000007,00000000002020,M,,,4529
0000013336,2029,9000000010,00000000002020,M,,,-19
0000013336,2030,9000000004,00000000002020,M,,,2326
0000013336,2030,9000000005,00000000002020,M,,,630
0000013336,2030,9000000007,00000000002020,M,,,985
0000013336,2030,9000000010,00000000002020,M,,,-56
0000013336,2031,9000000004,00000000002020,M,,,2056
0000013336,2031,9000000005,00000000002020,M,,,645
0000013336,2031,9000000007,00000000002020,M,,,902
0000013336,2031,9000000010,00000000002020,M,,,-67
0000013336,2032,9000000004,00000000002020,M,,,1799
0000013336,2032,9000000005,00000000002020,M,,,770
0000013336,2032,9000000007,00000000002020,M,,,814
0000013336,2032,9000000010,00000000002020,M,,,-70
0000013336,2033,9000000004,00000000002020,M,,,1584
0000013336,2033,9000000005,00000000002020,M,,,1018
0000013336,2033,9000000007,00000000002020,M,,,706
0000013336,2033,9000000010,00000000002020,M,,,-13
0000013336,2034,9000000004,00000000002020,M,,,1412
0000013336,2034,9000000005,00000000002020,M,,,1364
0000013336,2034,9000000007,00000000002020,M,,,603
0000013336,2034,9000000010,00000000002020,M,,,40
0000013336,2035,9000000004,00000000002020,M,,,1380
0000013336,2035,9000000005,00000000002020,M,,,1706
0000013336,2035,9000000007,00000000002020,M,,,503
0000013336,2035,9000000010,00000000002020,M,,,65
0000013336,2036,9000000004,00000000002020,M,,,1299
0000013336,2036,9000000005,00000000002020,M,,,1971
0000013336,2036,9000000007,00000000002020,M,,,415
0000013336,2036,9000000010,00000000002020,M,,,102
0000013336,2037,9000000004,00000000002020,M,,,1058
0000013336,2037,9000000005,00000000002020,M,,,2151
0000013336,2037,9000000007,00000000002020,M,,,331
0000013336,2037,9000000010,00000000002020,M,,,131
0000013336,2038,9000000004,00000000002020,M,,,900
0000013336,2038,9000000005,00000000002020,M,,,2298
0000013336,2038,9000000007,00000000002020,M,,,263
0000013336,2038,9000000010,00000000002020,M,,,200
0000013336,2039,9000000004,00000000002020,M,,,801
0000013336,2039,9000000005,00000000002020,M,,,2475
0000013336,2039,9000000007,00000000002020,M,,,204
0000013336,2039,9000000010,00000000002020,M,,,294
0000013336,2040,9000000004,00000000002020,M,,,727
0000013336,2040,9000000005,00000000002020,M,,,2636
0000013336,2040,9000000007,00000000002020,M,,,156
0000013336,2040,9000000010,00000000002020,M,,,328
0000013337,2028,9000000004,00000000002020,M,,,7811
0000013337,2028,9000000005,00000000002020,M,,,1644
0000013337,2028,9000000007,00000000002020,M,,,3255
0000013337,2028,9000000010,00000000002020,M,,,179
0000013337,2029,9000000004,00000000002020,M,,,11293
0000013337,2029,9000000005,00000000002020,M,,,2553
0000013337,2029,9000000007,00000000002020,M,,,4529
0000013337,2029,9000000010,00000000002020,M,,,-19
0000013337,2030,9000000004,00000000002020,M,,,2326
0000013337,2030,9000000005,00000000002020,M,,,630
0000013337,2030,9000000007,00000000002020,M,,,985
0000013337,2030,9000000010,00000000002020,M,,,-56
0000013337,2031,9000000004,00000000002020,M,,,2056
0000013337,2031,9000000005,00000000002020,M,,,645
0000013337,2031,9000000007,00000000002020,M,,,902
0000013337,2031,9000000010,00000000002020,M,,,-67
0000013337,2032,9000000004,00000000002020,M,,,1799
0000013337,2032,9000000005,00000000002020,M,,,770
0000013337,2032,9000000007,00000000002020,M,,,814
0000013337,2032,9000000010,00000000002020,M,,,-70
0000013337,2033,9000000004,00000000002020,M,,,1584
0000013337,2033,9000000005,00000000002020,M,,,1018
0000013337,2033,9000000007,00000000002020,M,,,706
0000013337,2033,9000000010,00000000002020,M,,,-13
0000013337,2034,9000000004,00000000002020,M,,,1412
0000013337,2034,9000000005,00000000002020,M,,,1364
0000013337,2034,9000000007,00000000002020,M,,,603
0000013337,2034,9000000010,00000000002020,M,,,40
0000013337,2035,9000000004,00000000002020,M,,,1380
0000013337,2035,9000000005,00000000002020,M,,,1706
0000013337,2035,9000000007,00000000002020,M,,,503
0000013337,2035,9000000010,00000000002020,M,,,65
0000013337,2036,9000000004,00000000002020,M,,,1299
0000013337,2036,9000000005,00000000002020,M,,,1971
0000013337,2036,9000000007,00000000002020,M,,,415
0000013337,2036,9000000010,00000000002020,M,,,102
0000013337,2037,9000000004,00000000002020,M,,,1058
0000013337,2037,9000000005,00000000002020,M,,,2151
0000013337,2037,9000000007,00000000002020,M,,,331
0000013337,2037,9000000010,00000000002020,M,,,131
0000013337,2038,9000000004,00000000002020,M,,,900
0000013337,2038,9000000005,00000000002020,M,,,2298
0000013337,2038,9000000007,00000000002020,M,,,263
0000013337,2038,9000000010,00000000002020,M,,,200
0000013337,2039,9000000004,00000000002020,M,,,801
0000013337,2039,9000000005,00000000002020,M,,,2475
0000013337,2039,9000000007,00000000002020,M,,,204
0000013337,2039,9000000010,00000000002020,M,,,294
0000013337,2040,9000000004,00000000002020,M,,,727
0000013337,2040,9000000005,00000000002020,M,,,2636
0000013337,2040,9000000007,00000000002020,M,,,156
0000013337,2040,9000000010,00000000002020,M,,,328
0000013367,2028,9000000003,00000000002020,M,,,-1
0000013367,2028,9000000003,00000000002020,M,,,-1
0000013367,2029,9000000003,00000000002020,M,,,2
0000013367,2029,9000000003,00000000002020,M,,,-4
0000013367,2030,9000000003,00000000002020,M,,,-2
0000013367,2031,9000000003,00000000002020,M,,,-1
0000013367,2032,9000000003,00000000002020,M,,,-1
0000013367,2033,9000000003,00000000002020,M,,,-1
0000013367,2034,9000000003,00000000002020,M,,,-1
0000013367,2035,9000000003,00000000002020,M,,,-1
0000013381,2028,9000000003,00000000002020,M,,,-78
0000013381,2028,9000000003,00000000002020,M,,,-187
0000013381,2028,9000000004,00000000002020,M,,,-538
0000013381,2028,9000000005,00000000002020,M,,,-91
0000013381,2028,9000000006,00000000002020,M,,,-239
0000013381,2028,9000000007,00000000002020,M,,,-270
0000013381,2028,9000000008,00000000002020,M,,,-70
0000013381,2028,9000000008,00000000002020,M,,,-223
0000013381,2028,9000000009,00000000002020,M,,,-63
0000013381,2028,9000000010,00000000002020,M,,,-158
0000013381,2028,9000000010,00000000002020,M,,,-504
0000013381,2028,9000000011,00000000002020,M,,,-167
0000013381,2029,9000000003,00000000002020,M,,,-177
0000013381,2029,9000000004,00000000002020,M,,,-780
0000013381,2029,9000000005,00000000002020,M,,,-190
0000013381,2029,9000000006,00000000002020,M,,,-299
0000013381,2029,9000000007,00000000002020,M,,,-327
0000013381,2029,9000000008,00000000002020,M,,,-217
0000013381,2029,9000000009,00000000002020,M,,,-53
0000013381,2029,9000000010,00000000002020,M,,,-699
0000013381,2029,9000000011,00000000002020,M,,,-177
0000013381,2030,9000000003,00000000002020,M,,,-218
0000013381,2030,9000000004,00000000002020,M,,,-716
0000013381,2030,9000000005,00000000002020,M,,,-159
0000013381,2030,9000000006,00000000002020,M,,,-270
0000013381,2030,9000000007,00000000002020,M,,,-267
0000013381,2030,9000000008,00000000002020,M,,,-268
0000013381,2030,9000000010,00000000002020,M,,,-781
0000013381,2030,9000000011,00000000002020,M,,,-107
0000013381,2031,9000000003,00000000002020,M,,,-168
0000013381,2031,9000000004,00000000002020,M,,,-657
0000013381,2031,9000000005,00000000002020,M,,,-151
0000013381,2031,9000000006,00000000002020,M,,,-220
0000013381,2031,9000000007,00000000002020,M,,,-224
0000013381,2031,9000000008,00000000002020,M,,,-240
0000013381,2031,9000000010,00000000002020,M,,,-856
0000013381,2031,9000000011,00000000002020,M,,,-86
0000013381,2032,9000000003,00000000002020,M,,,-179
0000013381,2032,9000000004,00000000002020,M,,,-633
0000013381,2032,9000000005,00000000002020,M,,,-143
0000013381,2032,9000000006,00000000002020,M,,,-156
0000013381,2032,9000000007,00000000002020,M,,,-211
0000013381,2032,9000000008,00000000002020,M,,,-166
0000013381,2032,9000000010,00000000002020,M,,,-919
0000013381,2032,9000000011,00000000002020,M,,,-60
0000013381,2033,9000000003,00000000002020,M,,,-152
0000013381,2033,9000000004,00000000002020,M,,,-584
0000013381,2033,9000000005,00000000002020,M,,,-147
0000013381,2033,9000000006,00000000002020,M,,,-128
0000013381,2033,9000000007,00000000002020,M,,,-176
0000013381,2033,9000000008,00000000002020,M,,,-154
0000013381,2033,9000000010,00000000002020,M,,,-1109
0000013381,2033,9000000011,00000000002020,M,,,-70
0000013381,2034,9000000003,00000000002020,M,,,-87
0000013381,2034,9000000004,00000000002020,M,,,-559
0000013381,2034,9000000005,00000000002020,M,,,-158
0000013381,2034,9000000006,00000000002020,M,,,-103
0000013381,2034,9000000007,00000000002020,M,,,-153
0000013381,2034,9000000008,00000000002020,M,,,-142
0000013381,2034,9000000010,00000000002020,M,,,-1325
0000013381,2035,9000000003,00000000002020,M,,,-57
0000013381,2035,9000000004,00000000002020,M,,,-506
0000013381,2035,9000000005,00000000002020,M,,,-161
0000013381,2035,9000000006,00000000002020,M,,,-96
0000013381,2035,9000000007,00000000002020,M,,,-134
0000013381,2035,9000000008,00000000002020,M,,,-101
0000013381,2035,9000000010,00000000002020,M,,,-1181
0000013381,2036,9000000003,00000000002020,M,,,-15
0000013381,2036,9000000004,00000000002020,M,,,-481
0000013381,2036,9000000005,00000000002020,M,,,-160
0000013381,2036,9000000006,00000000002020,M,,,-85
0000013381,2036,9000000007,00000000002020,M,,,-109
0000013381,2036,9000000008,00000000002020,M,,,-78
0000013381,2036,9000000010,00000000002020,M,,,-1070
0000013381,2037,9000000003,00000000002020,M,,,-6
0000013381,2037,9000000004,00000000002020,M,,,-448
0000013381,2037,9000000005,00000000002020,M,,,-320
0000013381,2037,9000000006,00000000002020,M,,,-25
0000013381,2037,9000000007,00000000002020,M,,,-91
0000013381,2037,9000000008,00000000002020,M,,,-72
0000013381,2037,9000000010,00000000002020,M,,,-1079
0000013381,2038,9000000003,00000000002020,M,,,-3
0000013381,2038,9000000004,00000000002020,M,,,-481
0000013381,2038,9000000005,00000000002020,M,,,-163
0000013381,2038,9000000007,00000000002020,M,,,-79
0000013381,2038,9000000008,00000000002020,M,,,-65
0000013381,2038,9000000010,00000000002020,M,,,-1021
0000013381,2039,9000000003,00000000002020,M,,,-1
0000013381,2039,9000000004,00000000002020,M,,,-439
0000013381,2039,9000000005,00000000002020,M,,,-155
0000013381,2039,9000000007,00000000002020,M,,,-70
0000013381,2039,9000000008,00000000002020,M,,,-60
0000013381,2039,9000000010,00000000002020,M,,,-1122
0000013381,2040,9000000003,00000000002020,M,,,-1
0000013381,2040,9000000004,00000000002020,M,,,-410
0000013381,2040,9000000005,00000000002020,M,,,-191
0000013381,2040,9000000007,00000000002020,M,,,-62
0000013381,2040,9000000010,00000000002020,M,,,-1019
0000013384,2028,9000000003,00000000002020,M,,,4
0000013384,2028,9000000003,00000000002020,M,,,11
0000013384,2028,9000000004,00000000002020,M,,,5
0000013384,2028,9000000004,00000000002020,M,,,16
0000013384,2028,9000000005,00000000002020,M,,,2
0000013384,2028,9000000005,00000000002020,M,,,8
0000013384,2028,9000000006,00000000002020,M,,,2
0000013384,2028,9000000006,00000000002020,M,,,7
0000013384,2028,9000000007,00000000002020,M,,,8
0000013384,2028,9000000007,00000000002020,M,,,25
0000013384,2028,9000000008,00000000002020,M,,,3
0000013384,2028,9000000008,00000000002020,M,,,10
0000013384,2028,9000000009,00000000002020,M,,,0
0000013384,2028,9000000009,00000000002020,M,,,1
0000013384,2028,9000000010,00000000002020,M,,,5
0000013384,2028,9000000010,00000000002020,M,,,15
0000013384,2028,9000000011,00000000002020,M,,,1
0000013384,2028,9000000011,00000000002020,M,,,4
0000013384,2028,9000000012,00000000002020,M,,,11
0000013384,2028,9000000012,00000000002020,M,,,35
0000013384,2029,9000000003,00000000002020,M,,,10
0000013384,2029,9000000004,00000000002020,M,,,23
0000013384,2029,9000000005,00000000002020,M,,,11
0000013384,2029,9000000006,00000000002020,M,,,9
0000013384,2029,9000000007,00000000002020,M,,,31
0000013384,2029,9000000008,00000000002020,M,,,10
0000013384,2029,9000000009,00000000002020,M,,,0
0000013384,2029,9000000010,00000000002020,M,,,25
0000013384,2029,9000000011,00000000002020,M,,,5
0000013384,2029,9000000012,00000000002020,M,,,46
0000013384,2030,9000000003,00000000002020,M,,,13
0000013384,2030,9000000004,00000000002020,M,,,21
0000013384,2030,9000000005,00000000002020,M,,,10
0000013384,2030,9000000006,00000000002020,M,,,9
0000013384,2030,9000000007,00000000002020,M,,,25
0000013384,2030,9000000008,00000000002020,M,,,14
0000013384,2030,9000000010,00000000002020,M,,,28
0000013384,2030,9000000011,00000000002020,M,,,3
0000013384,2030,9000000012,00000000002020,M,,,32
0000013384,2031,9000000003,00000000002020,M,,,10
0000013384,2031,9000000004,00000000002020,M,,,19
0000013384,2031,9000000005,00000000002020,M,,,10
0000013384,2031,9000000006,00000000002020,M,,,8
0000013384,2031,9000000007,00000000002020,M,,,21
0000013384,2031,9000000008,00000000002020,M,,,13
0000013384,2031,9000000010,00000000002020,M,,,30
0000013384,2031,9000000011,00000000002020,M,,,2
0000013384,2031,9000000012,00000000002020,M,,,34
0000013384,2032,9000000003,00000000002020,M,,,11
0000013384,2032,9000000004,00000000002020,M,,,19
0000013384,2032,9000000005,00000000002020,M,,,10
0000013384,2032,9000000006,00000000002020,M,,,6
0000013384,2032,9000000007,00000000002020,M,,,20
0000013384,2032,9000000008,00000000002020,M,,,9
0000013384,2032,9000000010,00000000002020,M,,,32
0000013384,2032,9000000011,00000000002020,M,,,2
0000013384,2032,9000000012,00000000002020,M,,,26
0000013384,2033,9000000003,00000000002020,M,,,9
0000013384,2033,9000000004,00000000002020,M,,,17
0000013384,2033,9000000005,00000000002020,M,,,10
0000013384,2033,9000000006,00000000002020,M,,,5
0000013384,2033,9000000007,00000000002020,M,,,16
0000013384,2033,9000000008,00000000002020,M,,,9
0000013384,2033,9000000010,00000000002020,M,,,36
0000013384,2033,9000000011,00000000002020,M,,,2
0000013384,2033,9000000012,00000000002020,M,,,22
0000013384,2034,9000000003,00000000002020,M,,,5
0000013384,2034,9000000004,00000000002020,M,,,16
0000013384,2034,9000000005,00000000002020,M,,,11
0000013384,2034,9000000006,00000000002020,M,,,4
0000013384,2034,9000000007,00000000002020,M,,,14
0000013384,2034,9000000008,00000000002020,M,,,9
0000013384,2034,9000000010,00000000002020,M,,,41
0000013384,2034,9000000012,00000000002020,M,,,14
0000013384,2035,9000000003,00000000002020,M,,,3
0000013384,2035,9000000004,00000000002020,M,,,15
0000013384,2035,9000000005,00000000002020,M,,,11
0000013384,2035,9000000006,00000000002020,M,,,4
0000013384,2035,9000000007,00000000002020,M,,,12
0000013384,2035,9000000008,00000000002020,M,,,9
0000013384,2035,9000000010,00000000002020,M,,,37
0000013384,2035,9000000012,00000000002020,M,,,13
0000013384,2036,9000000003,00000000002020,M,,,1
0000013384,2036,9000000004,00000000002020,M,,,14
0000013384,2036,9000000005,00000000002020,M,,,11
0000013384,2036,9000000006,00000000002020,M,,,4
0000013384,2036,9000000007,00000000002020,M,,,9
0000013384,2036,9000000008,00000000002020,M,,,8
0000013384,2036,9000000010,00000000002020,M,,,34
0000013384,2036,9000000012,00000000002020,M,,,12
0000013384,2037,9000000003,00000000002020,M,,,0
0000013384,2037,9000000004,00000000002020,M,,,13
0000013384,2037,9000000005,00000000002020,M,,,22
0000013384,2037,9000000006,00000000002020,M,,,1
0000013384,2037,9000000007,00000000002020,M,,,8
0000013384,2037,9000000008,00000000002020,M,,,7
0000013384,2037,9000000010,00000000002020,M,,,34
0000013384,2037,9000000012,00000000002020,M,,,10
0000013384,2038,9000000003,00000000002020,M,,,0
0000013384,2038,9000000004,00000000002020,M,,,14
0000013384,2038,9000000005,00000000002020,M,,,11
0000013384,2038,9000000007,00000000002020,M,,,6
0000013384,2038,9000000008,00000000002020,M,,,7
0000013384,2038,9000000010,00000000002020,M,,,32
0000013384,2038,9000000012,00000000002020,M,,,8
0000013384,2039,9000000003,00000000002020,M,,,0
0000013384,2039,9000000004,00000000002020,M,,,13
0000013384,2039,9000000005,00000000002020,M,,,10
0000013384,2039,9000000007,00000000002020,M,,,5
0000013384,2039,9000000008,00000000002020,M,,,6
0000013384,2039,9000000010,00000000002020,M,,,36
0000013384,2039,9000000012,00000000002020,M,,,6
0000013384,2040,9000000003,00000000002020,M,,,0
0000013384,2040,9000000004,00000000002020,M,,,12
0000013384,2040,9000000005,00000000002020,M,,,13
0000013384,2040,9000000007,00000000002020,M,,,5
0000013384,2040,9000000010,00000000002020,M,,,34
0000013384,2040,9000000012,00000000002020,M,,,5
0000013386,2028,9000000003,00000000002020,M,,,26
0000013386,2028,9000000003,00000000002020,M,,,63
0000013386,2028,9000000005,00000000002020,M,,,12
0000013386,2028,9000000005,00000000002020,M,,,37
0000013386,2028,9000000007,00000000002020,M,,,32
0000013386,2028,9000000007,00000000002020,M,,,115
0000013386,2028,9000000008,00000000002020,M,,,0
0000013386,2028,9000000008,00000000002020,M,,,0
0000013386,2028,9000000009,00000000002020,M,,,3
0000013386,2028,9000000009,00000000002020,M,,,6
0000013386,2028,9000000011,00000000002020,M,,,0
0000013386,2028,9000000011,00000000002020,M,,,2
0000013386,2028,9000000012,00000000002020,M,,,61
0000013386,2028,9000000012,00000000002020,M,,,189
0000013386,2029,9000000003,00000000002020,M,,,-118
0000013386,2029,9000000003,00000000002020,M,,,175
0000013386,2029,9000000005,00000000002020,M,,,51
0000013386,2029,9000000007,00000000002020,M,,,134
0000013386,2029,9000000008,00000000002020,M,,,0
0000013386,2029,9000000009,00000000002020,M,,,1
0000013386,2029,9000000011,00000000002020,M,,,6
0000013386,2029,9000000012,00000000002020,M,,,248
0000013386,2030,9000000003,00000000002020,M,,,72
0000013386,2030,9000000005,00000000002020,M,,,46
0000013386,2030,9000000007,00000000002020,M,,,111
0000013386,2030,9000000011,00000000002020,M,,,4
0000013386,2030,9000000012,00000000002020,M,,,177
0000013386,2031,9000000003,00000000002020,M,,,56
0000013386,2031,9000000005,00000000002020,M,,,47
0000013386,2031,9000000007,00000000002020,M,,,93
0000013386,2031,9000000011,00000000002020,M,,,5
0000013386,2031,9000000012,00000000002020,M,,,187
0000013386,2032,9000000003,00000000002020,M,,,56
0000013386,2032,9000000005,00000000002020,M,,,45
0000013386,2032,9000000007,00000000002020,M,,,87
0000013386,2032,9000000011,00000000002020,M,,,1
0000013386,2032,9000000012,00000000002020,M,,,139
0000013386,2033,9000000003,00000000002020,M,,,49
0000013386,2033,9000000005,00000000002020,M,,,47
0000013386,2033,9000000007,00000000002020,M,,,72
0000013386,2033,9000000011,00000000002020,M,,,1
0000013386,2033,9000000012,00000000002020,M,,,118
0000013386,2034,9000000003,00000000002020,M,,,29
0000013386,2034,9000000005,00000000002020,M,,,51
0000013386,2034,9000000007,00000000002020,M,,,63
0000013386,2034,9000000012,00000000002020,M,,,79
0000013386,2035,9000000003,00000000002020,M,,,19
0000013386,2035,9000000005,00000000002020,M,,,53
0000013386,2035,9000000007,00000000002020,M,,,53
0000013386,2035,9000000012,00000000002020,M,,,76
0000013386,2036,9000000003,00000000002020,M,,,7
0000013386,2036,9000000005,00000000002020,M,,,53
0000013386,2036,9000000007,00000000002020,M,,,42
0000013386,2036,9000000012,00000000002020,M,,,67
0000013386,2037,9000000003,00000000002020,M,,,3
0000013386,2037,9000000005,00000000002020,M,,,110
0000013386,2037,9000000007,00000000002020,M,,,33
0000013386,2037,9000000012,00000000002020,M,,,59
0000013386,2038,9000000003,00000000002020,M,,,2
0000013386,2038,9000000005,00000000002020,M,,,55
0000013386,2038,9000000007,00000000002020,M,,,28
0000013386,2038,9000000012,00000000002020,M,,,47
0000013386,2039,9000000003,00000000002020,M,,,0
0000013386,2039,9000000005,00000000002020,M,,,52
0000013386,2039,9000000007,00000000002020,M,,,24
0000013386,2039,9000000012,00000000002020,M,,,35
0000013386,2040,9000000003,00000000002020,M,,,0
0000013386,2040,9000000005,00000000002020,M,,,67
0000013386,2040,9000000007,00000000002020,M,,,20
0000013386,2040,9000000012,00000000002020,M,,,30
0000013388,2028,9000000004,00000000002020,M,,,200
0000013388,2028,9000000005,00000000002020,M,,,15
0000013388,2028,9000000006,00000000002020,M,,,-2
0000013388,2028,9000000010,00000000002020,M,,,434
0000013388,2028,9000000011,00000000002020,M,,,20
0000013388,2028,9000000012,00000000002020,M,,,20
0000013388,2029,9000000004,00000000002020,M,,,206
0000013388,2029,9000000005,00000000002020,M,,,12
0000013388,2029,9000000006,00000000002020,M,,,-2
0000013388,2029,9000000010,00000000002020,M,,,260
0000013388,2029,9000000011,00000000002020,M,,,21
0000013388,2029,9000000012,00000000002020,M,,,27
0000013388,2030,9000000004,00000000002020,M,,,109
0000013388,2030,9000000005,00000000002020,M,,,12
0000013388,2030,9000000006,00000000002020,M,,,43
0000013388,2030,9000000007,00000000002020,M,,,17
0000013388,2030,9000000010,00000000002020,M,,,121
0000013388,2030,9000000011,00000000002020,M,,,11
0000013388,2030,9000000012,00000000002020,M,,,11
0000013388,2031,9000000004,00000000002020,M,,,103
0000013388,2031,9000000005,00000000002020,M,,,12
0000013388,2031,9000000006,00000000002020,M,,,38
0000013388,2031,9000000007,00000000002020,M,,,14
0000013388,2031,9000000010,00000000002020,M,,,133
0000013388,2031,9000000011,00000000002020,M,,,9
0000013388,2031,9000000012,00000000002020,M,,,9
0000013388,2032,9000000004,00000000002020,M,,,101
0000013388,2032,9000000005,00000000002020,M,,,11
0000013388,2032,9000000006,00000000002020,M,,,29
0000013388,2032,9000000007,00000000002020,M,,,14
0000013388,2032,9000000010,00000000002020,M,,,144
0000013388,2032,9000000011,00000000002020,M,,,8
0000013388,2032,9000000012,00000000002020,M,,,8
0000013388,2033,9000000004,00000000002020,M,,,95
0000013388,2033,9000000005,00000000002020,M,,,12
0000013388,2033,9000000006,00000000002020,M,,,26
0000013388,2033,9000000007,00000000002020,M,,,12
0000013388,2033,9000000010,00000000002020,M,,,164
0000013388,2033,9000000011,00000000002020,M,,,10
0000013388,2033,9000000012,00000000002020,M,,,7
0000013388,2034,9000000004,00000000002020,M,,,89
0000013388,2034,9000000005,00000000002020,M,,,12
0000013388,2034,9000000006,00000000002020,M,,,23
0000013388,2034,9000000007,00000000002020,M,,,10
0000013388,2034,9000000010,00000000002020,M,,,190
0000013388,2034,9000000012,00000000002020,M,,,5
0000013388,2035,9000000004,00000000002020,M,,,82
0000013388,2035,9000000005,00000000002020,M,,,12
0000013388,2035,9000000006,00000000002020,M,,,23
0000013388,2035,9000000007,00000000002020,M,,,9
0000013388,2035,9000000010,00000000002020,M,,,175
0000013388,2035,9000000012,00000000002020,M,,,4
0000013388,2036,9000000004,00000000002020,M,,,80
0000013388,2036,9000000005,00000000002020,M,,,11
0000013388,2036,9000000006,00000000002020,M,,,23
0000013388,2036,9000000007,00000000002020,M,,,7
0000013388,2036,9000000010,00000000002020,M,,,166
0000013388,2036,9000000012,00000000002020,M,,,3
0000013388,2037,9000000004,00000000002020,M,,,75
0000013388,2037,9000000005,00000000002020,M,,,20
0000013388,2037,9000000006,00000000002020,M,,,7
0000013388,2037,9000000007,00000000002020,M,,,7
0000013388,2037,9000000010,00000000002020,M,,,169
0000013388,2037,9000000012,00000000002020,M,,,2
0000013388,2038,9000000004,00000000002020,M,,,83
0000013388,2038,9000000005,00000000002020,M,,,11
0000013388,2038,9000000007,00000000002020,M,,,6
0000013388,2038,9000000010,00000000002020,M,,,164
0000013388,2038,9000000012,00000000002020,M,,,2
0000013388,2039,9000000004,00000000002020,M,,,77
0000013388,2039,9000000005,00000000002020,M,,,10
0000013388,2039,9000000007,00000000002020,M,,,6
0000013388,2039,9000000010,00000000002020,M,,,186
0000013388,2039,9000000012,00000000002020,M,,,2
0000013388,2040,9000000004,00000000002020,M,,,73
0000013388,2040,9000000005,00000000002020,M,,,11
0000013388,2040,9000000007,00000000002020,M,,,5
0000013388,2040,9000000010,00000000002020,M,,,180
0000013388,2040,9000000012,00000000002020,M,,,1
0000013396,2028,9000000011,00000000002020,M,,,-5
0000013396,2028,9000000011,00000000002020,M,,,0
0000013396,2028,9000000012,00000000002020,M,,,-14
0000013396,2029,9000000011,00000000002020,M,,,0
0000013396,2029,9000000012,00000000002020,M,,,0
0000013396,2030,9000000007,00000000002020,M,,,-1
0000013396,2030,9000000011,00000000002020,M,,,-1
0000013396,2030,9000000012,00000000002020,M,,,4
0000013396,2031,9000000007,00000000002020,M,,,-1
0000013396,2031,9000000011,00000000002020,M,,,0
0000013396,2031,9000000012,00000000002020,M,,,-1
0000013396,2032,9000000011,00000000002020,M,,,-1
0000013396,2032,9000000012,00000000002020,M,,,1
0000013396,2033,9000000011,00000000002020,M,,,-1
0000013396,2033,9000000012,00000000002020,M,,,1
0000013396,2034,9000000007,00000000002020,M,,,0
0000013396,2034,9000000011,00000000002020,M,,,3
0000013396,2034,9000000012,00000000002020,M,,,1
0000013396,2035,9000000007,00000000002020,M,,,-1
0000013396,2035,9000000012,00000000002020,M,,,1
0000013396,2036,9000000012,00000000002020,M,,,0
0000013396,2037,9000000012,00000000002020,M,,,0
0000013396,2038,9000000007,00000000002020,M,,,0
0000013396,2038,9000000012,00000000002020,M,,,2
0000013396,2039,9000000007,00000000002020,M,,,-1
0000013397,2028,9000000004,00000000002020,M,,,147
0000013397,2028,9000000005,00000000002020,M,,,46
0000013397,2028,9000000006,00000000002020,M,,,70
0000013397,2028,9000000007,00000000002020,M,,,104
0000013397,2028,9000000009,00000000002020,M,,,3
0000013397,2029,9000000004,00000000002020,M,,,488
0000013397,2029,9000000005,00000000002020,M,,,91
0000013397,2029,9000000006,00000000002020,M,,,85
0000013397,2029,9000000007,00000000002020,M,,,90
0000013397,2029,9000000009,00000000002020,M,,,4
0000013397,2029,9000000010,00000000002020,M,,,666
0000013397,2029,9000000011,00000000002020,M,,,35
0000013397,2029,9000000012,00000000002020,M,,,214
0000013397,2030,9000000004,00000000002020,M,,,506
0000013397,2030,9000000005,00000000002020,M,,,90
0000013397,2030,9000000006,00000000002020,M,,,65
0000013397,2030,9000000007,00000000002020,M,,,90
0000013397,2030,9000000009,00000000002020,M,,,4
0000013397,2030,9000000010,00000000002020,M,,,595
0000013397,2030,9000000011,00000000002020,M,,,33
0000013397,2030,9000000012,00000000002020,M,,,236
0000013397,2031,9000000004,00000000002020,M,,,409
0000013397,2031,9000000005,00000000002020,M,,,87
0000013397,2031,9000000006,00000000002020,M,,,111
0000013397,2031,9000000007,00000000002020,M,,,175
0000013397,2031,9000000009,00000000002020,M,,,4
0000013397,2031,9000000010,00000000002020,M,,,563
0000013397,2031,9000000011,00000000002020,M,,,20
0000013397,2031,9000000012,00000000002020,M,,,139
0000013397,2032,9000000004,00000000002020,M,,,402
0000013397,2032,9000000005,00000000002020,M,,,87
0000013397,2032,9000000006,00000000002020,M,,,105
0000013397,2032,9000000007,00000000002020,M,,,161
0000013397,2032,9000000009,00000000002020,M,,,4
0000013397,2032,9000000010,00000000002020,M,,,575
0000013397,2032,9000000011,00000000002020,M,,,18
0000013397,2032,9000000012,00000000002020,M,,,140
0000013397,2033,9000000004,00000000002020,M,,,400
0000013397,2033,9000000005,00000000002020,M,,,86
0000013397,2033,9000000006,00000000002020,M,,,97
0000013397,2033,9000000007,00000000002020,M,,,157
0000013397,2033,9000000009,00000000002020,M,,,4
0000013397,2033,9000000010,00000000002020,M,,,587
0000013397,2033,9000000011,00000000002020,M,,,16
0000013397,2033,9000000012,00000000002020,M,,,110
0000013397,2034,9000000004,00000000002020,M,,,394
0000013397,2034,9000000005,00000000002020,M,,,87
0000013397,2034,9000000006,00000000002020,M,,,93
0000013397,2034,9000000007,00000000002020,M,,,146
0000013397,2034,9000000009,00000000002020,M,,,4
0000013397,2034,9000000010,00000000002020,M,,,606
0000013397,2034,9000000011,00000000002020,M,,,18
0000013397,2034,9000000012,00000000002020,M,,,93
0000013397,2035,9000000004,00000000002020,M,,,388
0000013397,2035,9000000005,00000000002020,M,,,90
0000013397,2035,9000000006,00000000002020,M,,,90
0000013397,2035,9000000007,00000000002020,M,,,138
0000013397,2035,9000000009,00000000002020,M,,,4
0000013397,2035,9000000010,00000000002020,M,,,632
0000013397,2035,9000000011,00000000002020,M,,,3
0000013397,2035,9000000012,00000000002020,M,,,59
0000013397,2036,9000000004,00000000002020,M,,,382
0000013397,2036,9000000005,00000000002020,M,,,92
0000013397,2036,9000000006,00000000002020,M,,,90
0000013397,2036,9000000007,00000000002020,M,,,131
0000013397,2036,9000000009,00000000002020,M,,,4
0000013397,2036,9000000010,00000000002020,M,,,617
0000013397,2036,9000000011,00000000002020,M,,,3
0000013397,2036,9000000012,00000000002020,M,,,57
0000013397,2037,9000000004,00000000002020,M,,,379
0000013397,2037,9000000005,00000000002020,M,,,94
0000013397,2037,9000000006,00000000002020,M,,,90
0000013397,2037,9000000007,00000000002020,M,,,123
0000013397,2037,9000000009,00000000002020,M,,,4
0000013397,2037,9000000010,00000000002020,M,,,608
0000013397,2037,9000000011,00000000002020,M,,,3
0000013397,2037,9000000012,00000000002020,M,,,48
0000013397,2038,9000000004,00000000002020,M,,,375
0000013397,2038,9000000005,00000000002020,M,,,140
0000013397,2038,9000000006,00000000002020,M,,,74
0000013397,2038,9000000007,00000000002020,M,,,119
0000013397,2038,9000000009,00000000002020,M,,,4
0000013397,2038,9000000010,00000000002020,M,,,611
0000013397,2038,9000000011,00000000002020,M,,,3
0000013397,2038,9000000012,00000000002020,M,,,40
0000013397,2039,9000000004,00000000002020,M,,,382
0000013397,2039,9000000005,00000000002020,M,,,94
0000013397,2039,9000000006,00000000002020,M,,,67
0000013397,2039,9000000007,00000000002020,M,,,115
0000013397,2039,9000000009,00000000002020,M,,,4
0000013397,2039,9000000010,00000000002020,M,,,606
0000013397,2039,9000000011,00000000002020,M,,,3
0000013397,2039,9000000012,00000000002020,M,,,36
0000013397,2040,9000000004,00000000002020,M,,,377
0000013397,2040,9000000005,00000000002020,M,,,92
0000013397,2040,9000000006,00000000002020,M,,,67
0000013397,2040,9000000007,00000000002020,M,,,111
0000013397,2040,9000000009,00000000002020,M,,,4
0000013397,2040,9000000010,00000000002020,M,,,629
0000013397,2040,9000000011,00000000002020,M,,,3
0000013397,2040,9000000012,00000000002020,M,,,29
0000013403,2028,9000000011,00000000002020,M,,,2
0000013403,2028,9000000012,00000000002020,M,,,13
0000013403,2029,9000000011,00000000002020,M,,,1
0000013403,2029,9000000012,00000000002020,M,,,13
0000013403,2030,9000000007,00000000002020,M,,,1
0000013403,2030,9000000011,00000000002020,M,,,0
0000013403,2030,9000000012,00000000002020,M,,,8
0000013403,2031,9000000007,00000000002020,M,,,1
0000013403,2031,9000000011,00000000002020,M,,,0
0000013403,2031,9000000012,00000000002020,M,,,4
0000013403,2032,9000000007,00000000002020,M,,,1
0000013403,2032,9000000011,00000000002020,M,,,0
0000013403,2032,9000000012,00000000002020,M,,,3
0000013403,2033,9000000007,00000000002020,M,,,1
0000013403,2033,9000000011,00000000002020,M,,,0
0000013403,2033,9000000012,00000000002020,M,,,2
0000013403,2034,9000000007,00000000002020,M,,,0
0000013403,2034,9000000012,00000000002020,M,,,1
0000013403,2035,9000000007,00000000002020,M,,,1
0000013403,2035,9000000012,00000000002020,M,,,0
0000013403,2036,9000000007,00000000002020,M,,,1
0000013403,2036,9000000012,00000000002020,M,,,0
0000013403,2037,9000000007,00000000002020,M,,,0
0000013403,2037,9000000012,00000000002020,M,,,1
0000013403,2038,9000000007,00000000002020,M,,,0
0000013403,2038,9000000012,00000000002020,M,,,0
0000013403,2039,9000000007,00000000002020,M,,,0
0000013403,2039,9000000012,00000000002020,M,,,0
0000013403,2040,9000000007,00000000002020,M,,,0
0000013403,2040,9000000012,00000000002020,M,,,0
0000013404,2028,9000000005,00000000002020,M,,,29
0000013404,2028,9000000009,00000000002020,M,,,0
0000013404,2028,9000000011,00000000002020,M,,,3
0000013404,2028,9000000012,00000000002020,M,,,166
0000013404,2029,9000000005,00000000002020,M,,,31
0000013404,2029,9000000009,00000000002020,M,,,0
0000013404,2029,9000000011,00000000002020,M,,,4
0000013404,2029,9000000012,00000000002020,M,,,184
0000013404,2030,9000000005,00000000002020,M,,,28
0000013404,2030,9000000007,00000000002020,M,,,65
0000013404,2030,9000000011,00000000002020,M,,,2
0000013404,2030,9000000012,00000000002020,M,,,111
0000013404,2031,9000000005,00000000002020,M,,,28
0000013404,2031,9000000007,00000000002020,M,,,55
0000013404,2031,9000000011,00000000002020,M,,,2
0000013404,2031,9000000012,00000000002020,M,,,117
0000013404,2032,9000000005,00000000002020,M,,,28
0000013404,2032,9000000007,00000000002020,M,,,51
0000013404,2032,9000000011,00000000002020,M,,,0
0000013404,2032,9000000012,00000000002020,M,,,90
0000013404,2033,9000000005,00000000002020,M,,,28
0000013404,2033,9000000007,00000000002020,M,,,41
0000013404,2033,9000000011,00000000002020,M,,,1
0000013404,2033,9000000012,00000000002020,M,,,77
0000013404,2034,9000000005,00000000002020,M,,,31
0000013404,2034,9000000007,00000000002020,M,,,36
0000013404,2034,9000000012,00000000002020,M,,,49
0000013404,2035,9000000005,00000000002020,M,,,33
0000013404,2035,9000000007,00000000002020,M,,,30
0000013404,2035,9000000012,00000000002020,M,,,49
0000013404,2036,9000000005,00000000002020,M,,,35
0000013404,2036,9000000007,00000000002020,M,,,23
0000013404,2036,9000000012,00000000002020,M,,,41
0000013404,2037,9000000005,00000000002020,M,,,73
0000013404,2037,9000000007,00000000002020,M,,,20
0000013404,2037,9000000012,00000000002020,M,,,34
0000013404,2038,9000000005,00000000002020,M,,,36
0000013404,2038,9000000007,00000000002020,M,,,16
0000013404,2038,9000000012,00000000002020,M,,,33
0000013404,2039,9000000005,00000000002020,M,,,35
0000013404,2039,9000000007,00000000002020,M,,,13
0000013404,2039,9000000012,00000000002020,M,,,26
0000013404,2040,9000000005,00000000002020,M,,,46
0000013404,2040,9000000007,00000000002020,M,,,11
0000013404,2040,9000000012,00000000002020,M,,,24
0000013408,2028,9000000011,00000000002020,M,,,4
0000013408,2028,9000000012,00000000002020,M,,,13
0000013408,2029,9000000011,00000000002020,M,,,3
0000013408,2029,9000000012,00000000002020,M,,,12
0000013408,2030,9000000007,00000000002020,M,,,0
0000013408,2030,9000000011,00000000002020,M,,,3
0000013408,2030,9000000012,00000000002020,M,,,8
0000013408,2031,9000000007,00000000002020,M,,,0
0000013408,2031,9000000011,00000000002020,M,,,2
0000013408,2031,9000000012,00000000002020,M,,,8
0000013408,2032,9000000007,00000000002020,M,,,0
0000013408,2032,9000000011,00000000002020,M,,,3
0000013408,2032,9000000012,00000000002020,M,,,6
0000013408,2033,9000000007,00000000002020,M,,,0
0000013408,2033,9000000011,00000000002020,M,,,3
0000013408,2033,9000000012,00000000002020,M,,,5
0000013408,2034,9000000007,00000000002020,M,,,0
0000013408,2034,9000000012,00000000002020,M,,,4
0000013408,2035,9000000007,00000000002020,M,,,0
0000013408,2035,9000000012,00000000002020,M,,,3
0000013408,2036,9000000007,00000000002020,M,,,0
0000013408,2036,9000000012,00000000002020,M,,,2
0000013408,2037,9000000007,00000000002020,M,,,0
0000013408,2037,9000000012,00000000002020,M,,,2
0000013408,2038,9000000007,00000000002020,M,,,0
0000013408,2039,9000000007,00000000002020,M,,,0
0000013408,2040,9000000007,00000000002020,M,,,0
0000013409,2028,9000000011,00000000002020,M,,,4
0000013409,2028,9000000012,00000000002020,M,,,13
0000013409,2029,9000000011,00000000002020,M,,,3
0000013409,2029,9000000012,00000000002020,M,,,12
0000013409,2030,9000000007,00000000002020,M,,,0
0000013409,2030,9000000011,00000000002020,M,,,3
0000013409,2030,9000000012,00000000002020,M,,,8
0000013409,2031,9000000007,00000000002020,M,,,0
0000013409,2031,9000000011,00000000002020,M,,,2
0000013409,2031,9000000012,00000000002020,M,,,8
0000013409,2032,9000000007,00000000002020,M,,,0
0000013409,2032,9000000011,00000000002020,M,,,3
0000013409,2032,9000000012,00000000002020,M,,,6
0000013409,2033,9000000007,00000000002020,M,,,0
0000013409,2033,9000000011,00000000002020,M,,,3
0000013409,2033,9000000012,00000000002020,M,,,5
0000013409,2034,9000000007,00000000002020,M,,,0
0000013409,2034,9000000012,00000000002020,M,,,4
0000013409,2035,9000000007,00000000002020,M,,,0
0000013409,2035,9000000012,00000000002020,M,,,3
0000013409,2036,9000000007,00000000002020,M,,,0
0000013409,2036,9000000012,00000000002020,M,,,2
0000013409,2037,9000000007,00000000002020,M,,,0
0000013409,2037,9000000012,00000000002020,M,,,2
0000013409,2038,9000000007,00000000002020,M,,,0
0000013409,2039,9000000007,00000000002020,M,,,0
0000013409,2040,9000000007,00000000002020,M,,,0
0000013410,2029,9000000011,00000000002020,M,,,4
0000013410,2029,9000000012,00000000002020,M,,,13
0000013410,2030,9000000011,00000000002020,M,,,3
0000013410,2030,9000000012,00000000002020,M,,,12
0000013410,2031,9000000007,00000000002020,M,,,0
0000013410,2031,9000000011,00000000002020,M,,,3
0000013410,2031,9000000012,00000000002020,M,,,8
0000013410,2032,9000000007,00000000002020,M,,,0
0000013410,2032,9000000011,00000000002020,M,,,2
0000013410,2032,9000000012,00000000002020,M,,,8
0000013410,2033,9000000007,00000000002020,M,,,0
0000013410,2033,9000000011,00000000002020,M,,,3
0000013410,2033,9000000012,00000000002020,M,,,6
0000013410,2034,9000000007,00000000002020,M,,,0
0000013410,2034,9000000011,00000000002020,M,,,3
0000013410,2034,9000000012,00000000002020,M,,,5
0000013410,2035,9000000007,00000000002020,M,,,0
0000013410,2035,9000000012,00000000002020,M,,,4
0000013410,2036,9000000007,00000000002020,M,,,0
0000013410,2036,9000000012,00000000002020,M,,,3
0000013410,2037,9000000007,00000000002020,M,,,0
0000013410,2037,9000000012,00000000002020,M,,,2
0000013410,2038,9000000007,00000000002020,M,,,0
0000013410,2038,9000000012,00000000002020,M,,,2
0000013410,2039,9000000007,00000000002020,M,,,0
0000013410,2040,9000000007,00000000002020,M,,,0
0000013412,2028,9000000003,00000000002020,M,,,0
0000013412,2028,9000000003,00000000002020,M,,,0
0000013412,2028,9000000004,00000000002020,M,,,6
0000013412,2028,9000000004,00000000002020,M,,,14
0000013412,2028,9000000005,00000000002020,M,,,0
0000013412,2028,9000000005,00000000002020,M,,,2
0000013412,2028,9000000006,00000000002020,M,,,2
0000013412,2028,9000000006,00000000002020,M,,,7
0000013412,2028,9000000007,00000000002020,M,,,0
0000013412,2028,9000000007,00000000002020,M,,,4
0000013412,2028,9000000008,00000000002020,M,,,3
0000013412,2028,9000000008,00000000002020,M,,,10
0000013412,2028,9000000009,00000000002020,M,,,0
0000013412,2028,9000000010,00000000002020,M,,,5
0000013412,2028,9000000010,00000000002020,M,,,15
0000013412,2028,9000000011,00000000002020,M,,,1
0000013412,2028,9000000011,00000000002020,M,,,3
0000013412,2028,9000000012,00000000002020,M,,,0
0000013412,2028,9000000012,00000000002020,M,,,1
0000013412,2029,9000000003,00000000002020,M,,,-2
0000013412,2029,9000000003,00000000002020,M,,,1
0000013412,2029,9000000004,00000000002020,M,,,23
0000013412,2029,9000000005,00000000002020,M,,,2
0000013412,2029,9000000006,00000000002020,M,,,9
0000013412,2029,9000000007,00000000002020,M,,,4
0000013412,2029,9000000008,00000000002020,M,,,10
0000013412,2029,9000000010,00000000002020,M,,,27
0000013412,2029,9000000011,00000000002020,M,,,3
0000013412,2029,9000000012,00000000002020,M,,,1
0000013412,2030,9000000003,00000000002020,M,,,0
0000013412,2030,9000000004,00000000002020,M,,,21
0000013412,2030,9000000005,00000000002020,M,,,2
0000013412,2030,9000000006,00000000002020,M,,,9
0000013412,2030,9000000007,00000000002020,M,,,3
0000013412,2030,9000000008,00000000002020,M,,,14
0000013412,2030,9000000010,00000000002020,M,,,28
0000013412,2030,9000000011,00000000002020,M,,,2
0000013412,2030,9000000012,00000000002020,M,,,0
0000013412,2031,9000000003,00000000002020,M,,,0
0000013412,2031,9000000004,00000000002020,M,,,19
0000013412,2031,9000000005,00000000002020,M,,,2
0000013412,2031,9000000006,00000000002020,M,,,8
0000013412,2031,9000000007,00000000002020,M,,,2
0000013412,2031,9000000008,00000000002020,M,,,13
0000013412,2031,9000000010,00000000002020,M,,,30
0000013412,2031,9000000011,00000000002020,M,,,1
0000013412,2031,9000000012,00000000002020,M,,,0
0000013412,2032,9000000003,00000000002020,M,,,1
0000013412,2032,9000000004,00000000002020,M,,,19
0000013412,2032,9000000005,00000000002020,M,,,2
0000013412,2032,9000000006,00000000002020,M,,,6
0000013412,2032,9000000007,00000000002020,M,,,2
0000013412,2032,9000000008,00000000002020,M,,,9
0000013412,2032,9000000010,00000000002020,M,,,32
0000013412,2032,9000000011,00000000002020,M,,,1
0000013412,2032,9000000012,00000000002020,M,,,0
0000013412,2033,9000000003,00000000002020,M,,,1
0000013412,2033,9000000004,00000000002020,M,,,17
0000013412,2033,9000000005,00000000002020,M,,,2
0000013412,2033,9000000006,00000000002020,M,,,5
0000013412,2033,9000000007,00000000002020,M,,,2
0000013412,2033,9000000008,00000000002020,M,,,9
0000013412,2033,9000000010,00000000002020,M,,,36
0000013412,2033,9000000011,00000000002020,M,,,1
0000013412,2033,9000000012,00000000002020,M,,,0
0000013412,2034,9000000003,00000000002020,M,,,0
0000013412,2034,9000000004,00000000002020,M,,,16
0000013412,2034,9000000005,00000000002020,M,,,2
0000013412,2034,9000000006,00000000002020,M,,,4
0000013412,2034,9000000007,00000000002020,M,,,1
0000013412,2034,9000000008,00000000002020,M,,,9
0000013412,2034,9000000010,00000000002020,M,,,41
0000013412,2034,9000000012,00000000002020,M,,,0
0000013412,2035,9000000003,00000000002020,M,,,0
0000013412,2035,9000000004,00000000002020,M,,,15
0000013412,2035,9000000005,00000000002020,M,,,2
0000013412,2035,9000000006,00000000002020,M,,,4
0000013412,2035,9000000007,00000000002020,M,,,1
0000013412,2035,9000000008,00000000002020,M,,,9
0000013412,2035,9000000010,00000000002020,M,,,37
0000013412,2035,9000000012,00000000002020,M,,,0
0000013412,2036,9000000003,00000000002020,M,,,0
0000013412,2036,9000000004,00000000002020,M,,,14
0000013412,2036,9000000005,00000000002020,M,,,2
0000013412,2036,9000000006,00000000002020,M,,,4
0000013412,2036,9000000007,00000000002020,M,,,1
0000013412,2036,9000000008,00000000002020,M,,,8
0000013412,2036,9000000010,00000000002020,M,,,34
0000013412,2036,9000000012,00000000002020,M,,,0
0000013412,2037,9000000003,00000000002020,M,,,0
0000013412,2037,9000000004,00000000002020,M,,,13
0000013412,2037,9000000005,00000000002020,M,,,3
0000013412,2037,9000000006,00000000002020,M,,,1
0000013412,2037,9000000007,00000000002020,M,,,1
0000013412,2037,9000000008,00000000002020,M,,,7
0000013412,2037,9000000010,00000000002020,M,,,34
0000013412,2037,9000000012,00000000002020,M,,,0
0000013412,2038,9000000003,00000000002020,M,,,0
0000013412,2038,9000000004,00000000002020,M,,,14
0000013412,2038,9000000005,00000000002020,M,,,1
0000013412,2038,9000000007,00000000002020,M,,,1
0000013412,2038,9000000008,00000000002020,M,,,7
0000013412,2038,9000000010,00000000002020,M,,,32
0000013412,2038,9000000012,00000000002020,M,,,0
0000013412,2039,9000000003,00000000002020,M,,,0
0000013412,2039,9000000004,00000000002020,M,,,13
0000013412,2039,9000000005,00000000002020,M,,,1
0000013412,2039,9000000007,00000000002020,M,,,1
0000013412,2039,9000000008,00000000002020,M,,,6
0000013412,2039,9000000010,00000000002020,M,,,36
0000013412,2039,9000000012,00000000002020,M,,,0
0000013412,2040,9000000003,00000000002020,M,,,0
0000013412,2040,9000000004,00000000002020,M,,,12
0000013412,2040,9000000005,00000000002020,M,,,1
0000013412,2040,9000000007,00000000002020,M,,,0
0000013412,2040,9000000010,00000000002020,M,,,34
0000013412,2040,9000000012,00000000002020,M,,,0
0000013522,2028,9000000004,00000000002020,M,,,1
0000013522,2028,9000000006,00000000002020,M,,,-15
0000013522,2028,9000000007,00000000002020,M,,,0
0000013522,2028,9000000009,00000000002020,M,,,-2
0000013522,2028,9000000009,00000000002020,M,,,4
0000013522,2028,9000000010,00000000002020,M,,,1
0000013522,2028,9000000011,00000000002020,M,,,-14
0000013524,2028,9000000004,00000000002020,M,,,55
0000013524,2028,9000000004,00000000002020,M,,,-397
0000013524,2028,9000000005,00000000002020,M,,,-1
0000013524,2028,9000000005,00000000002020,M,,,-45
0000013524,2028,9000000006,00000000002020,M,,,-71
0000013524,2028,9000000006,00000000002020,M,,,56
0000013524,2028,9000000007,00000000002020,M,,,25
0000013524,2028,9000000007,00000000002020,M,,,-12
0000013524,2028,9000000009,00000000002020,M,,,-4
0000013524,2028,9000000009,00000000002020,M,,,2
0000013524,2028,9000000010,00000000002020,M,,,-526
0000013524,2028,9000000010,00000000002020,M,,,-142
0000013524,2028,9000000011,00000000002020,M,,,-17
0000013524,2028,9000000011,00000000002020,M,,,37
0000013524,2028,9000000012,00000000002020,M,,,-215
0000013524,2029,9000000004,00000000002020,M,,,-18
0000013524,2029,9000000005,00000000002020,M,,,0
0000013524,2029,9000000006,00000000002020,M,,,20
0000013524,2029,9000000009,00000000002020,M,,,0
0000013524,2029,9000000010,00000000002020,M,,,71
0000013524,2029,9000000011,00000000002020,M,,,1
0000013524,2029,9000000012,00000000002020,M,,,-23
0000013524,2030,9000000004,00000000002020,M,,,96
0000013524,2030,9000000005,00000000002020,M,,,3
0000013524,2030,9000000006,00000000002020,M,,,-46
0000013524,2030,9000000007,00000000002020,M,,,-85
0000013524,2030,9000000009,00000000002020,M,,,0
0000013524,2030,9000000010,00000000002020,M,,,31
0000013524,2030,9000000011,00000000002020,M,,,12
0000013524,2030,9000000012,00000000002020,M,,,97
0000013524,2031,9000000004,00000000002020,M,,,6
0000013524,2031,9000000005,00000000002020,M,,,-1
0000013524,2031,9000000006,00000000002020,M,,,5
0000013524,2031,9000000007,00000000002020,M,,,13
0000013524,2031,9000000010,00000000002020,M,,,-13
0000013524,2031,9000000011,00000000002020,M,,,2
0000013524,2031,9000000012,00000000002020,M,,,-2
0000013524,2032,9000000004,00000000002020,M,,,1
0000013524,2032,9000000005,00000000002020,M,,,0
0000013524,2032,9000000006,00000000002020,M,,,8
0000013524,2032,9000000007,00000000002020,M,,,4
0000013524,2032,9000000010,00000000002020,M,,,-12
0000013524,2032,9000000011,00000000002020,M,,,1
0000013524,2032,9000000012,00000000002020,M,,,30
0000013524,2033,9000000004,00000000002020,M,,,6
0000013524,2033,9000000005,00000000002020,M,,,-1
0000013524,2033,9000000006,00000000002020,M,,,3
0000013524,2033,9000000007,00000000002020,M,,,11
0000013524,2033,9000000010,00000000002020,M,,,-20
0000013524,2033,9000000011,00000000002020,M,,,-3
0000013524,2033,9000000012,00000000002020,M,,,16
0000013524,2034,9000000004,00000000002020,M,,,5
0000013524,2034,9000000005,00000000002020,M,,,-4
0000013524,2034,9000000006,00000000002020,M,,,3
0000013524,2034,9000000007,00000000002020,M,,,7
0000013524,2034,9000000010,00000000002020,M,,,-27
0000013524,2034,9000000011,00000000002020,M,,,15
0000013524,2034,9000000012,00000000002020,M,,,34
0000013524,2035,9000000004,00000000002020,M,,,6
0000013524,2035,9000000005,00000000002020,M,,,-2
0000013524,2035,9000000006,00000000002020,M,,,-1
0000013524,2035,9000000007,00000000002020,M,,,6
0000013524,2035,9000000010,00000000002020,M,,,14
0000013524,2035,9000000012,00000000002020,M,,,2
0000013524,2036,9000000004,00000000002020,M,,,2
0000013524,2036,9000000005,00000000002020,M,,,-3
0000013524,2036,9000000006,00000000002020,M,,,0
0000013524,2036,9000000007,00000000002020,M,,,8
0000013524,2036,9000000010,00000000002020,M,,,9
0000013524,2036,9000000012,00000000002020,M,,,8
0000013524,2037,9000000004,00000000002020,M,,,4
0000013524,2037,9000000005,00000000002020,M,,,-46
0000013524,2037,9000000006,00000000002020,M,,,15
0000013524,2037,9000000007,00000000002020,M,,,3
0000013524,2037,9000000010,00000000002020,M,,,-3
0000013524,2037,9000000012,00000000002020,M,,,7
0000013524,2038,9000000004,00000000002020,M,,,-8
0000013524,2038,9000000005,00000000002020,M,,,46
0000013524,2038,9000000006,00000000002020,M,,,7
0000013524,2038,9000000007,00000000002020,M,,,4
0000013524,2038,9000000010,00000000002020,M,,,4
0000013524,2038,9000000012,00000000002020,M,,,4
0000013524,2039,9000000004,00000000002020,M,,,5
0000013524,2039,9000000005,00000000002020,M,,,1
0000013524,2039,9000000007,00000000002020,M,,,3
0000013524,2039,9000000010,00000000002020,M,,,-23
0000013524,2039,9000000012,00000000002020,M,,,7
0000013524,2040,9000000004,00000000002020,M,,,3
0000013524,2040,9000000005,00000000002020,M,,,-13
0000013524,2040,9000000007,00000000002020,M,,,3
0000013524,2040,9000000010,00000000002020,M,,,6
0000013524,2040,9000000012,00000000002020,M,,,2
0000013525,2028,9000000004,00000000002020,M,,,23
0000013525,2028,9000000005,00000000002020,M,,,35
0000013525,2028,9000000006,00000000002020,M,,,137
0000013525,2028,9000000006,00000000002020,M,,,-7
0000013525,2028,9000000007,00000000002020,M,,,145
0000013525,2028,9000000007,00000000002020,M,,,13
0000013525,2028,9000000009,00000000002020,M,,,19
0000013525,2028,9000000009,00000000002020,M,,,-3
0000013525,2028,9000000010,00000000002020,M,,,307
0000013525,2028,9000000010,00000000002020,M,,,12
0000013525,2028,9000000011,00000000002020,M,,,11
0000013525,2028,9000000011,00000000002020,M,,,-16
0000013525,2028,9000000012,00000000002020,M,,,73
0000013525,2029,9000000004,00000000002020,M,,,-1
0000013525,2029,9000000005,00000000002020,M,,,12
0000013525,2029,9000000009,00000000002020,M,,,-2
0000013525,2029,9000000010,00000000002020,M,,,0
0000013525,2029,9000000011,00000000002020,M,,,-2
0000013525,2029,9000000012,00000000002020,M,,,0
0000013525,2030,9000000004,00000000002020,M,,,-2
0000013525,2030,9000000005,00000000002020,M,,,-17
0000013525,2030,9000000006,00000000002020,M,,,27
0000013525,2030,9000000007,00000000002020,M,,,31
0000013525,2030,9000000009,00000000002020,M,,,-2
0000013525,2030,9000000010,00000000002020,M,,,4
0000013525,2030,9000000011,00000000002020,M,,,-2
0000013525,2030,9000000012,00000000002020,M,,,-39
0000013525,2031,9000000004,00000000002020,M,,,-2
0000013525,2031,9000000005,00000000002020,M,,,-1
0000013525,2031,9000000006,00000000002020,M,,,-2
0000013525,2031,9000000007,00000000002020,M,,,-2
0000013525,2031,9000000009,00000000002020,M,,,-1
0000013525,2031,9000000010,00000000002020,M,,,2
0000013525,2031,9000000011,00000000002020,M,,,-4
0000013525,2031,9000000012,00000000002020,M,,,2
0000013525,2032,9000000004,00000000002020,M,,,0
0000013525,2032,9000000005,00000000002020,M,,,0
0000013525,2032,9000000006,00000000002020,M,,,0
0000013525,2032,9000000007,00000000002020,M,,,1
0000013525,2032,9000000009,00000000002020,M,,,-1
0000013525,2032,9000000010,00000000002020,M,,,6
0000013525,2032,9000000011,00000000002020,M,,,1
0000013525,2032,9000000012,00000000002020,M,,,-8
0000013525,2033,9000000004,00000000002020,M,,,-1
0000013525,2033,9000000005,00000000002020,M,,,0
0000013525,2033,9000000006,00000000002020,M,,,-1
0000013525,2033,9000000007,00000000002020,M,,,-1
0000013525,2033,9000000010,00000000002020,M,,,6
0000013525,2033,9000000011,00000000002020,M,,,0
0000013525,2033,9000000012,00000000002020,M,,,-4
0000013525,2034,9000000004,00000000002020,M,,,0
0000013525,2034,9000000005,00000000002020,M,,,1
0000013525,2034,9000000006,00000000002020,M,,,-1
0000013525,2034,9000000007,00000000002020,M,,,-3
0000013525,2034,9000000010,00000000002020,M,,,3
0000013525,2034,9000000011,00000000002020,M,,,-24
0000013525,2034,9000000012,00000000002020,M,,,-10
0000013525,2035,9000000004,00000000002020,M,,,-2
0000013525,2035,9000000005,00000000002020,M,,,1
0000013525,2035,9000000006,00000000002020,M,,,-1
0000013525,2035,9000000007,00000000002020,M,,,-3
0000013525,2035,9000000010,00000000002020,M,,,5
0000013525,2035,9000000012,00000000002020,M,,,-4
0000013525,2036,9000000004,00000000002020,M,,,0
0000013525,2036,9000000005,00000000002020,M,,,-4
0000013525,2036,9000000006,00000000002020,M,,,-1
0000013525,2036,9000000007,00000000002020,M,,,-1
0000013525,2036,9000000010,00000000002020,M,,,10
0000013525,2036,9000000012,00000000002020,M,,,-2
0000013525,2037,9000000004,00000000002020,M,,,-2
0000013525,2037,9000000005,00000000002020,M,,,-16
0000013525,2037,9000000006,00000000002020,M,,,-10
0000013525,2037,9000000007,00000000002020,M,,,1
0000013525,2037,9000000010,00000000002020,M,,,5
0000013525,2037,9000000012,00000000002020,M,,,-1
0000013525,2038,9000000004,00000000002020,M,,,-1
0000013525,2038,9000000005,00000000002020,M,,,0
0000013525,2038,9000000006,00000000002020,M,,,-16
0000013525,2038,9000000007,00000000002020,M,,,-3
0000013525,2038,9000000010,00000000002020,M,,,5
0000013525,2038,9000000012,00000000002020,M,,,-3
0000013525,2039,9000000004,00000000002020,M,,,1
0000013525,2039,9000000005,00000000002020,M,,,0
0000013525,2039,9000000006,00000000002020,M,,,0
0000013525,2039,9000000007,00000000002020,M,,,-2
0000013525,2039,9000000010,00000000002020,M,,,6
0000013525,2039,9000000012,00000000002020,M,,,-5
0000013525,2040,9000000004,00000000002020,M,,,-1
0000013525,2040,9000000005,00000000002020,M,,,-1
0000013525,2040,9000000007,00000000002020,M,,,1
0000013525,2040,9000000010,00000000002020,M,,,13
0000013525,2040,9000000012,00000000002020,M,,,0
0000013531,2026,9000000003,00000000002020,M,,,14
0000013531,2027,9000000003,00000000002020,M,,,13
0000013531,2028,9000000003,00000000002020,M,,,5
0000013531,2028,9000000003,00000000002020,M,,,18
0000013531,2029,9000000003,00000000002020,M,,,13
0000013531,2030,9000000003,00000000002020,M,,,13
0000013531,2031,9000000003,00000000002020,M,,,7
0000013531,2032,9000000003,00000000002020,M,,,3
0000013531,2033,9000000003,00000000002020,M,,,2
0000013531,2034,9000000003,00000000002020,M,,,0
0000013531,2035,9000000003,00000000002020,M,,,0
0000013534,2028,9000000004,00000000002020,M,,,-2
0000013534,2028,9000000006,00000000002020,M,,,70
0000013534,2028,9000000007,00000000002020,M,,,32
0000013534,2028,9000000009,00000000002020,M,,,29
0000013534,2028,9000000010,00000000002020,M,,,151
0000013534,2028,9000000011,00000000002020,M,,,23
0000013534,2029,9000000004,00000000002020,M,,,-2
0000013534,2029,9000000006,00000000002020,M,,,70
0000013534,2029,9000000007,00000000002020,M,,,32
0000013534,2029,9000000009,00000000002020,M,,,30
0000013534,2029,9000000010,00000000002020,M,,,151
0000013534,2029,9000000011,00000000002020,M,,,23
0000013534,2030,9000000004,00000000002020,M,,,-2
0000013534,2030,9000000006,00000000002020,M,,,70
0000013534,2030,9000000007,00000000002020,M,,,32
0000013534,2030,9000000009,00000000002020,M,,,30
0000013534,2030,9000000010,00000000002020,M,,,151
0000013534,2030,9000000011,00000000002020,M,,,23
0000013534,2031,9000000004,00000000002020,M,,,-2
0000013534,2031,9000000006,00000000002020,M,,,70
0000013534,2031,9000000007,00000000002020,M,,,32
0000013534,2031,9000000009,00000000002020,M,,,30
0000013534,2031,9000000010,00000000002020,M,,,151
0000013534,2031,9000000011,00000000002020,M,,,23
0000013534,2032,9000000004,00000000002020,M,,,-2
0000013534,2032,9000000006,00000000002020,M,,,70
0000013534,2032,9000000007,00000000002020,M,,,32
0000013534,2032,9000000009,00000000002020,M,,,30
0000013534,2032,9000000010,00000000002020,M,,,151
0000013534,2032,9000000011,00000000002020,M,,,23
0000013534,2033,9000000004,00000000002020,M,,,-2
0000013534,2033,9000000006,00000000002020,M,,,70
0000013534,2033,9000000007,00000000002020,M,,,32
0000013534,2033,9000000009,00000000002020,M,,,30
0000013534,2033,9000000010,00000000002020,M,,,151
0000013534,2033,9000000011,00000000002020,M,,,23
0000013534,2034,9000000004,00000000002020,M,,,-2
0000013534,2034,9000000006,00000000002020,M,,,70
0000013534,2034,9000000007,00000000002020,M,,,32
0000013534,2034,9000000009,00000000002020,M,,,30
0000013534,2034,9000000010,00000000002020,M,,,151
0000013534,2034,9000000011,00000000002020,M,,,23
0000013534,2035,9000000004,00000000002020,M,,,-2
0000013534,2035,9000000006,00000000002020,M,,,70
0000013534,2035,9000000007,00000000002020,M,,,32
0000013534,2035,9000000009,00000000002020,M,,,30
0000013534,2035,9000000010,00000000002020,M,,,151
0000013534,2035,9000000011,00000000002020,M,,,23
0000013534,2036,9000000004,00000000002020,M,,,-2
0000013534,2036,9000000006,00000000002020,M,,,70
0000013534,2036,9000000007,00000000002020,M,,,32
0000013534,2036,9000000009,00000000002020,M,,,30
0000013534,2036,9000000010,00000000002020,M,,,151
0000013534,2036,9000000011,00000000002020,M,,,23
0000013534,2037,9000000004,00000000002020,M,,,-2
0000013534,2037,9000000006,00000000002020,M,,,70
0000013534,2037,9000000007,00000000002020,M,,,32
0000013534,2037,9000000009,00000000002020,M,,,30
0000013534,2037,9000000010,00000000002020,M,,,151
0000013534,2037,9000000011,00000000002020,M,,,23
0000013534,2038,9000000004,00000000002020,M,,,-2
0000013534,2038,9000000006,00000000002020,M,,,70
0000013534,2038,9000000007,00000000002020,M,,,32
0000013534,2038,9000000009,00000000002020,M,,,30
0000013534,2038,9000000010,00000000002020,M,,,151
0000013534,2038,9000000011,00000000002020,M,,,23
0000013534,2039,9000000004,00000000002020,M,,,-2
0000013534,2039,9000000006,00000000002020,M,,,70
0000013534,2039,9000000007,00000000002020,M,,,32
0000013534,2039,9000000009,00000000002020,M,,,30
0000013534,2039,9000000010,00000000002020,M,,,151
0000013534,2039,9000000011,00000000002020,M,,,23
0000013534,2040,9000000004,00000000002020,M,,,-2
0000013534,2040,9000000006,00000000002020,M,,,70
0000013534,2040,9000000007,00000000002020,M,,,32
0000013534,2040,9000000009,00000000002020,M,,,30
0000013534,2040,9000000010,00000000002020,M,,,151
0000013534,2040,9000000011,00000000002020,M,,,23
0000013536,2028,9000000004,00000000002020,M,,,488
0000013536,2028,9000000005,00000000002020,M,,,91
0000013536,2028,9000000006,00000000002020,M,,,85
0000013536,2028,9000000007,00000000002020,M,,,90
0000013536,2028,9000000009,00000000002020,M,,,4
0000013536,2028,9000000010,00000000002020,M,,,666
0000013536,2028,9000000011,00000000002020,M,,,35
0000013536,2028,9000000012,00000000002020,M,,,214
0000013536,2029,9000000004,00000000002020,M,,,506
0000013536,2029,9000000005,00000000002020,M,,,90
0000013536,2029,9000000006,00000000002020,M,,,65
0000013536,2029,9000000007,00000000002020,M,,,90
0000013536,2029,9000000009,00000000002020,M,,,4
0000013536,2029,9000000010,00000000002020,M,,,595
0000013536,2029,9000000011,00000000002020,M,,,33
0000013536,2029,9000000012,00000000002020,M,,,236
0000013536,2030,9000000004,00000000002020,M,,,409
0000013536,2030,9000000005,00000000002020,M,,,87
0000013536,2030,9000000006,00000000002020,M,,,111
0000013536,2030,9000000007,00000000002020,M,,,175
0000013536,2030,9000000009,00000000002020,M,,,4
0000013536,2030,9000000010,00000000002020,M,,,563
0000013536,2030,9000000011,00000000002020,M,,,20
0000013536,2030,9000000012,00000000002020,M,,,139
0000013536,2031,9000000004,00000000002020,M,,,402
0000013536,2031,9000000005,00000000002020,M,,,87
0000013536,2031,9000000006,00000000002020,M,,,105
0000013536,2031,9000000007,00000000002020,M,,,161
0000013536,2031,9000000009,00000000002020,M,,,4
0000013536,2031,9000000010,00000000002020,M,,,575
0000013536,2031,9000000011,00000000002020,M,,,18
0000013536,2031,9000000012,00000000002020,M,,,140
0000013536,2032,9000000004,00000000002020,M,,,400
0000013536,2032,9000000005,00000000002020,M,,,86
0000013536,2032,9000000006,00000000002020,M,,,97
0000013536,2032,9000000007,00000000002020,M,,,157
0000013536,2032,9000000009,00000000002020,M,,,4
0000013536,2032,9000000010,00000000002020,M,,,587
0000013536,2032,9000000011,00000000002020,M,,,16
0000013536,2032,9000000012,00000000002020,M,,,110
0000013536,2033,9000000004,00000000002020,M,,,394
0000013536,2033,9000000005,00000000002020,M,,,87
0000013536,2033,9000000006,00000000002020,M,,,93
0000013536,2033,9000000007,00000000002020,M,,,146
0000013536,2033,9000000009,00000000002020,M,,,4
0000013536,2033,9000000010,00000000002020,M,,,606
0000013536,2033,9000000011,00000000002020,M,,,18
0000013536,2033,9000000012,00000000002020,M,,,93
0000013536,2034,9000000004,00000000002020,M,,,388
0000013536,2034,9000000005,00000000002020,M,,,90
0000013536,2034,9000000006,00000000002020,M,,,90
0000013536,2034,9000000007,00000000002020,M,,,138
0000013536,2034,9000000009,00000000002020,M,,,4
0000013536,2034,9000000010,00000000002020,M,,,632
0000013536,2034,9000000011,00000000002020,M,,,3
0000013536,2034,9000000012,00000000002020,M,,,59
0000013536,2035,9000000004,00000000002020,M,,,382
0000013536,2035,9000000005,00000000002020,M,,,92
0000013536,2035,9000000006,00000000002020,M,,,90
0000013536,2035,9000000007,00000000002020,M,,,131
0000013536,2035,9000000009,00000000002020,M,,,4
0000013536,2035,9000000010,00000000002020,M,,,617
0000013536,2035,9000000011,00000000002020,M,,,3
0000013536,2035,9000000012,00000000002020,M,,,57
0000013536,2036,9000000004,00000000002020,M,,,379
0000013536,2036,9000000005,00000000002020,M,,,94
0000013536,2036,9000000006,00000000002020,M,,,90
0000013536,2036,9000000007,00000000002020,M,,,123
0000013536,2036,9000000009,00000000002020,M,,,4
0000013536,2036,9000000010,00000000002020,M,,,608
0000013536,2036,9000000011,00000000002020,M,,,3
0000013536,2036,9000000012,00000000002020,M,,,48
0000013536,2037,9000000004,00000000002020,M,,,375
0000013536,2037,9000000005,00000000002020,M,,,140
0000013536,2037,9000000006,00000000002020,M,,,74
0000013536,2037,9000000007,00000000002020,M,,,119
0000013536,2037,9000000009,00000000002020,M,,,4
0000013536,2037,9000000010,00000000002020,M,,,611
0000013536,2037,9000000011,00000000002020,M,,,3
0000013536,2037,9000000012,00000000002020,M,,,40
0000013536,2038,9000000004,00000000002020,M,,,382
0000013536,2038,9000000005,00000000002020,M,,,94
0000013536,2038,9000000006,00000000002020,M,,,67
0000013536,2038,9000000007,00000000002020,M,,,115
0000013536,2038,9000000009,00000000002020,M,,,4
0000013536,2038,9000000010,00000000002020,M,,,606
0000013536,2038,9000000011,00000000002020,M,,,3
0000013536,2038,9000000012,00000000002020,M,,,36
0000013536,2039,9000000004,00000000002020,M,,,377
0000013536,2039,9000000005,00000000002020,M,,,92
0000013536,2039,9000000006,00000000002020,M,,,67
0000013536,2039,9000000007,00000000002020,M,,,111
0000013536,2039,9000000009,00000000002020,M,,,4
0000013536,2039,9000000010,00000000002020,M,,,629
0000013536,2039,9000000011,00000000002020,M,,,3
0000013536,2039,9000000012,00000000002020,M,,,29
0000013536,2040,9000000004,00000000002020,M,,,373
0000013536,2040,9000000005,00000000002020,M,,,104
0000013536,2040,9000000006,00000000002020,M,,,67
0000013536,2040,9000000007,00000000002020,M,,,108
0000013536,2040,9000000009,00000000002020,M,,,4
0000013536,2040,9000000010,00000000002020,M,,,622
0000013536,2040,9000000011,00000000002020,M,,,3
0000013536,2040,9000000012,00000000002020,M,,,27
0000013538,2028,9000000004,00000000002020,M,,,-42
0000013538,2028,9000000005,00000000002020,M,,,-65
0000013538,2028,9000000006,00000000002020,M,,,-150
0000013538,2028,9000000007,00000000002020,M,,,-192
0000013538,2028,9000000009,00000000002020,M,,,-33
0000013538,2028,9000000010,00000000002020,M,,,-320
0000013538,2028,9000000011,00000000002020,M,,,-18
0000013538,2028,9000000012,00000000002020,M,,,-74
0000013538,2029,9000000004,00000000002020,M,,,-42
0000013538,2029,9000000005,00000000002020,M,,,-77
0000013538,2029,9000000006,00000000002020,M,,,-150
0000013538,2029,9000000007,00000000002020,M,,,-192
0000013538,2029,9000000009,00000000002020,M,,,-32
0000013538,2029,9000000010,00000000002020,M,,,-321
0000013538,2029,9000000011,00000000002020,M,,,-16
0000013538,2029,9000000012,00000000002020,M,,,-74
0000013538,2030,9000000004,00000000002020,M,,,-40
0000013538,2030,9000000005,00000000002020,M,,,-61
0000013538,2030,9000000006,00000000002020,M,,,-177
0000013538,2030,9000000007,00000000002020,M,,,-223
0000013538,2030,9000000009,00000000002020,M,,,-30
0000013538,2030,9000000010,00000000002020,M,,,-326
0000013538,2030,9000000011,00000000002020,M,,,-15
0000013538,2030,9000000012,00000000002020,M,,,-36
0000013538,2031,9000000004,00000000002020,M,,,-39
0000013538,2031,9000000005,00000000002020,M,,,-60
0000013538,2031,9000000006,00000000002020,M,,,-176
0000013538,2031,9000000007,00000000002020,M,,,-222
0000013538,2031,9000000009,00000000002020,M,,,-30
0000013538,2031,9000000010,00000000002020,M,,,-329
0000013538,2031,9000000011,00000000002020,M,,,-11
0000013538,2031,9000000012,00000000002020,M,,,-39
0000013538,2032,9000000004,00000000002020,M,,,-39
0000013538,2032,9000000005,00000000002020,M,,,-60
0000013538,2032,9000000006,00000000002020,M,,,-177
0000013538,2032,9000000007,00000000002020,M,,,-223
0000013538,2032,9000000009,00000000002020,M,,,-30
0000013538,2032,9000000010,00000000002020,M,,,-335
0000013538,2032,9000000011,00000000002020,M,,,-13
0000013538,2032,9000000012,00000000002020,M,,,-31
0000013538,2033,9000000004,00000000002020,M,,,-38
0000013538,2033,9000000005,00000000002020,M,,,-60
0000013538,2033,9000000006,00000000002020,M,,,-176
0000013538,2033,9000000007,00000000002020,M,,,-223
0000013538,2033,9000000009,00000000002020,M,,,-30
0000013538,2033,9000000010,00000000002020,M,,,-342
0000013538,2033,9000000011,00000000002020,M,,,-13
0000013538,2033,9000000012,00000000002020,M,,,-27
0000013538,2034,9000000004,00000000002020,M,,,-39
0000013538,2034,9000000005,00000000002020,M,,,-62
0000013538,2034,9000000006,00000000002020,M,,,-176
0000013538,2034,9000000007,00000000002020,M,,,-220
0000013538,2034,9000000009,00000000002020,M,,,-30
0000013538,2034,9000000010,00000000002020,M,,,-346
0000013538,2034,9000000011,00000000002020,M,,,10
0000013538,2034,9000000012,00000000002020,M,,,-18
0000013538,2035,9000000004,00000000002020,M,,,-38
0000013538,2035,9000000005,00000000002020,M,,,-63
0000013538,2035,9000000006,00000000002020,M,,,-175
0000013538,2035,9000000007,00000000002020,M,,,-217
0000013538,2035,9000000009,00000000002020,M,,,-30
0000013538,2035,9000000010,00000000002020,M,,,-351
0000013538,2035,9000000011,00000000002020,M,,,10
0000013538,2035,9000000012,00000000002020,M,,,-14
0000013538,2036,9000000004,00000000002020,M,,,-38
0000013538,2036,9000000005,00000000002020,M,,,-60
0000013538,2036,9000000006,00000000002020,M,,,-175
0000013538,2036,9000000007,00000000002020,M,,,-217
0000013538,2036,9000000009,00000000002020,M,,,-30
0000013538,2036,9000000010,00000000002020,M,,,-361
0000013538,2036,9000000011,00000000002020,M,,,10
0000013538,2036,9000000012,00000000002020,M,,,-13
0000013538,2037,9000000004,00000000002020,M,,,-37
0000013538,2037,9000000005,00000000002020,M,,,-45
0000013538,2037,9000000006,00000000002020,M,,,-166
0000013538,2037,9000000007,00000000002020,M,,,-219
0000013538,2037,9000000009,00000000002020,M,,,-30
0000013538,2037,9000000010,00000000002020,M,,,-367
0000013538,2037,9000000011,00000000002020,M,,,10
0000013538,2037,9000000012,00000000002020,M,,,-12
0000013538,2038,9000000004,00000000002020,M,,,-36
0000013538,2038,9000000005,00000000002020,M,,,-45
0000013538,2038,9000000006,00000000002020,M,,,-150
0000013538,2038,9000000007,00000000002020,M,,,-216
0000013538,2038,9000000009,00000000002020,M,,,-30
0000013538,2038,9000000010,00000000002020,M,,,-373
0000013538,2038,9000000011,00000000002020,M,,,10
0000013538,2038,9000000012,00000000002020,M,,,-10
0000013538,2039,9000000004,00000000002020,M,,,-37
0000013538,2039,9000000005,00000000002020,M,,,-45
0000013538,2039,9000000006,00000000002020,M,,,-150
0000013538,2039,9000000007,00000000002020,M,,,-215
0000013538,2039,9000000009,00000000002020,M,,,-30
0000013538,2039,9000000010,00000000002020,M,,,-379
0000013538,2039,9000000011,00000000002020,M,,,10
0000013538,2039,9000000012,00000000002020,M,,,-5
0000013538,2040,9000000004,00000000002020,M,,,-37
0000013538,2040,9000000005,00000000002020,M,,,-45
0000013538,2040,9000000006,00000000002020,M,,,-150
0000013538,2040,9000000007,00000000002020,M,,,-217
0000013538,2040,9000000009,00000000002020,M,,,-30
0000013538,2040,9000000010,00000000002020,M,,,-393
0000013538,2040,9000000011,00000000002020,M,,,10
0000013538,2040,9000000012,00000000002020,M,,,-5
0000013540,2028,9000000006,00000000002020,M,,,0
0000013540,2029,9000000006,00000000002020,M,,,0
0000013540,2030,9000000006,00000000002020,M,,,0
0000013540,2031,9000000006,00000000002020,M,,,0
0000013540,2032,9000000006,00000000002020,M,,,0
0000013540,2033,9000000006,00000000002020,M,,,0
0000013540,2034,9000000006,00000000002020,M,,,0
0000013540,2035,9000000006,00000000002020,M,,,0
0000013540,2036,9000000006,00000000002020,M,,,0
0000013540,2037,9000000006,00000000002020,M,,,0
0000013540,2038,9000000006,00000000002020,M,,,0
0000013540,2039,9000000006,00000000002020,M,,,0
0000013540,2040,9000000006,00000000002020,M,,,0
0000013544,2026,9000000003,00000000002020,M,,,-334
0000013544,2026,9000000004,00000000002020,M,,,-1041
0000013544,2026,9000000005,00000000002020,M,,,-55
0000013544,2026,9000000006,00000000002020,M,,,-440
0000013544,2026,9000000007,00000000002020,M,,,-325
0000013544,2026,9000000008,00000000002020,M,,,-241
0000013544,2026,9000000009,00000000002020,M,,,-290
0000013544,2026,9000000010,00000000002020,M,,,-753
0000013544,2026,9000000011,00000000002020,M,,,-184
0000013544,2026,9000000012,00000000002020,M,,,-144
0000013544,2027,9000000003,00000000002020,M,,,-361
0000013544,2027,9000000004,00000000002020,M,,,-855
0000013544,2027,9000000005,00000000002020,M,,,-52
0000013544,2027,9000000006,00000000002020,M,,,-447
0000013544,2027,9000000007,00000000002020,M,,,-423
0000013544,2027,9000000008,00000000002020,M,,,-239
0000013544,2027,9000000009,00000000002020,M,,,-322
0000013544,2027,9000000010,00000000002020,M,,,-552
0000013544,2027,9000000011,00000000002020,M,,,-340
0000013544,2027,9000000012,00000000002020,M,,,-88
0000013544,2028,9000000003,00000000002020,M,,,-78
0000013544,2028,9000000003,00000000002020,M,,,-187
0000013544,2028,9000000004,00000000002020,M,,,-175
0000013544,2028,9000000004,00000000002020,M,,,-538
0000013544,2028,9000000005,00000000002020,M,,,-13
0000013544,2028,9000000005,00000000002020,M,,,-91
0000013544,2028,9000000006,00000000002020,M,,,-85
0000013544,2028,9000000006,00000000002020,M,,,-239
0000013544,2028,9000000007,00000000002020,M,,,-99
0000013544,2028,9000000007,00000000002020,M,,,-270
0000013544,2028,9000000008,00000000002020,M,,,-70
0000013544,2028,9000000008,00000000002020,M,,,-223
0000013544,2028,9000000009,00000000002020,M,,,-36
0000013544,2028,9000000009,00000000002020,M,,,-63
0000013544,2028,9000000010,00000000002020,M,,,-158
0000013544,2028,9000000010,00000000002020,M,,,-502
0000013544,2028,9000000011,00000000002020,M,,,-81
0000013544,2028,9000000011,00000000002020,M,,,-167
0000013544,2028,9000000012,00000000002020,M,,,-140
0000013544,2029,9000000003,00000000002020,M,,,-177
0000013544,2029,9000000004,00000000002020,M,,,-780
0000013544,2029,9000000005,00000000002020,M,,,-188
0000013544,2029,9000000006,00000000002020,M,,,-299
0000013544,2029,9000000007,00000000002020,M,,,-327
0000013544,2029,9000000008,00000000002020,M,,,-217
0000013544,2029,9000000009,00000000002020,M,,,-53
0000013544,2029,9000000010,00000000002020,M,,,-686
0000013544,2029,9000000011,00000000002020,M,,,-177
0000013544,2029,9000000012,00000000002020,M,,,-210
0000013544,2030,9000000003,00000000002020,M,,,-218
0000013544,2030,9000000004,00000000002020,M,,,-716
0000013544,2030,9000000005,00000000002020,M,,,-159
0000013544,2030,9000000006,00000000002020,M,,,-270
0000013544,2030,9000000007,00000000002020,M,,,-267
0000013544,2030,9000000008,00000000002020,M,,,-268
0000013544,2030,9000000009,00000000002020,M,,,-47
0000013544,2030,9000000010,00000000002020,M,,,-781
0000013544,2030,9000000011,00000000002020,M,,,-107
0000013544,2030,9000000012,00000000002020,M,,,-153
0000013544,2031,9000000003,00000000002020,M,,,-168
0000013544,2031,9000000004,00000000002020,M,,,-657
0000013544,2031,9000000005,00000000002020,M,,,-151
0000013544,2031,9000000006,00000000002020,M,,,-220
0000013544,2031,9000000007,00000000002020,M,,,-224
0000013544,2031,9000000008,00000000002020,M,,,-240
0000013544,2031,9000000009,00000000002020,M,,,-47
0000013544,2031,9000000010,00000000002020,M,,,-856
0000013544,2031,9000000011,00000000002020,M,,,-86
0000013544,2031,9000000012,00000000002020,M,,,-216
0000013544,2032,9000000003,00000000002020,M,,,-179
0000013544,2032,9000000004,00000000002020,M,,,-633
0000013544,2032,9000000005,00000000002020,M,,,-143
0000013544,2032,9000000006,00000000002020,M,,,-156
0000013544,2032,9000000007,00000000002020,M,,,-211
0000013544,2032,9000000008,00000000002020,M,,,-166
0000013544,2032,9000000009,00000000002020,M,,,-47
0000013544,2032,9000000010,00000000002020,M,,,-919
0000013544,2032,9000000011,00000000002020,M,,,-60
0000013544,2032,9000000012,00000000002020,M,,,-165
0000013544,2033,9000000003,00000000002020,M,,,-152
0000013544,2033,9000000004,00000000002020,M,,,-584
0000013544,2033,9000000005,00000000002020,M,,,-147
0000013544,2033,9000000006,00000000002020,M,,,-128
0000013544,2033,9000000007,00000000002020,M,,,-176
0000013544,2033,9000000008,00000000002020,M,,,-154
0000013544,2033,9000000009,00000000002020,M,,,-47
0000013544,2033,9000000010,00000000002020,M,,,-1109
0000013544,2033,9000000011,00000000002020,M,,,-70
0000013544,2033,9000000012,00000000002020,M,,,-219
0000013544,2034,9000000003,00000000002020,M,,,-87
0000013544,2034,9000000004,00000000002020,M,,,-559
0000013544,2034,9000000005,00000000002020,M,,,-158
0000013544,2034,9000000006,00000000002020,M,,,-103
0000013544,2034,9000000007,00000000002020,M,,,-153
0000013544,2034,9000000008,00000000002020,M,,,-142
0000013544,2034,9000000009,00000000002020,M,,,-47
0000013544,2034,9000000010,00000000002020,M,,,-1325
0000013544,2034,9000000012,00000000002020,M,,,-147
0000013544,2035,9000000003,00000000002020,M,,,-57
0000013544,2035,9000000004,00000000002020,M,,,-506
0000013544,2035,9000000005,00000000002020,M,,,-161
0000013544,2035,9000000006,00000000002020,M,,,-96
0000013544,2035,9000000007,00000000002020,M,,,-134
0000013544,2035,9000000008,00000000002020,M,,,-101
0000013544,2035,9000000009,00000000002020,M,,,-47
0000013544,2035,9000000010,00000000002020,M,,,-1181
0000013544,2035,9000000012,00000000002020,M,,,-149
0000013544,2036,9000000003,00000000002020,M,,,-15
0000013544,2036,9000000004,00000000002020,M,,,-481
0000013544,2036,9000000005,00000000002020,M,,,-160
0000013544,2036,9000000006,00000000002020,M,,,-85
0000013544,2036,9000000007,00000000002020,M,,,-109
0000013544,2036,9000000008,00000000002020,M,,,-78
0000013544,2036,9000000009,00000000002020,M,,,-47
0000013544,2036,9000000010,00000000002020,M,,,-1070
0000013544,2036,9000000012,00000000002020,M,,,-151
0000013544,2037,9000000003,00000000002020,M,,,-6
0000013544,2037,9000000004,00000000002020,M,,,-448
0000013544,2037,9000000005,00000000002020,M,,,-320
0000013544,2037,9000000006,00000000002020,M,,,-25
0000013544,2037,9000000007,00000000002020,M,,,-91
0000013544,2037,9000000008,00000000002020,M,,,-72
0000013544,2037,9000000009,00000000002020,M,,,-47
0000013544,2037,9000000010,00000000002020,M,,,-1079
0000013544,2037,9000000012,00000000002020,M,,,-153
0000013544,2038,9000000003,00000000002020,M,,,-3
0000013544,2038,9000000004,00000000002020,M,,,-481
0000013544,2038,9000000005,00000000002020,M,,,-163
0000013544,2038,9000000007,00000000002020,M,,,-79
0000013544,2038,9000000008,00000000002020,M,,,-65
0000013544,2038,9000000009,00000000002020,M,,,-47
0000013544,2038,9000000010,00000000002020,M,,,-1021
0000013544,2038,9000000012,00000000002020,M,,,-131
0000013544,2039,9000000003,00000000002020,M,,,-1
0000013544,2039,9000000004,00000000002020,M,,,-439
0000013544,2039,9000000005,00000000002020,M,,,-155
0000013544,2039,9000000007,00000000002020,M,,,-70
0000013544,2039,9000000008,00000000002020,M,,,-60
0000013544,2039,9000000009,00000000002020,M,,,-47
0000013544,2039,9000000010,00000000002020,M,,,-1122
0000013544,2039,9000000012,00000000002020,M,,,-110
0000013544,2040,9000000003,00000000002020,M,,,-1
0000013544,2040,9000000004,00000000002020,M,,,-410
0000013544,2040,9000000005,00000000002020,M,,,-191
0000013544,2040,9000000007,00000000002020,M,,,-62
0000013544,2040,9000000009,00000000002020,M,,,-47
0000013544,2040,9000000010,00000000002020,M,,,-1019
0000013544,2040,9000000012,00000000002020,M,,,-65
0000013618,2028,9000000007,00000000002020,M,,,0
0000013618,2028,9000000007,00000000002020,M,,,0
0000013618,2028,9000000009,00000000002020,M,,,0
0000013618,2028,9000000009,00000000002020,M,,,0
0000013618,2028,9000000011,00000000002020,M,,,0
0000013618,2028,9000000011,00000000002020,M,,,0
0000013618,2028,9000000012,00000000002020,M,,,0
0000013618,2028,9000000012,00000000002020,M,,,1
0000013618,2029,9000000007,00000000002020,M,,,0
0000013618,2029,9000000011,00000000002020,M,,,0
0000013618,2029,9000000012,00000000002020,M,,,2
0000013618,2030,9000000007,00000000002020,M,,,0
0000013618,2030,9000000011,00000000002020,M,,,0
0000013618,2030,9000000012,00000000002020,M,,,1
0000013618,2031,9000000007,00000000002020,M,,,0
0000013618,2031,9000000011,00000000002020,M,,,0
0000013618,2031,9000000012,00000000002020,M,,,1
0000013618,2032,9000000007,00000000002020,M,,,0
0000013618,2032,9000000011,00000000002020,M,,,0
0000013618,2032,9000000012,00000000002020,M,,,1
0000013618,2033,9000000007,00000000002020,M,,,0
0000013618,2033,9000000011,00000000002020,M,,,0
0000013618,2033,9000000012,00000000002020,M,,,1
0000013618,2034,9000000007,00000000002020,M,,,0
0000013618,2034,9000000012,00000000002020,M,,,0
0000013618,2035,9000000007,00000000002020,M,,,0
0000013618,2035,9000000012,00000000002020,M,,,0
0000013618,2036,9000000007,00000000002020,M,,,0
0000013618,2036,9000000012,00000000002020,M,,,0
0000013618,2037,9000000007,00000000002020,M,,,0
0000013618,2037,9000000012,00000000002020,M,,,0
0000013618,2038,9000000007,00000000002020,M,,,0
0000013618,2038,9000000012,00000000002020,M,,,0
0000013618,2039,9000000007,00000000002020,M,,,0
0000013618,2039,9000000012,00000000002020,M,,,0
0000013618,2040,9000000007,00000000002020,M,,,0
0000013618,2040,9000000012,00000000002020,M,,,0
0000014156,2028,9000000004,00000000002020,M,,,0
0000014156,2028,9000000004,00000000002020,M,,,-2
0000014156,2028,9000000005,00000000002020,M,,,0
0000014156,2028,9000000005,00000000002020,M,,,0
0000014156,2028,9000000006,00000000002020,M,,,0
0000014156,2028,9000000006,00000000002020,M,,,-1
0000014156,2028,9000000007,00000000002020,M,,,-1
0000014156,2028,9000000007,00000000002020,M,,,0
0000014156,2028,9000000009,00000000002020,M,,,-1
0000014156,2028,9000000009,00000000002020,M,,,0
0000014156,2028,9000000010,00000000002020,M,,,0
0000014156,2029,9000000004,00000000002020,M,,,0
0000014156,2029,9000000005,00000000002020,M,,,-1
0000014156,2029,9000000006,00000000002020,M,,,-1
0000014156,2029,9000000007,00000000002020,M,,,-1
0000014158,2028,9000000007,00000000002020,M,,,-1
0000014158,2028,9000000007,00000000002020,M,,,-1
0000014158,2028,9000000009,00000000002020,M,,,0
0000014158,2028,9000000009,00000000002020,M,,,0
0000014158,2029,9000000007,00000000002020,M,,,0
0000014160,2028,9000000007,00000000002020,M,,,-8
0000014160,2028,9000000007,00000000002020,M,,,-6
0000014160,2029,9000000007,00000000002020,M,,,-13
0000014160,2030,9000000007,00000000002020,M,,,-14
0000014160,2031,9000000007,00000000002020,M,,,-12
0000014160,2032,9000000007,00000000002020,M,,,-11
0000014160,2033,9000000007,00000000002020,M,,,-9
0000014160,2034,9000000007,00000000002020,M,,,-8
0000014160,2035,9000000007,00000000002020,M,,,-7
0000014160,2036,9000000007,00000000002020,M,,,-6
0000014160,2037,9000000007,00000000002020,M,,,-4
0000014160,2038,9000000007,00000000002020,M,,,-4
0000014160,2039,9000000007,00000000002020,M,,,-3
0000014160,2040,9000000007,00000000002020,M,,,-3
0000014161,2028,9000000003,00000000002020,M,,,13
0000014161,2028,9000000003,00000000002020,M,,,34
0000014161,2028,9000000004,00000000002020,M,,,412
0000014161,2028,9000000004,00000000002020,M,,,1001
0000014161,2028,9000000005,00000000002020,M,,,55
0000014161,2028,9000000005,00000000002020,M,,,140
0000014161,2028,9000000006,00000000002020,M,,,182
0000014161,2028,9000000006,00000000002020,M,,,474
0000014161,2028,9000000007,00000000002020,M,,,44
0000014161,2028,9000000007,00000000002020,M,,,307
0000014161,2028,9000000008,00000000002020,M,,,222
0000014161,2028,9000000008,00000000002020,M,,,652
0000014161,2028,9000000009,00000000002020,M,,,7
0000014161,2028,9000000010,00000000002020,M,,,324
0000014161,2028,9000000010,00000000002020,M,,,890
0000014161,2028,9000000011,00000000002020,M,,,93
0000014161,2028,9000000011,00000000002020,M,,,254
0000014161,2028,9000000012,00000000002020,M,,,25
0000014161,2028,9000000012,00000000002020,M,,,72
0000014161,2029,9000000003,00000000002020,M,,,-69
0000014161,2029,9000000003,00000000002020,M,,,102
0000014161,2029,9000000004,00000000002020,M,,,1417
0000014161,2029,9000000005,00000000002020,M,,,147
0000014161,2029,9000000006,00000000002020,M,,,548
0000014161,2029,9000000007,00000000002020,M,,,275
0000014161,2029,9000000008,00000000002020,M,,,553
0000014161,2029,9000000010,00000000002020,M,,,1355
0000014161,2029,9000000011,00000000002020,M,,,189
0000014161,2029,9000000012,00000000002020,M,,,108
0000014161,2030,9000000003,00000000002020,M,,,53
0000014161,2030,9000000004,00000000002020,M,,,1341
0000014161,2030,9000000005,00000000002020,M,,,154
0000014161,2030,9000000006,00000000002020,M,,,535
0000014161,2030,9000000007,00000000002020,M,,,208
0000014161,2030,9000000008,00000000002020,M,,,731
0000014161,2030,9000000010,00000000002020,M,,,1476
0000014161,2030,9000000011,00000000002020,M,,,139
0000014161,2030,9000000012,00000000002020,M,,,55
0000014161,2031,9000000003,00000000002020,M,,,43
0000014161,2031,9000000004,00000000002020,M,,,1253
0000014161,2031,9000000005,00000000002020,M,,,153
0000014161,2031,9000000006,00000000002020,M,,,473
0000014161,2031,9000000007,00000000002020,M,,,177
0000014161,2031,9000000008,00000000002020,M,,,707
0000014161,2031,9000000010,00000000002020,M,,,1620
0000014161,2031,9000000011,00000000002020,M,,,111
0000014161,2031,9000000012,00000000002020,M,,,48
0000014161,2032,9000000003,00000000002020,M,,,80
0000014161,2032,9000000004,00000000002020,M,,,1229
0000014161,2032,9000000005,00000000002020,M,,,144
0000014161,2032,9000000006,00000000002020,M,,,364
0000014161,2032,9000000007,00000000002020,M,,,178
0000014161,2032,9000000008,00000000002020,M,,,528
0000014161,2032,9000000010,00000000002020,M,,,1762
0000014161,2032,9000000011,00000000002020,M,,,101
0000014161,2032,9000000012,00000000002020,M,,,44
0000014161,2033,9000000003,00000000002020,M,,,79
0000014161,2033,9000000004,00000000002020,M,,,1156
0000014161,2033,9000000005,00000000002020,M,,,146
0000014161,2033,9000000006,00000000002020,M,,,323
0000014161,2033,9000000007,00000000002020,M,,,148
0000014161,2033,9000000008,00000000002020,M,,,553
0000014161,2033,9000000010,00000000002020,M,,,1998
0000014161,2033,9000000011,00000000002020,M,,,122
0000014161,2033,9000000012,00000000002020,M,,,40
0000014161,2034,9000000003,00000000002020,M,,,45
0000014161,2034,9000000004,00000000002020,M,,,1088
0000014161,2034,9000000005,00000000002020,M,,,149
0000014161,2034,9000000006,00000000002020,M,,,282
0000014161,2034,9000000007,00000000002020,M,,,127
0000014161,2034,9000000008,00000000002020,M,,,556
0000014161,2034,9000000010,00000000002020,M,,,2325
0000014161,2034,9000000012,00000000002020,M,,,30
0000014161,2035,9000000003,00000000002020,M,,,28
0000014161,2035,9000000004,00000000002020,M,,,1004
0000014161,2035,9000000005,00000000002020,M,,,149
0000014161,2035,9000000006,00000000002020,M,,,284
0000014161,2035,9000000007,00000000002020,M,,,113
0000014161,2035,9000000008,00000000002020,M,,,549
0000014161,2035,9000000010,00000000002020,M,,,2137
0000014161,2035,9000000012,00000000002020,M,,,26
0000014161,2036,9000000003,00000000002020,M,,,12
0000014161,2036,9000000004,00000000002020,M,,,974
0000014161,2036,9000000005,00000000002020,M,,,144
0000014161,2036,9000000006,00000000002020,M,,,283
0000014161,2036,9000000007,00000000002020,M,,,96
0000014161,2036,9000000008,00000000002020,M,,,530
0000014161,2036,9000000010,00000000002020,M,,,2023
0000014161,2036,9000000012,00000000002020,M,,,23
0000014161,2037,9000000003,00000000002020,M,,,5
0000014161,2037,9000000004,00000000002020,M,,,924
0000014161,2037,9000000005,00000000002020,M,,,246
0000014161,2037,9000000006,00000000002020,M,,,89
0000014161,2037,9000000007,00000000002020,M,,,85
0000014161,2037,9000000008,00000000002020,M,,,498
0000014161,2037,9000000010,00000000002020,M,,,2059
0000014161,2037,9000000012,00000000002020,M,,,16
0000014161,2038,9000000003,00000000002020,M,,,2
0000014161,2038,9000000004,00000000002020,M,,,1013
0000014161,2038,9000000005,00000000002020,M,,,138
0000014161,2038,9000000007,00000000002020,M,,,78
0000014161,2038,9000000008,00000000002020,M,,,462
0000014161,2038,9000000010,00000000002020,M,,,2007
0000014161,2038,9000000012,00000000002020,M,,,14
0000014161,2039,9000000003,00000000002020,M,,,0
0000014161,2039,9000000004,00000000002020,M,,,943
0000014161,2039,9000000005,00000000002020,M,,,129
0000014161,2039,9000000007,00000000002020,M,,,73
0000014161,2039,9000000008,00000000002020,M,,,432
0000014161,2039,9000000010,00000000002020,M,,,2274
0000014161,2039,9000000012,00000000002020,M,,,13
0000014161,2040,9000000003,00000000002020,M,,,0
0000014161,2040,9000000004,00000000002020,M,,,898
0000014161,2040,9000000005,00000000002020,M,,,139
0000014161,2040,9000000007,00000000002020,M,,,68
0000014161,2040,9000000010,00000000002020,M,,,2192
0000014161,2040,9000000012,00000000002020,M,,,11
0000014162,2028,9000000010,00000000002020,M,,,5
0000014162,2029,9000000004,00000000002020,M,,,1
0000014162,2029,9000000005,00000000002020,M,,,-1
0000014162,2029,9000000006,00000000002020,M,,,-1
0000014162,2029,9000000010,00000000002020,M,,,5
0000014162,2029,9000000011,00000000002020,M,,,-1
0000014163,2028,9000000010,00000000002020,M,,,-296
0000014163,2029,9000000004,00000000002020,M,,,-69
0000014163,2029,9000000005,00000000002020,M,,,2
0000014163,2029,9000000006,00000000002020,M,,,1
0000014163,2029,9000000010,00000000002020,M,,,-327
0000014163,2029,9000000011,00000000002020,M,,,1
0000014171,2028,9000000009,00000000002020,M,,,-1
0000014174,2028,9000000003,00000000002020,M,,,26
0000014174,2028,9000000003,00000000002020,M,,,63
0000014174,2028,9000000005,00000000002020,M,,,12
0000014174,2028,9000000005,00000000002020,M,,,37
0000014174,2028,9000000007,00000000002020,M,,,39
0000014174,2028,9000000007,00000000002020,M,,,121
0000014174,2028,9000000008,00000000002020,M,,,0
0000014174,2028,9000000008,00000000002020,M,,,0
0000014174,2028,9000000009,00000000002020,M,,,3
0000014174,2028,9000000009,00000000002020,M,,,6
0000014174,2028,9000000011,00000000002020,M,,,0
0000014174,2028,9000000011,00000000002020,M,,,2
0000014174,2028,9000000012,00000000002020,M,,,61
0000014174,2028,9000000012,00000000002020,M,,,189
0000014174,2029,9000000003,00000000002020,M,,,-118
0000014174,2029,9000000003,00000000002020,M,,,175
0000014174,2029,9000000005,00000000002020,M,,,51
0000014174,2029,9000000007,00000000002020,M,,,147
0000014174,2029,9000000008,00000000002020,M,,,0
0000014174,2029,9000000009,00000000002020,M,,,1
0000014174,2029,9000000011,00000000002020,M,,,6
0000014174,2029,9000000012,00000000002020,M,,,248
0000014174,2030,9000000003,00000000002020,M,,,72
0000014174,2030,9000000005,00000000002020,M,,,46
0000014174,2030,9000000007,00000000002020,M,,,124
0000014174,2030,9000000011,00000000002020,M,,,4
0000014174,2030,9000000012,00000000002020,M,,,177
0000014174,2031,9000000003,00000000002020,M,,,56
0000014174,2031,9000000005,00000000002020,M,,,47
0000014174,2031,9000000007,00000000002020,M,,,104
0000014174,2031,9000000011,00000000002020,M,,,5
0000014174,2031,9000000012,00000000002020,M,,,187
0000014174,2032,9000000003,00000000002020,M,,,56
0000014174,2032,9000000005,00000000002020,M,,,45
0000014174,2032,9000000007,00000000002020,M,,,97
0000014174,2032,9000000011,00000000002020,M,,,1
0000014174,2032,9000000012,00000000002020,M,,,139
0000014174,2033,9000000003,00000000002020,M,,,49
0000014174,2033,9000000005,00000000002020,M,,,47
0000014174,2033,9000000007,00000000002020,M,,,81
0000014174,2033,9000000011,00000000002020,M,,,1
0000014174,2033,9000000012,00000000002020,M,,,118
0000014174,2034,9000000003,00000000002020,M,,,29
0000014174,2034,9000000005,00000000002020,M,,,51
0000014174,2034,9000000007,00000000002020,M,,,70
0000014174,2034,9000000012,00000000002020,M,,,79
0000014174,2035,9000000003,00000000002020,M,,,19
0000014174,2035,9000000005,00000000002020,M,,,53
0000014174,2035,9000000007,00000000002020,M,,,59
0000014174,2035,9000000012,00000000002020,M,,,76
0000014174,2036,9000000003,00000000002020,M,,,7
0000014174,2036,9000000005,00000000002020,M,,,53
0000014174,2036,9000000007,00000000002020,M,,,47
0000014174,2036,9000000012,00000000002020,M,,,67
0000014174,2037,9000000003,00000000002020,M,,,3
0000014174,2037,9000000005,00000000002020,M,,,110
0000014174,2037,9000000007,00000000002020,M,,,37
0000014174,2037,9000000012,00000000002020,M,,,59
0000014174,2038,9000000003,00000000002020,M,,,2
0000014174,2038,9000000005,00000000002020,M,,,55
0000014174,2038,9000000007,00000000002020,M,,,31
0000014174,2038,9000000012,00000000002020,M,,,47
0000014174,2039,9000000003,00000000002020,M,,,0
0000014174,2039,9000000005,00000000002020,M,,,52
0000014174,2039,9000000007,00000000002020,M,,,27
0000014174,2039,9000000012,00000000002020,M,,,35
0000014174,2040,9000000003,00000000002020,M,,,0
0000014174,2040,9000000005,00000000002020,M,,,67
0000014174,2040,9000000007,00000000002020,M,,,23
0000014174,2040,9000000012,00000000002020,M,,,30
0000014175,2028,9000000003,00000000002020,M,,,0
0000014175,2028,9000000003,00000000002020,M,,,0
0000014175,2028,9000000004,00000000002020,M,,,5
0000014175,2028,9000000004,00000000002020,M,,,16
0000014175,2028,9000000005,00000000002020,M,,,0
0000014175,2028,9000000005,00000000002020,M,,,1
0000014175,2028,9000000006,00000000002020,M,,,2
0000014175,2028,9000000006,00000000002020,M,,,7
0000014175,2028,9000000007,00000000002020,M,,,1
0000014175,2028,9000000007,00000000002020,M,,,4
0000014175,2028,9000000008,00000000002020,M,,,3
0000014175,2028,9000000008,00000000002020,M,,,10
0000014175,2028,9000000009,00000000002020,M,,,0
0000014175,2028,9000000009,00000000002020,M,,,0
0000014175,2028,9000000010,00000000002020,M,,,5
0000014175,2028,9000000010,00000000002020,M,,,15
0000014175,2028,9000000011,00000000002020,M,,,1
0000014175,2028,9000000011,00000000002020,M,,,3
0000014175,2028,9000000012,00000000002020,M,,,0
0000014175,2028,9000000012,00000000002020,M,,,1
0000014175,2029,9000000003,00000000002020,M,,,-2
0000014175,2029,9000000003,00000000002020,M,,,1
0000014175,2029,9000000004,00000000002020,M,,,23
0000014175,2029,9000000005,00000000002020,M,,,2
0000014175,2029,9000000006,00000000002020,M,,,9
0000014175,2029,9000000007,00000000002020,M,,,4
0000014175,2029,9000000008,00000000002020,M,,,10
0000014175,2029,9000000010,00000000002020,M,,,25
0000014175,2029,9000000011,00000000002020,M,,,3
0000014175,2029,9000000012,00000000002020,M,,,1
0000014175,2030,9000000003,00000000002020,M,,,0
0000014175,2030,9000000004,00000000002020,M,,,21
0000014175,2030,9000000005,00000000002020,M,,,2
0000014175,2030,9000000006,00000000002020,M,,,9
0000014175,2030,9000000007,00000000002020,M,,,3
0000014175,2030,9000000008,00000000002020,M,,,14
0000014175,2030,9000000010,00000000002020,M,,,28
0000014175,2030,9000000011,00000000002020,M,,,2
0000014175,2030,9000000012,00000000002020,M,,,0
0000014175,2031,9000000003,00000000002020,M,,,0
0000014175,2031,9000000004,00000000002020,M,,,19
0000014175,2031,9000000005,00000000002020,M,,,2
0000014175,2031,9000000006,00000000002020,M,,,8
0000014175,2031,9000000007,00000000002020,M,,,2
0000014175,2031,9000000008,00000000002020,M,,,13
0000014175,2031,9000000010,00000000002020,M,,,30
0000014175,2031,9000000011,00000000002020,M,,,1
0000014175,2031,9000000012,00000000002020,M,,,0
0000014175,2032,9000000003,00000000002020,M,,,1
0000014175,2032,9000000004,00000000002020,M,,,19
0000014175,2032,9000000005,00000000002020,M,,,2
0000014175,2032,9000000006,00000000002020,M,,,6
0000014175,2032,9000000007,00000000002020,M,,,2
0000014175,2032,9000000008,00000000002020,M,,,9
0000014175,2032,9000000010,00000000002020,M,,,32
0000014175,2032,9000000011,00000000002020,M,,,1
0000014175,2032,9000000012,00000000002020,M,,,0
0000014175,2033,9000000003,00000000002020,M,,,1
0000014175,2033,9000000004,00000000002020,M,,,17
0000014175,2033,9000000005,00000000002020,M,,,2
0000014175,2033,9000000006,00000000002020,M,,,5
0000014175,2033,9000000007,00000000002020,M,,,2
0000014175,2033,9000000008,00000000002020,M,,,9
0000014175,2033,9000000010,00000000002020,M,,,36
0000014175,2033,9000000011,00000000002020,M,,,1
0000014175,2033,9000000012,00000000002020,M,,,0
0000014175,2034,9000000003,00000000002020,M,,,0
0000014175,2034,9000000004,00000000002020,M,,,16
0000014175,2034,9000000005,00000000002020,M,,,2
0000014175,2034,9000000006,00000000002020,M,,,4
0000014175,2034,9000000007,00000000002020,M,,,1
0000014175,2034,9000000008,00000000002020,M,,,9
0000014175,2034,9000000010,00000000002020,M,,,41
0000014175,2034,9000000012,00000000002020,M,,,0
0000014175,2035,9000000003,00000000002020,M,,,0
0000014175,2035,9000000004,00000000002020,M,,,15
0000014175,2035,9000000005,00000000002020,M,,,2
0000014175,2035,9000000006,00000000002020,M,,,4
0000014175,2035,9000000007,00000000002020,M,,,1
0000014175,2035,9000000008,00000000002020,M,,,9
0000014175,2035,9000000010,00000000002020,M,,,37
0000014175,2035,9000000012,00000000002020,M,,,0
0000014175,2036,9000000003,00000000002020,M,,,0
0000014175,2036,9000000004,00000000002020,M,,,14
0000014175,2036,9000000005,00000000002020,M,,,2
0000014175,2036,9000000006,00000000002020,M,,,4
0000014175,2036,9000000007,00000000002020,M,,,1
0000014175,2036,9000000008,00000000002020,M,,,8
0000014175,2036,9000000010,00000000002020,M,,,34
0000014175,2036,9000000012,00000000002020,M,,,0
0000014175,2037,9000000003,00000000002020,M,,,0
0000014175,2037,9000000004,00000000002020,M,,,13
0000014175,2037,9000000005,00000000002020,M,,,3
0000014175,2037,9000000006,00000000002020,M,,,1
0000014175,2037,9000000007,00000000002020,M,,,1
0000014175,2037,9000000008,00000000002020,M,,,7
0000014175,2037,9000000010,00000000002020,M,,,34
0000014175,2037,9000000012,00000000002020,M,,,0
0000014175,2038,9000000003,00000000002020,M,,,0
0000014175,2038,9000000004,00000000002020,M,,,14
0000014175,2038,9000000005,00000000002020,M,,,1
0000014175,2038,9000000007,00000000002020,M,,,1
0000014175,2038,9000000008,00000000002020,M,,,7
0000014175,2038,9000000010,00000000002020,M,,,32
0000014175,2038,9000000012,00000000002020,M,,,0
0000014175,2039,9000000003,00000000002020,M,,,0
0000014175,2039,9000000004,00000000002020,M,,,13
0000014175,2039,9000000005,00000000002020,M,,,1
0000014175,2039,9000000007,00000000002020,M,,,1
0000014175,2039,9000000008,00000000002020,M,,,6
0000014175,2039,9000000010,00000000002020,M,,,36
0000014175,2039,9000000012,00000000002020,M,,,0
0000014175,2040,9000000003,00000000002020,M,,,0
0000014175,2040,9000000004,00000000002020,M,,,12
0000014175,2040,9000000005,00000000002020,M,,,1
0000014175,2040,9000000007,00000000002020,M,,,0
0000014175,2040,9000000010,00000000002020,M,,,34
0000014175,2040,9000000012,00000000002020,M,,,0
0000014176,2028,9000000003,00000000002020,M,,,0
0000014176,2028,9000000003,00000000002020,M,,,0
0000014176,2028,9000000007,00000000002020,M,,,0
0000014176,2028,9000000007,00000000002020,M,,,0
0000014176,2028,9000000009,00000000002020,M,,,0
0000014176,2028,9000000011,00000000002020,M,,,0
0000014176,2028,9000000011,00000000002020,M,,,0
0000014176,2028,9000000012,00000000002020,M,,,0
0000014176,2028,9000000012,00000000002020,M,,,1
0000014176,2029,9000000003,00000000002020,M,,,-3
0000014176,2029,9000000003,00000000002020,M,,,3
0000014176,2029,9000000007,00000000002020,M,,,0
0000014176,2029,9000000011,00000000002020,M,,,0
0000014176,2029,9000000012,00000000002020,M,,,2
0000014176,2030,9000000003,00000000002020,M,,,1
0000014176,2030,9000000007,00000000002020,M,,,0
0000014176,2030,9000000011,00000000002020,M,,,0
0000014176,2030,9000000012,00000000002020,M,,,1
0000014176,2031,9000000003,00000000002020,M,,,0
0000014176,2031,9000000007,00000000002020,M,,,0
0000014176,2031,9000000011,00000000002020,M,,,0
0000014176,2031,9000000012,00000000002020,M,,,1
0000014176,2032,9000000003,00000000002020,M,,,0
0000014176,2032,9000000007,00000000002020,M,,,0
0000014176,2032,9000000011,00000000002020,M,,,0
0000014176,2032,9000000012,00000000002020,M,,,1
0000014176,2033,9000000003,00000000002020,M,,,0
0000014176,2033,9000000007,00000000002020,M,,,0
0000014176,2033,9000000011,00000000002020,M,,,0
0000014176,2033,9000000012,00000000002020,M,,,1
0000014176,2034,9000000003,00000000002020,M,,,0
0000014176,2034,9000000007,00000000002020,M,,,0
0000014176,2034,9000000012,00000000002020,M,,,0
0000014176,2035,9000000003,00000000002020,M,,,0
0000014176,2035,9000000007,00000000002020,M,,,0
0000014176,2035,9000000012,00000000002020,M,,,0
0000014176,2036,9000000007,00000000002020,M,,,0
0000014176,2036,9000000012,00000000002020,M,,,0
0000014176,2037,9000000007,00000000002020,M,,,0
0000014176,2037,9000000012,00000000002020,M,,,0
0000014176,2038,9000000007,00000000002020,M,,,0
0000014176,2038,9000000012,00000000002020,M,,,0
0000014176,2039,9000000007,00000000002020,M,,,0
0000014176,2039,9000000012,00000000002020,M,,,0
0000014176,2040,9000000007,00000000002020,M,,,0
0000014176,2040,9000000012,00000000002020,M,,,0
0000014182,2028,9000000004,00000000002020,M,,,6
0000014182,2028,9000000004,00000000002020,M,,,14
0000014182,2028,9000000005,00000000002020,M,,,0
0000014182,2028,9000000005,00000000002020,M,,,2
0000014182,2028,9000000006,00000000002020,M,,,2
0000014182,2028,9000000006,00000000002020,M,,,7
0000014182,2028,9000000010,00000000002020,M,,,5
0000014182,2028,9000000010,00000000002020,M,,,15
0000014182,2028,9000000011,00000000002020,M,,,1
0000014182,2028,9000000011,00000000002020,M,,,3
0000014182,2029,9000000004,00000000002020,M,,,23
0000014182,2029,9000000005,00000000002020,M,,,2
0000014182,2029,9000000006,00000000002020,M,,,9
0000014182,2029,9000000010,00000000002020,M,,,27
0000014182,2029,9000000011,00000000002020,M,,,3
0000014184,2028,9000000004,00000000002020,M,,,1
0000014184,2028,9000000005,00000000002020,M,,,-1
0000014184,2028,9000000006,00000000002020,M,,,-1
0000014184,2028,9000000010,00000000002020,M,,,5
0000014184,2028,9000000011,00000000002020,M,,,-1
0000014184,2029,9000000004,00000000002020,M,,,1
0000014184,2029,9000000005,00000000002020,M,,,0
0000014184,2029,9000000006,00000000002020,M,,,-1
0000014184,2029,9000000010,00000000002020,M,,,4
0000014184,2029,9000000011,00000000002020,M,,,0
0000014185,2028,9000000010,00000000002020,M,,,119
0000014185,2028,9000000010,00000000002020,M,,,537
0000014185,2028,9000000011,00000000002020,M,,,199
0000014185,2029,9000000010,00000000002020,M,,,602
0000014185,2030,9000000010,00000000002020,M,,,51
0000014185,2031,9000000010,00000000002020,M,,,52
0000014185,2032,9000000010,00000000002020,M,,,53
0000014185,2033,9000000010,00000000002020,M,,,54
0000014185,2034,9000000010,00000000002020,M,,,56
0000014185,2035,9000000010,00000000002020,M,,,57
0000014185,2036,9000000010,00000000002020,M,,,58
0000014185,2037,9000000010,00000000002020,M,,,60
0000014185,2038,9000000010,00000000002020,M,,,61
0000014185,2039,9000000010,00000000002020,M,,,62
0000014185,2040,9000000010,00000000002020,M,,,64
0000014188,2028,9000000011,00000000002020,M,,,1
0000014190,2030,9000000010,00000000002020,M,,,-1
0000014190,2031,9000000010,00000000002020,M,,,0
0000014190,2032,9000000010,00000000002020,M,,,-1
0000014190,2033,9000000010,00000000002020,M,,,-1
0000014190,2034,9000000010,00000000002020,M,,,-1
0000014190,2035,9000000010,00000000002020,M,,,0
0000014190,2036,9000000010,00000000002020,M,,,-1
0000014190,2037,9000000010,00000000002020,M,,,-1
0000014190,2038,9000000010,00000000002020,M,,,-1
0000014190,2039,9000000010,00000000002020,M,,,0
0000014190,2040,9000000010,00000000002020,M,,,0
0000014192,2028,9000000004,00000000002020,M,,,42
0000014192,2028,9000000004,00000000002020,M,,,124
0000014192,2028,9000000005,00000000002020,M,,,8
0000014192,2028,9000000005,00000000002020,M,,,30
0000014192,2028,9000000006,00000000002020,M,,,37
0000014192,2028,9000000006,00000000002020,M,,,113
0000014192,2028,9000000010,00000000002020,M,,,59
0000014192,2028,9000000010,00000000002020,M,,,167
0000014192,2028,9000000011,00000000002020,M,,,78
0000014192,2028,9000000011,00000000002020,M,,,234
0000014192,2029,9000000004,00000000002020,M,,,165
0000014192,2029,9000000005,00000000002020,M,,,62
0000014192,2029,9000000006,00000000002020,M,,,150
0000014192,2029,9000000010,00000000002020,M,,,175
0000014192,2029,9000000011,00000000002020,M,,,312
0000014194,2028,9000000004,00000000002020,M,,,1
0000014194,2028,9000000004,00000000002020,M,,,3
0000014194,2028,9000000005,00000000002020,M,,,3
0000014194,2028,9000000006,00000000002020,M,,,1
0000014194,2028,9000000006,00000000002020,M,,,3
0000014194,2028,9000000010,00000000002020,M,,,1
0000014194,2028,9000000010,00000000002020,M,,,3
0000014194,2028,9000000011,00000000002020,M,,,1
0000014194,2028,9000000011,00000000002020,M,,,3
0000014194,2029,9000000004,00000000002020,M,,,4
0000014194,2029,9000000005,00000000002020,M,,,4
0000014194,2029,9000000006,00000000002020,M,,,4
0000014194,2029,9000000010,00000000002020,M,,,4
0000014194,2029,9000000011,00000000002020,M,,,4
0000014195,2028,9000000011,00000000002020,M,,,0
0000014197,2028,9000000011,00000000002020,M,,,49
0000014199,2028,9000000004,00000000002020,M,,,68
0000014199,2028,9000000005,00000000002020,M,,,-3
0000014199,2028,9000000006,00000000002020,M,,,-2
0000014199,2028,9000000010,00000000002020,M,,,326
0000014199,2028,9000000011,00000000002020,M,,,-2
0000014199,2029,9000000004,00000000002020,M,,,68
0000014199,2029,9000000005,00000000002020,M,,,0
0000014199,2029,9000000006,00000000002020,M,,,-2
0000014199,2029,9000000010,00000000002020,M,,,163
0000014199,2029,9000000011,00000000002020,M,,,6
0000014200,2028,9000000011,00000000002020,M,,,77
0000014204,2028,9000000006,00000000002020,M,,,-13
0000014204,2028,9000000007,00000000002020,M,,,1
0000014204,2028,9000000008,00000000002020,M,,,-3
0000014204,2028,9000000009,00000000002020,M,,,1
0000014204,2028,9000000010,00000000002020,M,,,1
0000014204,2028,9000000011,00000000002020,M,,,0
0000014206,2028,9000000006,00000000002020,M,,,3
0000014206,2029,9000000006,00000000002020,M,,,4
0000014206,2030,9000000006,00000000002020,M,,,1
0000014206,2031,9000000006,00000000002020,M,,,1
0000014206,2032,9000000006,00000000002020,M,,,1
0000014206,2033,9000000006,00000000002020,M,,,1
0000014206,2034,9000000006,00000000002020,M,,,1
0000014206,2035,9000000006,00000000002020,M,,,1
0000014206,2036,9000000006,00000000002020,M,,,1
0000014206,2037,9000000006,00000000002020,M,,,1
0000014206,2038,9000000006,00000000002020,M,,,1
0000014206,2039,9000000006,00000000002020,M,,,1
0000014206,2040,9000000006,00000000002020,M,,,1
0000014207,2028,9000000004,00000000002020,M,,,58
0000014207,2028,9000000004,00000000002020,M,,,-124
0000014207,2028,9000000005,00000000002020,M,,,-11
0000014207,2028,9000000005,00000000002020,M,,,2
0000014207,2028,9000000010,00000000002020,M,,,307
0000014207,2028,9000000010,00000000002020,M,,,28
0000014207,2028,9000000011,00000000002020,M,,,-8
0000014207,2029,9000000004,00000000002020,M,,,-1
0000014207,2029,9000000005,00000000002020,M,,,-3
0000014207,2029,9000000010,00000000002020,M,,,102
0000014207,2029,9000000011,00000000002020,M,,,-9
0000014207,2030,9000000010,00000000002020,M,,,-4
0000014207,2034,9000000010,00000000002020,M,,,-6
0000014207,2038,9000000010,00000000002020,M,,,-5
0000014208,2028,9000000009,00000000002020,M,,,-1
0000014208,2028,9000000011,00000000002020,M,,,-9
0000014210,2028,9000000004,00000000002020,M,,,3
0000014210,2028,9000000005,00000000002020,M,,,3
0000014210,2028,9000000006,00000000002020,M,,,3
0000014210,2028,9000000007,00000000002020,M,,,3
0000014210,2028,9000000008,00000000002020,M,,,3
0000014210,2028,9000000009,00000000002020,M,,,3
0000014210,2028,9000000010,00000000002020,M,,,3
0000014210,2028,9000000012,00000000002020,M,,,3
0000014210,2029,9000000004,00000000002020,M,,,4
0000014210,2029,9000000005,00000000002020,M,,,4
0000014210,2029,9000000006,00000000002020,M,,,4
0000014210,2029,9000000007,00000000002020,M,,,4
0000014210,2029,9000000008,00000000002020,M,,,4
0000014210,2029,9000000009,00000000002020,M,,,4
0000014210,2029,9000000010,00000000002020,M,,,4
0000014210,2029,9000000012,00000000002020,M,,,4
0000014210,2030,9000000003,00000000002020,M,,,0
0000014210,2030,9000000004,00000000002020,M,,,1
0000014210,2030,9000000005,00000000002020,M,,,1
0000014210,2030,9000000006,00000000002020,M,,,1
0000014210,2030,9000000007,00000000002020,M,,,1
0000014210,2030,9000000008,00000000002020,M,,,1
0000014210,2030,9000000009,00000000002020,M,,,1
0000014210,2030,9000000010,00000000002020,M,,,1
0000014210,2030,9000000011,00000000002020,M,,,0
0000014210,2030,9000000012,00000000002020,M,,,1
0000014210,2031,9000000003,00000000002020,M,,,0
0000014210,2031,9000000004,00000000002020,M,,,1
0000014210,2031,9000000005,00000000002020,M,,,1
0000014210,2031,9000000006,00000000002020,M,,,1
0000014210,2031,9000000007,00000000002020,M,,,1
0000014210,2031,9000000008,00000000002020,M,,,1
0000014210,2031,9000000009,00000000002020,M,,,1
0000014210,2031,9000000010,00000000002020,M,,,1
0000014210,2031,9000000011,00000000002020,M,,,0
0000014210,2031,9000000012,00000000002020,M,,,1
0000014210,2032,9000000003,00000000002020,M,,,0
0000014210,2032,9000000004,00000000002020,M,,,1
0000014210,2032,9000000005,00000000002020,M,,,1
0000014210,2032,9000000006,00000000002020,M,,,1
0000014210,2032,9000000007,00000000002020,M,,,1
0000014210,2032,9000000008,00000000002020,M,,,1
0000014210,2032,9000000009,00000000002020,M,,,1
0000014210,2032,9000000010,00000000002020,M,,,1
0000014210,2032,9000000011,00000000002020,M,,,0
0000014210,2032,9000000012,00000000002020,M,,,1
0000014210,2033,9000000003,00000000002020,M,,,0
0000014210,2033,9000000004,00000000002020,M,,,1
0000014210,2033,9000000005,00000000002020,M,,,1
0000014210,2033,9000000006,00000000002020,M,,,1
0000014210,2033,9000000007,00000000002020,M,,,1
0000014210,2033,9000000008,00000000002020,M,,,1
0000014210,2033,9000000009,00000000002020,M,,,1
0000014210,2033,9000000010,00000000002020,M,,,1
0000014210,2033,9000000011,00000000002020,M,,,0
0000014210,2033,9000000012,00000000002020,M,,,1
0000014210,2034,9000000003,00000000002020,M,,,0
0000014210,2034,9000000004,00000000002020,M,,,1
0000014210,2034,9000000005,00000000002020,M,,,1
0000014210,2034,9000000006,00000000002020,M,,,1
0000014210,2034,9000000007,00000000002020,M,,,1
0000014210,2034,9000000008,00000000002020,M,,,1
0000014210,2034,9000000009,00000000002020,M,,,1
0000014210,2034,9000000010,00000000002020,M,,,1
0000014210,2034,9000000011,00000000002020,M,,,0
0000014210,2034,9000000012,00000000002020,M,,,1
0000014210,2035,9000000003,00000000002020,M,,,0
0000014210,2035,9000000004,00000000002020,M,,,1
0000014210,2035,9000000005,00000000002020,M,,,1
0000014210,2035,9000000006,00000000002020,M,,,1
0000014210,2035,9000000007,00000000002020,M,,,1
0000014210,2035,9000000008,00000000002020,M,,,1
0000014210,2035,9000000009,00000000002020,M,,,1
0000014210,2035,9000000010,00000000002020,M,,,1
0000014210,2035,9000000011,00000000002020,M,,,0
0000014210,2036,9000000003,00000000002020,M,,,0
0000014210,2036,9000000004,00000000002020,M,,,1
0000014210,2036,9000000005,00000000002020,M,,,1
0000014210,2036,9000000006,00000000002020,M,,,1
0000014210,2036,9000000007,00000000002020,M,,,1
0000014210,2036,9000000008,00000000002020,M,,,1
0000014210,2036,9000000009,00000000002020,M,,,1
0000014210,2036,9000000010,00000000002020,M,,,1
0000014210,2036,9000000011,00000000002020,M,,,0
0000014210,2036,9000000012,00000000002020,M,,,1
0000014210,2037,9000000003,00000000002020,M,,,0
0000014210,2037,9000000004,00000000002020,M,,,1
0000014210,2037,9000000005,00000000002020,M,,,1
0000014210,2037,9000000006,00000000002020,M,,,1
0000014210,2037,9000000007,00000000002020,M,,,1
0000014210,2037,9000000008,00000000002020,M,,,1
0000014210,2037,9000000009,00000000002020,M,,,1
0000014210,2037,9000000010,00000000002020,M,,,1
0000014210,2037,9000000011,00000000002020,M,,,0
0000014210,2037,9000000012,00000000002020,M,,,1
0000014210,2038,9000000003,00000000002020,M,,,0
0000014210,2038,9000000004,00000000002020,M,,,1
0000014210,2038,9000000005,00000000002020,M,,,1
0000014210,2038,9000000006,00000000002020,M,,,1
0000014210,2038,9000000007,00000000002020,M,,,1
0000014210,2038,9000000008,00000000002020,M,,,1
0000014210,2038,9000000009,00000000002020,M,,,1
0000014210,2038,9000000010,00000000002020,M,,,1
0000014210,2038,9000000011,00000000002020,M,,,0
0000014210,2038,9000000012,00000000002020,M,,,1
0000014210,2039,9000000003,00000000002020,M,,,0
0000014210,2039,9000000004,00000000002020,M,,,1
0000014210,2039,9000000005,00000000002020,M,,,1
0000014210,2039,9000000006,00000000002020,M,,,1
0000014210,2039,9000000007,00000000002020,M,,,1
0000014210,2039,9000000008,00000000002020,M,,,1
0000014210,2039,9000000009,00000000002020,M,,,1
0000014210,2039,9000000010,00000000002020,M,,,1
0000014210,2039,9000000011,00000000002020,M,,,0
0000014210,2039,9000000012,00000000002020,M,,,1
0000014210,2040,9000000003,00000000002020,M,,,0
0000014210,2040,9000000004,00000000002020,M,,,1
0000014210,2040,9000000005,00000000002020,M,,,1
0000014210,2040,9000000006,00000000002020,M,,,1
0000014210,2040,9000000007,00000000002020,M,,,1
0000014210,2040,9000000008,00000000002020,M,,,1
0000014210,2040,9000000009,00000000002020,M,,,1
0000014210,2040,9000000010,00000000002020,M,,,1
0000014210,2040,9000000011,00000000002020,M,,,0
0000014210,2040,9000000012,00000000002020,M,,,1
0000014211,2028,9000000007,00000000002020,M,,,22
0000014211,2028,9000000009,00000000002020,M,,,0
0000014211,2028,9000000009,00000000002020,M,,,0
0000014211,2028,9000000011,00000000002020,M,,,3
0000014211,2028,9000000011,00000000002020,M,,,27
0000014211,2028,9000000012,00000000002020,M,,,19
0000014211,2028,9000000012,00000000002020,M,,,43
0000014211,2029,9000000007,00000000002020,M,,,37
0000014211,2029,9000000011,00000000002020,M,,,18
0000014211,2029,9000000012,00000000002020,M,,,54
0000014211,2030,9000000007,00000000002020,M,,,15
0000014211,2030,9000000011,00000000002020,M,,,5
0000014211,2030,9000000012,00000000002020,M,,,39
0000014211,2031,9000000007,00000000002020,M,,,12
0000014211,2031,9000000011,00000000002020,M,,,4
0000014211,2031,9000000012,00000000002020,M,,,24
0000014211,2032,9000000007,00000000002020,M,,,13
0000014211,2032,9000000011,00000000002020,M,,,4
0000014211,2032,9000000012,00000000002020,M,,,20
0000014211,2033,9000000007,00000000002020,M,,,14
0000014211,2033,9000000011,00000000002020,M,,,6
0000014211,2033,9000000012,00000000002020,M,,,15
0000014211,2034,9000000007,00000000002020,M,,,11
0000014211,2034,9000000012,00000000002020,M,,,6
0000014211,2035,9000000007,00000000002020,M,,,13
0000014211,2035,9000000012,00000000002020,M,,,4
0000014211,2036,9000000007,00000000002020,M,,,12
0000014211,2036,9000000012,00000000002020,M,,,5
0000014211,2037,9000000007,00000000002020,M,,,10
0000014211,2037,9000000012,00000000002020,M,,,6
0000014211,2038,9000000007,00000000002020,M,,,10
0000014211,2038,9000000012,00000000002020,M,,,5
0000014211,2039,9000000007,00000000002020,M,,,10
0000014211,2039,9000000012,00000000002020,M,,,3
0000014211,2040,9000000007,00000000002020,M,,,9
0000014211,2040,9000000012,00000000002020,M,,,3
0000014213,2028,9000000004,00000000002020,M,,,150
0000014213,2028,9000000005,00000000002020,M,,,240
0000014213,2028,9000000006,00000000002020,M,,,0
0000014213,2028,9000000008,00000000002020,M,,,609
0000014213,2028,9000000009,00000000002020,M,,,180
0000014213,2028,9000000010,00000000002020,M,,,100
0000014213,2028,9000000010,00000000002020,M,,,270
0000014213,2028,9000000011,00000000002020,M,,,70
0000014213,2028,9000000011,00000000002020,M,,,195
0000014213,2028,9000000012,00000000002020,M,,,364
0000014213,2029,9000000004,00000000002020,M,,,220
0000014213,2029,9000000005,00000000002020,M,,,320
0000014213,2029,9000000008,00000000002020,M,,,812
0000014213,2029,9000000009,00000000002020,M,,,240
0000014213,2029,9000000010,00000000002020,M,,,360
0000014213,2029,9000000011,00000000002020,M,,,260
0000014213,2029,9000000012,00000000002020,M,,,423
0000014213,2030,9000000004,00000000002020,M,,,55
0000014213,2030,9000000005,00000000002020,M,,,77
0000014213,2030,9000000006,00000000002020,M,,,90
0000014213,2030,9000000007,00000000002020,M,,,90
0000014213,2030,9000000008,00000000002020,M,,,203
0000014213,2030,9000000009,00000000002020,M,,,90
0000014213,2030,9000000010,00000000002020,M,,,90
0000014213,2030,9000000011,00000000002020,M,,,75
0000014213,2030,9000000012,00000000002020,M,,,109
0000014213,2031,9000000004,00000000002020,M,,,55
0000014213,2031,9000000005,00000000002020,M,,,77
0000014213,2031,9000000006,00000000002020,M,,,90
0000014213,2031,9000000007,00000000002020,M,,,90
0000014213,2031,9000000008,00000000002020,M,,,203
0000014213,2031,9000000009,00000000002020,M,,,90
0000014213,2031,9000000010,00000000002020,M,,,90
0000014213,2031,9000000011,00000000002020,M,,,75
0000014213,2031,9000000012,00000000002020,M,,,109
0000014213,2032,9000000004,00000000002020,M,,,55
0000014213,2032,9000000005,00000000002020,M,,,77
0000014213,2032,9000000006,00000000002020,M,,,90
0000014213,2032,9000000007,00000000002020,M,,,90
0000014213,2032,9000000008,00000000002020,M,,,203
0000014213,2032,9000000009,00000000002020,M,,,90
0000014213,2032,9000000010,00000000002020,M,,,90
0000014213,2032,9000000011,00000000002020,M,,,75
0000014213,2032,9000000012,00000000002020,M,,,109
0000014213,2033,9000000004,00000000002020,M,,,55
0000014213,2033,9000000005,00000000002020,M,,,77
0000014213,2033,9000000006,00000000002020,M,,,90
0000014213,2033,9000000007,00000000002020,M,,,90
0000014213,2033,9000000008,00000000002020,M,,,203
0000014213,2033,9000000009,00000000002020,M,,,90
0000014213,2033,9000000010,00000000002020,M,,,90
0000014213,2033,9000000011,00000000002020,M,,,75
0000014213,2033,9000000012,00000000002020,M,,,109
0000014213,2034,9000000004,00000000002020,M,,,55
0000014213,2034,9000000005,00000000002020,M,,,77
0000014213,2034,9000000006,00000000002020,M,,,90
0000014213,2034,9000000007,00000000002020,M,,,90
0000014213,2034,9000000008,00000000002020,M,,,203
0000014213,2034,9000000009,00000000002020,M,,,90
0000014213,2034,9000000010,00000000002020,M,,,90
0000014213,2034,9000000011,00000000002020,M,,,75
0000014213,2034,9000000012,00000000002020,M,,,109
0000014213,2035,9000000004,00000000002020,M,,,55
0000014213,2035,9000000005,00000000002020,M,,,77
0000014213,2035,9000000006,00000000002020,M,,,90
0000014213,2035,9000000007,00000000002020,M,,,90
0000014213,2035,9000000008,00000000002020,M,,,203
0000014213,2035,9000000009,00000000002020,M,,,90
0000014213,2035,9000000010,00000000002020,M,,,90
0000014213,2035,9000000011,00000000002020,M,,,75
0000014213,2035,9000000012,00000000002020,M,,,97
0000014213,2036,9000000004,00000000002020,M,,,55
0000014213,2036,9000000005,00000000002020,M,,,77
0000014213,2036,9000000006,00000000002020,M,,,90
0000014213,2036,9000000007,00000000002020,M,,,90
0000014213,2036,9000000008,00000000002020,M,,,203
0000014213,2036,9000000009,00000000002020,M,,,90
0000014213,2036,9000000010,00000000002020,M,,,90
0000014213,2036,9000000011,00000000002020,M,,,75
0000014213,2036,9000000012,00000000002020,M,,,107
0000014213,2037,9000000004,00000000002020,M,,,55
0000014213,2037,9000000005,00000000002020,M,,,77
0000014213,2037,9000000006,00000000002020,M,,,90
0000014213,2037,9000000007,00000000002020,M,,,90
0000014213,2037,9000000008,00000000002020,M,,,203
0000014213,2037,9000000009,00000000002020,M,,,90
0000014213,2037,9000000010,00000000002020,M,,,90
0000014213,2037,9000000011,00000000002020,M,,,75
0000014213,2037,9000000012,00000000002020,M,,,91
0000014213,2038,9000000004,00000000002020,M,,,55
0000014213,2038,9000000005,00000000002020,M,,,77
0000014213,2038,9000000006,00000000002020,M,,,90
0000014213,2038,9000000007,00000000002020,M,,,90
0000014213,2038,9000000008,00000000002020,M,,,203
0000014213,2038,9000000009,00000000002020,M,,,90
0000014213,2038,9000000010,00000000002020,M,,,90
0000014213,2038,9000000011,00000000002020,M,,,75
0000014213,2038,9000000012,00000000002020,M,,,47
0000014213,2039,9000000004,00000000002020,M,,,55
0000014213,2039,9000000005,00000000002020,M,,,77
0000014213,2039,9000000006,00000000002020,M,,,90
0000014213,2039,9000000007,00000000002020,M,,,90
0000014213,2039,9000000008,00000000002020,M,,,203
0000014213,2039,9000000009,00000000002020,M,,,90
0000014213,2039,9000000010,00000000002020,M,,,90
0000014213,2039,9000000011,00000000002020,M,,,75
0000014213,2039,9000000012,00000000002020,M,,,88
0000014213,2040,9000000004,00000000002020,M,,,55
0000014213,2040,9000000005,00000000002020,M,,,77
0000014213,2040,9000000006,00000000002020,M,,,90
0000014213,2040,9000000007,00000000002020,M,,,90
0000014213,2040,9000000009,00000000002020,M,,,90
0000014213,2040,9000000010,00000000002020,M,,,90
0000014213,2040,9000000011,00000000002020,M,,,75
0000014213,2040,9000000012,00000000002020,M,,,102
0000014215,2028,9000000003,00000000002020,M,,,16
0000014215,2028,9000000003,00000000002020,M,,,48
0000014215,2028,9000000004,00000000002020,M,,,99
0000014215,2028,9000000005,00000000002020,M,,,30
0000014215,2028,9000000006,00000000002020,M,,,92
0000014215,2028,9000000007,00000000002020,M,,,31
0000014215,2028,9000000008,00000000002020,M,,,19
0000014215,2028,9000000008,00000000002020,M,,,63
0000014215,2028,9000000009,00000000002020,M,,,232
0000014215,2028,9000000010,00000000002020,M,,,30
0000014215,2028,9000000010,00000000002020,M,,,96
0000014215,2028,9000000011,00000000002020,M,,,102
0000014215,2029,9000000003,00000000002020,M,,,65
0000014215,2029,9000000004,00000000002020,M,,,132
0000014215,2029,9000000005,00000000002020,M,,,66
0000014215,2029,9000000006,00000000002020,M,,,122
0000014215,2029,9000000007,00000000002020,M,,,41
0000014215,2029,9000000008,00000000002020,M,,,80
0000014215,2029,9000000009,00000000002020,M,,,930
0000014215,2029,9000000010,00000000002020,M,,,108
0000014215,2029,9000000011,00000000002020,M,,,140
0000014215,2030,9000000003,00000000002020,M,,,16
0000014215,2030,9000000004,00000000002020,M,,,33
0000014215,2030,9000000005,00000000002020,M,,,15
0000014215,2030,9000000006,00000000002020,M,,,29
0000014215,2030,9000000007,00000000002020,M,,,10
0000014215,2030,9000000008,00000000002020,M,,,19
0000014215,2030,9000000010,00000000002020,M,,,27
0000014215,2030,9000000011,00000000002020,M,,,31
0000014215,2031,9000000003,00000000002020,M,,,16
0000014215,2031,9000000004,00000000002020,M,,,33
0000014215,2031,9000000005,00000000002020,M,,,14
0000014215,2031,9000000006,00000000002020,M,,,27
0000014215,2031,9000000007,00000000002020,M,,,10
0000014215,2031,9000000008,00000000002020,M,,,18
0000014215,2031,9000000010,00000000002020,M,,,27
0000014215,2031,9000000011,00000000002020,M,,,29
0000014215,2032,9000000003,00000000002020,M,,,16
0000014215,2032,9000000004,00000000002020,M,,,33
0000014215,2032,9000000005,00000000002020,M,,,14
0000014215,2032,9000000006,00000000002020,M,,,25
0000014215,2032,9000000007,00000000002020,M,,,10
0000014215,2032,9000000008,00000000002020,M,,,17
0000014215,2032,9000000010,00000000002020,M,,,28
0000014215,2032,9000000011,00000000002020,M,,,28
0000014215,2033,9000000003,00000000002020,M,,,15
0000014215,2033,9000000004,00000000002020,M,,,33
0000014215,2033,9000000005,00000000002020,M,,,14
0000014215,2033,9000000006,00000000002020,M,,,23
0000014215,2033,9000000007,00000000002020,M,,,10
0000014215,2033,9000000008,00000000002020,M,,,16
0000014215,2033,9000000010,00000000002020,M,,,30
0000014215,2033,9000000011,00000000002020,M,,,27
0000014215,2034,9000000003,00000000002020,M,,,15
0000014215,2034,9000000004,00000000002020,M,,,33
0000014215,2034,9000000005,00000000002020,M,,,14
0000014215,2034,9000000006,00000000002020,M,,,22
0000014215,2034,9000000007,00000000002020,M,,,10
0000014215,2034,9000000008,00000000002020,M,,,15
0000014215,2034,9000000010,00000000002020,M,,,32
0000014215,2035,9000000003,00000000002020,M,,,15
0000014215,2035,9000000004,00000000002020,M,,,33
0000014215,2035,9000000005,00000000002020,M,,,14
0000014215,2035,9000000006,00000000002020,M,,,20
0000014215,2035,9000000007,00000000002020,M,,,10
0000014215,2035,9000000008,00000000002020,M,,,11
0000014215,2035,9000000010,00000000002020,M,,,31
0000014215,2036,9000000003,00000000002020,M,,,9
0000014215,2036,9000000004,00000000002020,M,,,33
0000014215,2036,9000000005,00000000002020,M,,,14
0000014215,2036,9000000006,00000000002020,M,,,19
0000014215,2036,9000000007,00000000002020,M,,,10
0000014215,2036,9000000008,00000000002020,M,,,9
0000014215,2036,9000000010,00000000002020,M,,,31
0000014215,2037,9000000003,00000000002020,M,,,7
0000014215,2037,9000000004,00000000002020,M,,,33
0000014215,2037,9000000005,00000000002020,M,,,14
0000014215,2037,9000000006,00000000002020,M,,,18
0000014215,2037,9000000007,00000000002020,M,,,11
0000014215,2037,9000000008,00000000002020,M,,,9
0000014215,2037,9000000010,00000000002020,M,,,31
0000014215,2038,9000000003,00000000002020,M,,,6
0000014215,2038,9000000004,00000000002020,M,,,33
0000014215,2038,9000000005,00000000002020,M,,,14
0000014215,2038,9000000007,00000000002020,M,,,11
0000014215,2038,9000000008,00000000002020,M,,,9
0000014215,2038,9000000010,00000000002020,M,,,31
0000014215,2039,9000000003,00000000002020,M,,,6
0000014215,2039,9000000004,00000000002020,M,,,33
0000014215,2039,9000000005,00000000002020,M,,,14
0000014215,2039,9000000007,00000000002020,M,,,11
0000014215,2039,9000000008,00000000002020,M,,,9
0000014215,2039,9000000010,00000000002020,M,,,30
0000014215,2040,9000000003,00000000002020,M,,,6
0000014215,2040,9000000004,00000000002020,M,,,33
0000014215,2040,9000000005,00000000002020,M,,,14
0000014215,2040,9000000007,00000000002020,M,,,11
0000014215,2040,9000000010,00000000002020,M,,,29
0000014217,2028,9000000007,00000000002020,M,,,-2
0000014217,2028,9000000009,00000000002020,M,,,-2
0000014217,2028,9000000011,00000000002020,M,,,-22
0000014217,2030,9000000012,00000000002020,M,,,0
0000014224,2028,9000000007,00000000002020,M,,,0
0000014224,2028,9000000009,00000000002020,M,,,-1
0000014224,2028,9000000011,00000000002020,M,,,56
0000014224,2029,9000000012,00000000002020,M,,,0
0000014224,2030,9000000012,00000000002020,M,,,0
0000014225,2028,9000000006,00000000002020,M,,,-1
0000014225,2029,9000000006,00000000002020,M,,,-1
0000014225,2030,9000000006,00000000002020,M,,,-1
0000014225,2031,9000000006,00000000002020,M,,,-1
0000014225,2032,9000000006,00000000002020,M,,,-1
0000014225,2033,9000000006,00000000002020,M,,,-1
0000014225,2034,9000000006,00000000002020,M,,,-1
0000014225,2035,9000000006,00000000002020,M,,,-1
0000014225,2036,9000000006,00000000002020,M,,,-1
0000014225,2037,9000000006,00000000002020,M,,,-1
0000014225,2038,9000000006,00000000002020,M,,,-1
0000014225,2039,9000000006,00000000002020,M,,,-1
0000014225,2040,9000000006,00000000002020,M,,,-1
0000014227,2028,9000000006,00000000002020,M,,,-19
0000014227,2028,9000000007,00000000002020,M,,,-12
0000014227,2029,9000000006,00000000002020,M,,,-15
0000014227,2030,9000000003,00000000002020,M,,,0
0000014227,2030,9000000004,00000000002020,M,,,0
0000014227,2030,9000000008,00000000002020,M,,,0
0000014227,2031,9000000003,00000000002020,M,,,0
0000014227,2031,9000000004,00000000002020,M,,,0
0000014227,2031,9000000008,00000000002020,M,,,0
0000014227,2032,9000000003,00000000002020,M,,,0
0000014227,2032,9000000004,00000000002020,M,,,0
0000014227,2032,9000000008,00000000002020,M,,,0
0000014227,2033,9000000003,00000000002020,M,,,0
0000014227,2033,9000000004,00000000002020,M,,,0
0000014227,2033,9000000008,00000000002020,M,,,0
0000014227,2034,9000000003,00000000002020,M,,,0
0000014227,2034,9000000004,00000000002020,M,,,0
0000014227,2034,9000000008,00000000002020,M,,,0
0000014227,2035,9000000003,00000000002020,M,,,0
0000014227,2035,9000000008,00000000002020,M,,,0
0000014227,2036,9000000003,00000000002020,M,,,0
0000014227,2036,9000000008,00000000002020,M,,,0
0000014227,2037,9000000003,00000000002020,M,,,0
0000014227,2037,9000000008,00000000002020,M,,,0
0000014227,2038,9000000003,00000000002020,M,,,0
0000014227,2038,9000000008,00000000002020,M,,,0
0000014227,2039,9000000003,00000000002020,M,,,0
0000014227,2039,9000000008,00000000002020,M,,,0
0000014227,2040,9000000003,00000000002020,M,,,0
0000014237,2028,9000000004,00000000002020,M,,,-11
0000014237,2028,9000000006,00000000002020,M,,,-56
0000014237,2028,9000000007,00000000002020,M,,,-1
0000014237,2028,9000000009,00000000002020,M,,,-2
0000014237,2028,9000000011,00000000002020,M,,,-1
0000014237,2028,9000000012,00000000002020,M,,,0
0000014237,2029,9000000006,00000000002020,M,,,-62
0000014237,2029,9000000007,00000000002020,M,,,-10
0000014237,2029,9000000010,00000000002020,M,,,22
0000014237,2029,9000000011,00000000002020,M,,,1
0000014237,2029,9000000012,00000000002020,M,,,0
0000014237,2030,9000000010,00000000002020,M,,,108
0000014238,2028,9000000007,00000000002020,M,,,12
0000014238,2028,9000000010,00000000002020,M,,,-2
0000014238,2028,9000000011,00000000002020,M,,,8
0000014238,2029,9000000011,00000000002020,M,,,-1
0000014240,2028,9000000003,00000000002020,M,,,116
0000014240,2028,9000000003,00000000002020,M,,,275
0000014240,2028,9000000005,00000000002020,M,,,59
0000014240,2028,9000000005,00000000002020,M,,,164
0000014240,2028,9000000007,00000000002020,M,,,262
0000014240,2028,9000000007,00000000002020,M,,,912
0000014240,2028,9000000008,00000000002020,M,,,0
0000014240,2028,9000000009,00000000002020,M,,,11
0000014240,2028,9000000009,00000000002020,M,,,19
0000014240,2028,9000000011,00000000002020,M,,,2
0000014240,2028,9000000011,00000000002020,M,,,18
0000014240,2028,9000000012,00000000002020,M,,,188
0000014240,2028,9000000012,00000000002020,M,,,512
0000014240,2029,9000000003,00000000002020,M,,,-522
0000014240,2029,9000000003,00000000002020,M,,,781
0000014240,2029,9000000005,00000000002020,M,,,196
0000014240,2029,9000000007,00000000002020,M,,,945
0000014240,2029,9000000009,00000000002020,M,,,5
0000014240,2029,9000000011,00000000002020,M,,,37
0000014240,2029,9000000012,00000000002020,M,,,762
0000014240,2030,9000000003,00000000002020,M,,,325
0000014240,2030,9000000005,00000000002020,M,,,173
0000014240,2030,9000000007,00000000002020,M,,,803
0000014240,2030,9000000011,00000000002020,M,,,31
0000014240,2030,9000000012,00000000002020,M,,,546
0000014240,2031,9000000003,00000000002020,M,,,249
0000014240,2031,9000000005,00000000002020,M,,,172
0000014240,2031,9000000007,00000000002020,M,,,676
0000014240,2031,9000000011,00000000002020,M,,,32
0000014240,2031,9000000012,00000000002020,M,,,613
0000014240,2032,9000000003,00000000002020,M,,,274
0000014240,2032,9000000005,00000000002020,M,,,172
0000014240,2032,9000000007,00000000002020,M,,,624
0000014240,2032,9000000011,00000000002020,M,,,11
0000014240,2032,9000000012,00000000002020,M,,,469
0000014240,2033,9000000003,00000000002020,M,,,248
0000014240,2033,9000000005,00000000002020,M,,,176
0000014240,2033,9000000007,00000000002020,M,,,508
0000014240,2033,9000000011,00000000002020,M,,,13
0000014240,2033,9000000012,00000000002020,M,,,411
0000014240,2034,9000000003,00000000002020,M,,,146
0000014240,2034,9000000005,00000000002020,M,,,193
0000014240,2034,9000000007,00000000002020,M,,,440
0000014240,2034,9000000012,00000000002020,M,,,281
0000014240,2035,9000000003,00000000002020,M,,,96
0000014240,2035,9000000005,00000000002020,M,,,203
0000014240,2035,9000000007,00000000002020,M,,,366
0000014240,2035,9000000012,00000000002020,M,,,316
0000014240,2036,9000000003,00000000002020,M,,,41
0000014240,2036,9000000005,00000000002020,M,,,218
0000014240,2036,9000000007,00000000002020,M,,,285
0000014240,2036,9000000012,00000000002020,M,,,274
0000014240,2037,9000000003,00000000002020,M,,,19
0000014240,2037,9000000005,00000000002020,M,,,446
0000014240,2037,9000000007,00000000002020,M,,,251
0000014240,2037,9000000012,00000000002020,M,,,233
0000014240,2038,9000000003,00000000002020,M,,,12
0000014240,2038,9000000005,00000000002020,M,,,220
0000014240,2038,9000000007,00000000002020,M,,,206
0000014240,2038,9000000012,00000000002020,M,,,226
0000014240,2039,9000000003,00000000002020,M,,,2
0000014240,2039,9000000005,00000000002020,M,,,215
0000014240,2039,9000000007,00000000002020,M,,,166
0000014240,2039,9000000012,00000000002020,M,,,166
0000014240,2040,9000000003,00000000002020,M,,,0
0000014240,2040,9000000005,00000000002020,M,,,283
0000014240,2040,9000000007,00000000002020,M,,,135
0000014240,2040,9000000012,00000000002020,M,,,141
0000014242,2028,9000000007,00000000002020,M,,,-1
0000014242,2029,9000000007,00000000002020,M,,,-1
0000014242,2030,9000000007,00000000002020,M,,,-1
0000014242,2031,9000000007,00000000002020,M,,,-1
0000014242,2032,9000000007,00000000002020,M,,,-1
0000014242,2033,9000000007,00000000002020,M,,,-1
0000014242,2034,9000000007,00000000002020,M,,,-1
0000014242,2035,9000000007,00000000002020,M,,,-1
0000014242,2036,9000000007,00000000002020,M,,,-1
0000014242,2037,9000000007,00000000002020,M,,,-1
0000014242,2038,9000000007,00000000002020,M,,,-1
0000014242,2039,9000000007,00000000002020,M,,,-1
0000014242,2040,9000000007,00000000002020,M,,,-1
0000014243,2028,9000000003,00000000002020,M,,,-3
0000014243,2029,9000000003,00000000002020,M,,,-5
0000014243,2030,9000000003,00000000002020,M,,,-14
0000014243,2031,9000000003,00000000002020,M,,,-8
0000014243,2032,9000000003,00000000002020,M,,,-4
0000014243,2033,9000000003,00000000002020,M,,,-3
0000014243,2034,9000000003,00000000002020,M,,,-1
0000014243,2035,9000000003,00000000002020,M,,,0
0000014244,2028,9000000007,00000000002020,M,,,0
0000014244,2029,9000000007,00000000002020,M,,,0
0000014244,2030,9000000007,00000000002020,M,,,0
0000014244,2031,9000000007,00000000002020,M,,,0
0000014244,2032,9000000007,00000000002020,M,,,0
0000014244,2033,9000000007,00000000002020,M,,,0
0000014244,2034,9000000007,00000000002020,M,,,0
0000014244,2035,9000000007,00000000002020,M,,,0
0000014244,2036,9000000007,00000000002020,M,,,0
0000014244,2037,9000000007,00000000002020,M,,,0
0000014244,2038,9000000007,00000000002020,M,,,0
0000014244,2039,9000000007,00000000002020,M,,,0
0000014244,2040,9000000007,00000000002020,M,,,0
0000014246,2028,9000000004,00000000002020,M,,,3
0000014246,2028,9000000005,00000000002020,M,,,3
0000014246,2028,9000000006,00000000002020,M,,,3
0000014246,2028,9000000007,00000000002020,M,,,3
0000014246,2028,9000000009,00000000002020,M,,,3
0000014246,2028,9000000010,00000000002020,M,,,3
0000014246,2028,9000000011,00000000002020,M,,,3
0000014246,2028,9000000012,00000000002020,M,,,3
0000014246,2029,9000000004,00000000002020,M,,,4
0000014246,2029,9000000005,00000000002020,M,,,4
0000014246,2029,9000000006,00000000002020,M,,,4
0000014246,2029,9000000007,00000000002020,M,,,4
0000014246,2029,9000000009,00000000002020,M,,,4
0000014246,2029,9000000010,00000000002020,M,,,4
0000014246,2029,9000000011,00000000002020,M,,,4
0000014246,2029,9000000012,00000000002020,M,,,4
0000014246,2030,9000000003,00000000002020,M,,,0
0000014246,2030,9000000004,00000000002020,M,,,1
0000014246,2030,9000000005,00000000002020,M,,,1
0000014246,2030,9000000006,00000000002020,M,,,1
0000014246,2030,9000000007,00000000002020,M,,,1
0000014246,2030,9000000009,00000000002020,M,,,1
0000014246,2030,9000000010,00000000002020,M,,,1
0000014246,2030,9000000011,00000000002020,M,,,1
0000014246,2030,9000000012,00000000002020,M,,,1
0000014246,2031,9000000003,00000000002020,M,,,0
0000014246,2031,9000000004,00000000002020,M,,,1
0000014246,2031,9000000005,00000000002020,M,,,1
0000014246,2031,9000000006,00000000002020,M,,,1
0000014246,2031,9000000007,00000000002020,M,,,1
0000014246,2031,9000000009,00000000002020,M,,,1
0000014246,2031,9000000010,00000000002020,M,,,1
0000014246,2031,9000000011,00000000002020,M,,,1
0000014246,2031,9000000012,00000000002020,M,,,1
0000014246,2032,9000000003,00000000002020,M,,,0
0000014246,2032,9000000004,00000000002020,M,,,1
0000014246,2032,9000000005,00000000002020,M,,,1
0000014246,2032,9000000006,00000000002020,M,,,1
0000014246,2032,9000000007,00000000002020,M,,,1
0000014246,2032,9000000009,00000000002020,M,,,1
0000014246,2032,9000000010,00000000002020,M,,,1
0000014246,2032,9000000011,00000000002020,M,,,1
0000014246,2032,9000000012,00000000002020,M,,,1
0000014246,2033,9000000003,00000000002020,M,,,0
0000014246,2033,9000000004,00000000002020,M,,,1
0000014246,2033,9000000005,00000000002020,M,,,1
0000014246,2033,9000000006,00000000002020,M,,,1
0000014246,2033,9000000007,00000000002020,M,,,1
0000014246,2033,9000000009,00000000002020,M,,,1
0000014246,2033,9000000010,00000000002020,M,,,1
0000014246,2033,9000000011,00000000002020,M,,,1
0000014246,2033,9000000012,00000000002020,M,,,1
0000014246,2034,9000000003,00000000002020,M,,,0
0000014246,2034,9000000004,00000000002020,M,,,1
0000014246,2034,9000000005,00000000002020,M,,,1
0000014246,2034,9000000006,00000000002020,M,,,1
0000014246,2034,9000000007,00000000002020,M,,,1
0000014246,2034,9000000009,00000000002020,M,,,1
0000014246,2034,9000000010,00000000002020,M,,,1
0000014246,2034,9000000011,00000000002020,M,,,1
0000014246,2034,9000000012,00000000002020,M,,,1
0000014246,2035,9000000003,00000000002020,M,,,0
0000014246,2035,9000000004,00000000002020,M,,,1
0000014246,2035,9000000005,00000000002020,M,,,1
0000014246,2035,9000000006,00000000002020,M,,,1
0000014246,2035,9000000007,00000000002020,M,,,1
0000014246,2035,9000000009,00000000002020,M,,,1
0000014246,2035,9000000010,00000000002020,M,,,1
0000014246,2035,9000000011,00000000002020,M,,,1
0000014246,2036,9000000003,00000000002020,M,,,0
0000014246,2036,9000000004,00000000002020,M,,,1
0000014246,2036,9000000005,00000000002020,M,,,1
0000014246,2036,9000000006,00000000002020,M,,,1
0000014246,2036,9000000007,00000000002020,M,,,1
0000014246,2036,9000000009,00000000002020,M,,,1
0000014246,2036,9000000010,00000000002020,M,,,1
0000014246,2036,9000000011,00000000002020,M,,,1
0000014246,2036,9000000012,00000000002020,M,,,1
0000014246,2037,9000000003,00000000002020,M,,,0
0000014246,2037,9000000004,00000000002020,M,,,1
0000014246,2037,9000000005,00000000002020,M,,,1
0000014246,2037,9000000006,00000000002020,M,,,1
0000014246,2037,9000000007,00000000002020,M,,,1
0000014246,2037,9000000009,00000000002020,M,,,1
0000014246,2037,9000000010,00000000002020,M,,,1
0000014246,2037,9000000011,00000000002020,M,,,1
0000014246,2037,9000000012,00000000002020,M,,,1
0000014246,2038,9000000003,00000000002020,M,,,0
0000014246,2038,9000000004,00000000002020,M,,,1
0000014246,2038,9000000005,00000000002020,M,,,1
0000014246,2038,9000000006,00000000002020,M,,,1
0000014246,2038,9000000007,00000000002020,M,,,1
0000014246,2038,9000000009,00000000002020,M,,,1
0000014246,2038,9000000010,00000000002020,M,,,1
0000014246,2038,9000000011,00000000002020,M,,,1
0000014246,2038,9000000012,00000000002020,M,,,1
0000014246,2039,9000000003,00000000002020,M,,,0
0000014246,2039,9000000004,00000000002020,M,,,1
0000014246,2039,9000000005,00000000002020,M,,,1
0000014246,2039,9000000006,00000000002020,M,,,1
0000014246,2039,9000000007,00000000002020,M,,,1
0000014246,2039,9000000009,00000000002020,M,,,1
0000014246,2039,9000000010,00000000002020,M,,,1
0000014246,2039,9000000011,00000000002020,M,,,1
0000014246,2039,9000000012,00000000002020,M,,,1
0000014246,2040,9000000003,00000000002020,M,,,0
0000014246,2040,9000000004,00000000002020,M,,,1
0000014246,2040,9000000005,00000000002020,M,,,1
0000014246,2040,9000000006,00000000002020,M,,,1
0000014246,2040,9000000007,00000000002020,M,,,1
0000014246,2040,9000000009,00000000002020,M,,,1
0000014246,2040,9000000010,00000000002020,M,,,1
0000014246,2040,9000000011,00000000002020,M,,,1
0000014246,2040,9000000012,00000000002020,M,,,1
0000014251,2028,9000000005,00000000002020,M,,,0
0000014251,2028,9000000010,00000000002020,M,,,2
0000014251,2028,9000000012,00000000002020,M,,,-140
0000014251,2029,9000000005,00000000002020,M,,,1
0000014251,2029,9000000010,00000000002020,M,,,13
0000014251,2029,9000000012,00000000002020,M,,,-210
0000014251,2030,9000000003,00000000002020,M,,,0
0000014251,2030,9000000009,00000000002020,M,,,-47
0000014251,2030,9000000012,00000000002020,M,,,-153
0000014251,2031,9000000003,00000000002020,M,,,-1
0000014251,2031,9000000009,00000000002020,M,,,-47
0000014251,2031,9000000012,00000000002020,M,,,-216
0000014251,2032,9000000003,00000000002020,M,,,-1
0000014251,2032,9000000009,00000000002020,M,,,-47
0000014251,2032,9000000012,00000000002020,M,,,-165
0000014251,2033,9000000003,00000000002020,M,,,0
0000014251,2033,9000000009,00000000002020,M,,,-47
0000014251,2033,9000000012,00000000002020,M,,,-219
0000014251,2034,9000000003,00000000002020,M,,,0
0000014251,2034,9000000009,00000000002020,M,,,-47
0000014251,2034,9000000012,00000000002020,M,,,-147
0000014251,2035,9000000003,00000000002020,M,,,-1
0000014251,2035,9000000009,00000000002020,M,,,-47
0000014251,2035,9000000012,00000000002020,M,,,-149
0000014251,2036,9000000009,00000000002020,M,,,-47
0000014251,2036,9000000012,00000000002020,M,,,-151
0000014251,2037,9000000009,00000000002020,M,,,-47
0000014251,2037,9000000012,00000000002020,M,,,-153
0000014251,2038,9000000009,00000000002020,M,,,-47
0000014251,2038,9000000012,00000000002020,M,,,-131
0000014251,2039,9000000009,00000000002020,M,,,-47
0000014251,2039,9000000012,00000000002020,M,,,-110
0000014251,2040,9000000009,00000000002020,M,,,-47
0000014251,2040,9000000012,00000000002020,M,,,-65
0000014276,2028,9000000007,00000000002020,M,,,-59
0000014276,2029,9000000007,00000000002020,M,,,-53
0000014276,2030,9000000007,00000000002020,M,,,-44
0000014276,2031,9000000007,00000000002020,M,,,-35
0000014276,2032,9000000007,00000000002020,M,,,-32
0000014276,2033,9000000007,00000000002020,M,,,-25
0000014276,2034,9000000007,00000000002020,M,,,-19
0000014276,2035,9000000007,00000000002020,M,,,-15
0000014276,2036,9000000007,00000000002020,M,,,-11
0000014276,2037,9000000007,00000000002020,M,,,-8
0000014276,2038,9000000007,00000000002020,M,,,-6
0000014276,2039,9000000007,00000000002020,M,,,-4
0000014276,2040,9000000007,00000000002020,M,,,-3
0000014279,2028,9000000007,00000000002020,M,,,111
0000014279,2029,9000000007,00000000002020,M,,,113
0000014279,2030,9000000007,00000000002020,M,,,94
0000014279,2031,9000000007,00000000002020,M,,,74
0000014279,2032,9000000007,00000000002020,M,,,63
0000014279,2033,9000000007,00000000002020,M,,,51
0000014279,2034,9000000007,00000000002020,M,,,40
0000014279,2035,9000000007,00000000002020,M,,,32
0000014279,2036,9000000007,00000000002020,M,,,23
0000014279,2037,9000000007,00000000002020,M,,,17
0000014279,2038,9000000007,00000000002020,M,,,14
0000014279,2039,9000000007,00000000002020,M,,,9
0000014279,2040,9000000007,00000000002020,M,,,4
0000014283,2028,9000000006,00000000002020,M,,,-3
0000014283,2029,9000000006,00000000002020,M,,,-4
0000014283,2030,9000000006,00000000002020,M,,,-4
0000014283,2031,9000000006,00000000002020,M,,,-3
0000014283,2032,9000000006,00000000002020,M,,,-3
0000014283,2033,9000000006,00000000002020,M,,,-2
0000014283,2034,9000000006,00000000002020,M,,,-2
0000014283,2035,9000000006,00000000002020,M,,,-2
0000014283,2036,9000000006,00000000002020,M,,,-2
0000014283,2037,9000000006,00000000002020,M,,,-1
0000014287,2028,9000000007,00000000002020,M,,,-1
0000014288,2028,9000000007,00000000002020,M,,,0
0000014289,2028,9000000004,00000000002020,M,,,0
0000014289,2028,9000000005,00000000002020,M,,,-1
0000014289,2029,9000000004,00000000002020,M,,,0
0000014289,2029,9000000005,00000000002020,M,,,0
0000014292,2028,9000000004,00000000002020,M,,,90
0000014292,2028,9000000005,00000000002020,M,,,90
0000014292,2028,9000000006,00000000002020,M,,,0
0000014292,2028,9000000009,00000000002020,M,,,45
0000014292,2028,9000000010,00000000002020,M,,,90
0000014292,2028,9000000011,00000000002020,M,,,30
0000014292,2028,9000000011,00000000002020,M,,,90
0000014292,2028,9000000012,00000000002020,M,,,295
0000014292,2029,9000000004,00000000002020,M,,,120
0000014292,2029,9000000005,00000000002020,M,,,120
0000014292,2029,9000000009,00000000002020,M,,,60
0000014292,2029,9000000010,00000000002020,M,,,120
0000014292,2029,9000000011,00000000002020,M,,,120
0000014292,2029,9000000012,00000000002020,M,,,366
0000014292,2030,9000000004,00000000002020,M,,,30
0000014292,2030,9000000005,00000000002020,M,,,30
0000014292,2030,9000000006,00000000002020,M,,,30
0000014292,2030,9000000007,00000000002020,M,,,30
0000014292,2030,9000000009,00000000002020,M,,,15
0000014292,2030,9000000010,00000000002020,M,,,30
0000014292,2030,9000000011,00000000002020,M,,,30
0000014292,2030,9000000012,00000000002020,M,,,74
0000014292,2031,9000000004,00000000002020,M,,,30
0000014292,2031,9000000005,00000000002020,M,,,30
0000014292,2031,9000000006,00000000002020,M,,,30
0000014292,2031,9000000007,00000000002020,M,,,30
0000014292,2031,9000000009,00000000002020,M,,,15
0000014292,2031,9000000010,00000000002020,M,,,30
0000014292,2031,9000000011,00000000002020,M,,,30
0000014292,2031,9000000012,00000000002020,M,,,70
0000014292,2032,9000000004,00000000002020,M,,,30
0000014292,2032,9000000005,00000000002020,M,,,30
0000014292,2032,9000000006,00000000002020,M,,,30
0000014292,2032,9000000007,00000000002020,M,,,30
0000014292,2032,9000000009,00000000002020,M,,,15
0000014292,2032,9000000010,00000000002020,M,,,30
0000014292,2032,9000000011,00000000002020,M,,,30
0000014292,2032,9000000012,00000000002020,M,,,70
0000014292,2033,9000000004,00000000002020,M,,,30
0000014292,2033,9000000005,00000000002020,M,,,30
0000014292,2033,9000000006,00000000002020,M,,,30
0000014292,2033,9000000007,00000000002020,M,,,30
0000014292,2033,9000000009,00000000002020,M,,,15
0000014292,2033,9000000010,00000000002020,M,,,30
0000014292,2033,9000000011,00000000002020,M,,,30
0000014292,2033,9000000012,00000000002020,M,,,68
0000014292,2034,9000000004,00000000002020,M,,,30
0000014292,2034,9000000005,00000000002020,M,,,30
0000014292,2034,9000000006,00000000002020,M,,,30
0000014292,2034,9000000007,00000000002020,M,,,30
0000014292,2034,9000000009,00000000002020,M,,,15
0000014292,2034,9000000010,00000000002020,M,,,30
0000014292,2034,9000000011,00000000002020,M,,,30
0000014292,2034,9000000012,00000000002020,M,,,63
0000014292,2035,9000000004,00000000002020,M,,,30
0000014292,2035,9000000005,00000000002020,M,,,30
0000014292,2035,9000000006,00000000002020,M,,,30
0000014292,2035,9000000007,00000000002020,M,,,30
0000014292,2035,9000000009,00000000002020,M,,,15
0000014292,2035,9000000010,00000000002020,M,,,30
0000014292,2035,9000000011,00000000002020,M,,,30
0000014292,2035,9000000012,00000000002020,M,,,56
0000014292,2036,9000000004,00000000002020,M,,,30
0000014292,2036,9000000005,00000000002020,M,,,30
0000014292,2036,9000000006,00000000002020,M,,,30
0000014292,2036,9000000007,00000000002020,M,,,30
0000014292,2036,9000000009,00000000002020,M,,,15
0000014292,2036,9000000010,00000000002020,M,,,30
0000014292,2036,9000000011,00000000002020,M,,,30
0000014292,2036,9000000012,00000000002020,M,,,54
0000014292,2037,9000000004,00000000002020,M,,,30
0000014292,2037,9000000005,00000000002020,M,,,30
0000014292,2037,9000000006,00000000002020,M,,,30
0000014292,2037,9000000007,00000000002020,M,,,30
0000014292,2037,9000000009,00000000002020,M,,,15
0000014292,2037,9000000010,00000000002020,M,,,30
0000014292,2037,9000000011,00000000002020,M,,,30
0000014292,2037,9000000012,00000000002020,M,,,54
0000014292,2038,9000000004,00000000002020,M,,,30
0000014292,2038,9000000005,00000000002020,M,,,30
0000014292,2038,9000000006,00000000002020,M,,,30
0000014292,2038,9000000007,00000000002020,M,,,30
0000014292,2038,9000000009,00000000002020,M,,,15
0000014292,2038,9000000010,00000000002020,M,,,30
0000014292,2038,9000000011,00000000002020,M,,,30
0000014292,2038,9000000012,00000000002020,M,,,54
0000014292,2039,9000000004,00000000002020,M,,,30
0000014292,2039,9000000005,00000000002020,M,,,30
0000014292,2039,9000000006,00000000002020,M,,,30
0000014292,2039,9000000007,00000000002020,M,,,30
0000014292,2039,9000000009,00000000002020,M,,,15
0000014292,2039,9000000010,00000000002020,M,,,30
0000014292,2039,9000000011,00000000002020,M,,,30
0000014292,2039,9000000012,00000000002020,M,,,58
0000014292,2040,9000000004,00000000002020,M,,,30
0000014292,2040,9000000005,00000000002020,M,,,30
0000014292,2040,9000000006,00000000002020,M,,,30
0000014292,2040,9000000007,00000000002020,M,,,30
0000014292,2040,9000000009,00000000002020,M,,,15
0000014292,2040,9000000010,00000000002020,M,,,30
0000014292,2040,9000000011,00000000002020,M,,,30
0000014292,2040,9000000012,00000000002020,M,,,63
0000014293,2028,9000000006,00000000002020,M,,,0
0000014293,2028,9000000009,00000000002020,M,,,45
0000014293,2028,9000000011,00000000002020,M,,,30
0000014293,2028,9000000011,00000000002020,M,,,90
0000014293,2028,9000000012,00000000002020,M,,,295
0000014293,2029,9000000009,00000000002020,M,,,60
0000014293,2029,9000000011,00000000002020,M,,,120
0000014293,2029,9000000012,00000000002020,M,,,366
0000014293,2030,9000000006,00000000002020,M,,,30
0000014293,2030,9000000007,00000000002020,M,,,30
0000014293,2030,9000000009,00000000002020,M,,,15
0000014293,2030,9000000011,00000000002020,M,,,30
0000014293,2030,9000000012,00000000002020,M,,,74
0000014293,2031,9000000006,00000000002020,M,,,30
0000014293,2031,9000000007,00000000002020,M,,,30
0000014293,2031,9000000009,00000000002020,M,,,15
0000014293,2031,9000000011,00000000002020,M,,,30
0000014293,2031,9000000012,00000000002020,M,,,70
0000014293,2032,9000000006,00000000002020,M,,,30
0000014293,2032,9000000007,00000000002020,M,,,30
0000014293,2032,9000000009,00000000002020,M,,,15
0000014293,2032,9000000011,00000000002020,M,,,30
0000014293,2032,9000000012,00000000002020,M,,,70
0000014293,2033,9000000006,00000000002020,M,,,30
0000014293,2033,9000000007,00000000002020,M,,,30
0000014293,2033,9000000009,00000000002020,M,,,15
0000014293,2033,9000000011,00000000002020,M,,,30
0000014293,2033,9000000012,00000000002020,M,,,68
0000014293,2034,9000000006,00000000002020,M,,,30
0000014293,2034,9000000007,00000000002020,M,,,30
0000014293,2034,9000000009,00000000002020,M,,,15
0000014293,2034,9000000011,00000000002020,M,,,30
0000014293,2034,9000000012,00000000002020,M,,,63
0000014293,2035,9000000006,00000000002020,M,,,30
0000014293,2035,9000000007,00000000002020,M,,,30
0000014293,2035,9000000009,00000000002020,M,,,15
0000014293,2035,9000000011,00000000002020,M,,,30
0000014293,2035,9000000012,00000000002020,M,,,56
0000014293,2036,9000000006,00000000002020,M,,,30
0000014293,2036,9000000007,00000000002020,M,,,30
0000014293,2036,9000000009,00000000002020,M,,,15
0000014293,2036,9000000011,00000000002020,M,,,30
0000014293,2036,9000000012,00000000002020,M,,,54
0000014293,2037,9000000006,00000000002020,M,,,30
0000014293,2037,9000000007,00000000002020,M,,,30
0000014293,2037,9000000009,00000000002020,M,,,15
0000014293,2037,9000000011,00000000002020,M,,,30
0000014293,2037,9000000012,00000000002020,M,,,54
0000014293,2038,9000000006,00000000002020,M,,,30
0000014293,2038,9000000007,00000000002020,M,,,30
0000014293,2038,9000000009,00000000002020,M,,,15
0000014293,2038,9000000011,00000000002020,M,,,30
0000014293,2038,9000000012,00000000002020,M,,,54
0000014293,2039,9000000006,00000000002020,M,,,30
0000014293,2039,9000000007,00000000002020,M,,,30
0000014293,2039,9000000009,00000000002020,M,,,15
0000014293,2039,9000000011,00000000002020,M,,,30
0000014293,2039,9000000012,00000000002020,M,,,58
0000014293,2040,9000000006,00000000002020,M,,,30
0000014293,2040,9000000007,00000000002020,M,,,30
0000014293,2040,9000000009,00000000002020,M,,,15
0000014293,2040,9000000011,00000000002020,M,,,30
0000014293,2040,9000000012,00000000002020,M,,,63
0000014294,2028,9000000005,00000000002020,M,,,180
0000014294,2028,9000000006,00000000002020,M,,,0
0000014294,2028,9000000009,00000000002020,M,,,45
0000014294,2028,9000000011,00000000002020,M,,,30
0000014294,2028,9000000011,00000000002020,M,,,90
0000014294,2028,9000000012,00000000002020,M,,,295
0000014294,2029,9000000005,00000000002020,M,,,240
0000014294,2029,9000000009,00000000002020,M,,,60
0000014294,2029,9000000011,00000000002020,M,,,120
0000014294,2029,9000000012,00000000002020,M,,,366
0000014294,2030,9000000005,00000000002020,M,,,60
0000014294,2030,9000000006,00000000002020,M,,,30
0000014294,2030,9000000007,00000000002020,M,,,30
0000014294,2030,9000000009,00000000002020,M,,,15
0000014294,2030,9000000011,00000000002020,M,,,30
0000014294,2030,9000000012,00000000002020,M,,,74
0000014294,2031,9000000005,00000000002020,M,,,60
0000014294,2031,9000000006,00000000002020,M,,,30
0000014294,2031,9000000007,00000000002020,M,,,30
0000014294,2031,9000000009,00000000002020,M,,,15
0000014294,2031,9000000011,00000000002020,M,,,30
0000014294,2031,9000000012,00000000002020,M,,,70
0000014294,2032,9000000005,00000000002020,M,,,60
0000014294,2032,9000000006,00000000002020,M,,,30
0000014294,2032,9000000007,00000000002020,M,,,30
0000014294,2032,9000000009,00000000002020,M,,,15
0000014294,2032,9000000011,00000000002020,M,,,30
0000014294,2032,9000000012,00000000002020,M,,,70
0000014294,2033,9000000005,00000000002020,M,,,60
0000014294,2033,9000000006,00000000002020,M,,,30
0000014294,2033,9000000007,00000000002020,M,,,30
0000014294,2033,9000000009,00000000002020,M,,,15
0000014294,2033,9000000011,00000000002020,M,,,30
0000014294,2033,9000000012,00000000002020,M,,,68
0000014294,2034,9000000005,00000000002020,M,,,60
0000014294,2034,9000000006,00000000002020,M,,,30
0000014294,2034,9000000007,00000000002020,M,,,30
0000014294,2034,9000000009,00000000002020,M,,,15
0000014294,2034,9000000011,00000000002020,M,,,30
0000014294,2034,9000000012,00000000002020,M,,,63
0000014294,2035,9000000005,00000000002020,M,,,60
0000014294,2035,9000000006,00000000002020,M,,,30
0000014294,2035,9000000007,00000000002020,M,,,30
0000014294,2035,9000000009,00000000002020,M,,,15
0000014294,2035,9000000011,00000000002020,M,,,30
0000014294,2035,9000000012,00000000002020,M,,,56
0000014294,2036,9000000005,00000000002020,M,,,60
0000014294,2036,9000000006,00000000002020,M,,,30
0000014294,2036,9000000007,00000000002020,M,,,30
0000014294,2036,9000000009,00000000002020,M,,,15
0000014294,2036,9000000011,00000000002020,M,,,30
0000014294,2036,9000000012,00000000002020,M,,,54
0000014294,2037,9000000005,00000000002020,M,,,60
0000014294,2037,9000000006,00000000002020,M,,,30
0000014294,2037,9000000007,00000000002020,M,,,30
0000014294,2037,9000000009,00000000002020,M,,,15
0000014294,2037,9000000011,00000000002020,M,,,30
0000014294,2037,9000000012,00000000002020,M,,,54
0000014294,2038,9000000005,00000000002020,M,,,60
0000014294,2038,9000000006,00000000002020,M,,,30
0000014294,2038,9000000007,00000000002020,M,,,30
0000014294,2038,9000000009,00000000002020,M,,,15
0000014294,2038,9000000011,00000000002020,M,,,30
0000014294,2038,9000000012,00000000002020,M,,,54
0000014294,2039,9000000005,00000000002020,M,,,60
0000014294,2039,9000000006,00000000002020,M,,,30
0000014294,2039,9000000007,00000000002020,M,,,30
0000014294,2039,9000000009,00000000002020,M,,,15
0000014294,2039,9000000011,00000000002020,M,,,30
0000014294,2039,9000000012,00000000002020,M,,,58
0000014294,2040,9000000005,00000000002020,M,,,60
0000014294,2040,9000000006,00000000002020,M,,,30
0000014294,2040,9000000007,00000000002020,M,,,30
0000014294,2040,9000000009,00000000002020,M,,,15
0000014294,2040,9000000011,00000000002020,M,,,30
0000014294,2040,9000000012,00000000002020,M,,,63
0000014295,2028,9000000006,00000000002020,M,,,0
0000014295,2028,9000000011,00000000002020,M,,,30
0000014295,2028,9000000012,00000000002020,M,,,295
0000014295,2029,9000000012,00000000002020,M,,,366
0000014295,2030,9000000006,00000000002020,M,,,30
0000014295,2030,9000000007,00000000002020,M,,,30
0000014295,2030,9000000012,00000000002020,M,,,74
0000014295,2031,9000000006,00000000002020,M,,,30
0000014295,2031,9000000007,00000000002020,M,,,30
0000014295,2031,9000000012,00000000002020,M,,,70
0000014295,2032,9000000006,00000000002020,M,,,30
0000014295,2032,9000000007,00000000002020,M,,,30
0000014295,2032,9000000012,00000000002020,M,,,70
0000014295,2033,9000000006,00000000002020,M,,,30
0000014295,2033,9000000007,00000000002020,M,,,30
0000014295,2033,9000000012,00000000002020,M,,,68
0000014295,2034,9000000006,00000000002020,M,,,30
0000014295,2034,9000000007,00000000002020,M,,,30
0000014295,2034,9000000012,00000000002020,M,,,63
0000014295,2035,9000000006,00000000002020,M,,,30
0000014295,2035,9000000007,00000000002020,M,,,30
0000014295,2035,9000000012,00000000002020,M,,,56
0000014295,2036,9000000006,00000000002020,M,,,30
0000014295,2036,9000000007,00000000002020,M,,,30
0000014295,2036,9000000012,00000000002020,M,,,54
0000014295,2037,9000000006,00000000002020,M,,,30
0000014295,2037,9000000007,00000000002020,M,,,30
0000014295,2037,9000000012,00000000002020,M,,,54
0000014295,2038,9000000006,00000000002020,M,,,30
0000014295,2038,9000000007,00000000002020,M,,,30
0000014295,2038,9000000012,00000000002020,M,,,54
0000014295,2039,9000000006,00000000002020,M,,,30
0000014295,2039,9000000007,00000000002020,M,,,30
0000014295,2039,9000000012,00000000002020,M,,,58
0000014295,2040,9000000006,00000000002020,M,,,30
0000014295,2040,9000000007,00000000002020,M,,,30
0000014295,2040,9000000012,00000000002020,M,,,63
0000014296,2028,9000000006,00000000002020,M,,,0
0000014296,2028,9000000011,00000000002020,M,,,30
0000014296,2028,9000000011,00000000002020,M,,,90
0000014296,2028,9000000012,00000000002020,M,,,295
0000014296,2029,9000000011,00000000002020,M,,,120
0000014296,2029,9000000012,00000000002020,M,,,366
0000014296,2030,9000000006,00000000002020,M,,,30
0000014296,2030,9000000007,00000000002020,M,,,30
0000014296,2030,9000000011,00000000002020,M,,,30
0000014296,2030,9000000012,00000000002020,M,,,74
0000014296,2031,9000000006,00000000002020,M,,,30
0000014296,2031,9000000007,00000000002020,M,,,30
0000014296,2031,9000000011,00000000002020,M,,,30
0000014296,2031,9000000012,00000000002020,M,,,70
0000014296,2032,9000000006,00000000002020,M,,,30
0000014296,2032,9000000007,00000000002020,M,,,30
0000014296,2032,9000000011,00000000002020,M,,,30
0000014296,2032,9000000012,00000000002020,M,,,70
0000014296,2033,9000000006,00000000002020,M,,,30
0000014296,2033,9000000007,00000000002020,M,,,30
0000014296,2033,9000000011,00000000002020,M,,,30
0000014296,2033,9000000012,00000000002020,M,,,68
0000014296,2034,9000000006,00000000002020,M,,,30
0000014296,2034,9000000007,00000000002020,M,,,30
0000014296,2034,9000000011,00000000002020,M,,,30
0000014296,2034,9000000012,00000000002020,M,,,63
0000014296,2035,9000000006,00000000002020,M,,,30
0000014296,2035,9000000007,00000000002020,M,,,30
0000014296,2035,9000000011,00000000002020,M,,,30
0000014296,2035,9000000012,00000000002020,M,,,56
0000014296,2036,9000000006,00000000002020,M,,,30
0000014296,2036,9000000007,00000000002020,M,,,30
0000014296,2036,9000000011,00000000002020,M,,,30
0000014296,2036,9000000012,00000000002020,M,,,54
0000014296,2037,9000000006,00000000002020,M,,,30
0000014296,2037,9000000007,00000000002020,M,,,30
0000014296,2037,9000000011,00000000002020,M,,,30
0000014296,2037,9000000012,00000000002020,M,,,54
0000014296,2038,9000000006,00000000002020,M,,,30
0000014296,2038,9000000007,00000000002020,M,,,30
0000014296,2038,9000000011,00000000002020,M,,,30
0000014296,2038,9000000012,00000000002020,M,,,54
0000014296,2039,9000000006,00000000002020,M,,,30
0000014296,2039,9000000007,00000000002020,M,,,30
0000014296,2039,9000000011,00000000002020,M,,,30
0000014296,2039,9000000012,00000000002020,M,,,58
0000014296,2040,9000000006,00000000002020,M,,,30
0000014296,2040,9000000007,00000000002020,M,,,30
0000014296,2040,9000000011,00000000002020,M,,,30
0000014296,2040,9000000012,00000000002020,M,,,63
0000014297,2028,9000000006,00000000002020,M,,,0
0000014297,2028,9000000011,00000000002020,M,,,30
0000014297,2028,9000000011,00000000002020,M,,,90
0000014297,2028,9000000012,00000000002020,M,,,295
0000014297,2029,9000000011,00000000002020,M,,,120
0000014297,2029,9000000012,00000000002020,M,,,366
0000014297,2030,9000000006,00000000002020,M,,,30
0000014297,2030,9000000007,00000000002020,M,,,30
0000014297,2030,9000000011,00000000002020,M,,,30
0000014297,2030,9000000012,00000000002020,M,,,74
0000014297,2031,9000000006,00000000002020,M,,,30
0000014297,2031,9000000007,00000000002020,M,,,30
0000014297,2031,9000000011,00000000002020,M,,,30
0000014297,2031,9000000012,00000000002020,M,,,70
0000014297,2032,9000000006,00000000002020,M,,,30
0000014297,2032,9000000007,00000000002020,M,,,30
0000014297,2032,9000000011,00000000002020,M,,,30
0000014297,2032,9000000012,00000000002020,M,,,70
0000014297,2033,9000000006,00000000002020,M,,,30
0000014297,2033,9000000007,00000000002020,M,,,30
0000014297,2033,9000000011,00000000002020,M,,,30
0000014297,2033,9000000012,00000000002020,M,,,68
0000014297,2034,9000000006,00000000002020,M,,,30
0000014297,2034,9000000007,00000000002020,M,,,30
0000014297,2034,9000000011,00000000002020,M,,,30
0000014297,2034,9000000012,00000000002020,M,,,63
0000014297,2035,9000000006,00000000002020,M,,,30
0000014297,2035,9000000007,00000000002020,M,,,30
0000014297,2035,9000000011,00000000002020,M,,,30
0000014297,2035,9000000012,00000000002020,M,,,56
0000014297,2036,9000000006,00000000002020,M,,,30
0000014297,2036,9000000007,00000000002020,M,,,30
0000014297,2036,9000000011,00000000002020,M,,,30
0000014297,2036,9000000012,00000000002020,M,,,54
0000014297,2037,9000000006,00000000002020,M,,,30
0000014297,2037,9000000007,00000000002020,M,,,30
0000014297,2037,9000000011,00000000002020,M,,,30
0000014297,2037,9000000012,00000000002020,M,,,54
0000014297,2038,9000000006,00000000002020,M,,,30
0000014297,2038,9000000007,00000000002020,M,,,30
0000014297,2038,9000000011,00000000002020,M,,,30
0000014297,2038,9000000012,00000000002020,M,,,54
0000014297,2039,9000000006,00000000002020,M,,,30
0000014297,2039,9000000007,00000000002020,M,,,30
0000014297,2039,9000000011,00000000002020,M,,,30
0000014297,2039,9000000012,00000000002020,M,,,58
0000014297,2040,9000000006,00000000002020,M,,,30
0000014297,2040,9000000007,00000000002020,M,,,30
0000014297,2040,9000000011,00000000002020,M,,,30
0000014297,2040,9000000012,00000000002020,M,,,63
0000014298,2028,9000000006,00000000002020,M,,,0
0000014298,2028,9000000011,00000000002020,M,,,60
0000014298,2028,9000000011,00000000002020,M,,,216
0000014298,2028,9000000012,00000000002020,M,,,287
0000014298,2029,9000000011,00000000002020,M,,,288
0000014298,2029,9000000012,00000000002020,M,,,370
0000014298,2030,9000000006,00000000002020,M,,,30
0000014298,2030,9000000011,00000000002020,M,,,60
0000014298,2030,9000000012,00000000002020,M,,,83
0000014298,2031,9000000006,00000000002020,M,,,30
0000014298,2031,9000000011,00000000002020,M,,,60
0000014298,2031,9000000012,00000000002020,M,,,82
0000014298,2032,9000000006,00000000002020,M,,,30
0000014298,2032,9000000011,00000000002020,M,,,60
0000014298,2032,9000000012,00000000002020,M,,,81
0000014298,2033,9000000006,00000000002020,M,,,30
0000014298,2033,9000000011,00000000002020,M,,,60
0000014298,2033,9000000012,00000000002020,M,,,80
0000014298,2034,9000000006,00000000002020,M,,,30
0000014298,2034,9000000011,00000000002020,M,,,60
0000014298,2034,9000000012,00000000002020,M,,,74
0000014298,2035,9000000006,00000000002020,M,,,30
0000014298,2035,9000000011,00000000002020,M,,,60
0000014298,2035,9000000012,00000000002020,M,,,71
0000014298,2036,9000000006,00000000002020,M,,,30
0000014298,2036,9000000011,00000000002020,M,,,60
0000014298,2036,9000000012,00000000002020,M,,,72
0000014298,2037,9000000006,00000000002020,M,,,30
0000014298,2037,9000000011,00000000002020,M,,,60
0000014298,2037,9000000012,00000000002020,M,,,77
0000014298,2038,9000000006,00000000002020,M,,,30
0000014298,2038,9000000011,00000000002020,M,,,60
0000014298,2038,9000000012,00000000002020,M,,,77
0000014298,2039,9000000006,00000000002020,M,,,30
0000014298,2039,9000000011,00000000002020,M,,,60
0000014298,2039,9000000012,00000000002020,M,,,78
0000014298,2040,9000000006,00000000002020,M,,,30
0000014298,2040,9000000011,00000000002020,M,,,60
0000014298,2040,9000000012,00000000002020,M,,,91
0000014299,2028,9000000006,00000000002020,M,,,0
0000014299,2028,9000000011,00000000002020,M,,,60
0000014299,2028,9000000012,00000000002020,M,,,287
0000014299,2029,9000000012,00000000002020,M,,,370
0000014299,2030,9000000006,00000000002020,M,,,30
0000014299,2030,9000000012,00000000002020,M,,,83
0000014299,2031,9000000006,00000000002020,M,,,30
0000014299,2031,9000000012,00000000002020,M,,,82
0000014299,2032,9000000006,00000000002020,M,,,30
0000014299,2032,9000000012,00000000002020,M,,,81
0000014299,2033,9000000006,00000000002020,M,,,30
0000014299,2033,9000000012,00000000002020,M,,,80
0000014299,2034,9000000006,00000000002020,M,,,30
0000014299,2034,9000000012,00000000002020,M,,,74
0000014299,2035,9000000006,00000000002020,M,,,30
0000014299,2035,9000000012,00000000002020,M,,,71
0000014299,2036,9000000006,00000000002020,M,,,30
0000014299,2036,9000000012,00000000002020,M,,,72
0000014299,2037,9000000006,00000000002020,M,,,30
0000014299,2037,9000000012,00000000002020,M,,,77
0000014299,2038,9000000006,00000000002020,M,,,30
0000014299,2038,9000000012,00000000002020,M,,,77
0000014299,2039,9000000006,00000000002020,M,,,30
0000014299,2039,9000000012,00000000002020,M,,,78
0000014299,2040,9000000006,00000000002020,M,,,30
0000014299,2040,9000000012,00000000002020,M,,,91
0000014300,2028,9000000006,00000000002020,M,,,0
0000014300,2028,9000000009,00000000002020,M,,,90
0000014300,2028,9000000011,00000000002020,M,,,60
0000014300,2028,9000000012,00000000002020,M,,,287
0000014300,2029,9000000009,00000000002020,M,,,120
0000014300,2029,9000000012,00000000002020,M,,,370
0000014300,2030,9000000006,00000000002020,M,,,30
0000014300,2030,9000000012,00000000002020,M,,,83
0000014300,2031,9000000006,00000000002020,M,,,30
0000014300,2031,9000000012,00000000002020,M,,,82
0000014300,2032,9000000006,00000000002020,M,,,30
0000014300,2032,9000000012,00000000002020,M,,,81
0000014300,2033,9000000006,00000000002020,M,,,30
0000014300,2033,9000000012,00000000002020,M,,,80
0000014300,2034,9000000006,00000000002020,M,,,30
0000014300,2034,9000000012,00000000002020,M,,,74
0000014300,2035,9000000006,00000000002020,M,,,30
0000014300,2035,9000000012,00000000002020,M,,,71
0000014300,2036,9000000006,00000000002020,M,,,30
0000014300,2036,9000000012,00000000002020,M,,,72
0000014300,2037,9000000006,00000000002020,M,,,30
0000014300,2037,9000000012,00000000002020,M,,,77
0000014300,2038,9000000006,00000000002020,M,,,30
0000014300,2038,9000000012,00000000002020,M,,,77
0000014300,2039,9000000006,00000000002020,M,,,30
0000014300,2039,9000000012,00000000002020,M,,,78
0000014300,2040,9000000006,00000000002020,M,,,30
0000014300,2040,9000000012,00000000002020,M,,,91
0000014301,2028,9000000006,00000000002020,M,,,0
0000014301,2028,9000000011,00000000002020,M,,,60
0000014301,2028,9000000011,00000000002020,M,,,216
0000014301,2028,9000000012,00000000002020,M,,,287
0000014301,2029,9000000011,00000000002020,M,,,288
0000014301,2029,9000000012,00000000002020,M,,,370
0000014301,2030,9000000011,00000000002020,M,,,60
0000014301,2030,9000000012,00000000002020,M,,,83
0000014301,2031,9000000011,00000000002020,M,,,60
0000014301,2031,9000000012,00000000002020,M,,,82
0000014301,2032,9000000011,00000000002020,M,,,60
0000014301,2032,9000000012,00000000002020,M,,,81
0000014301,2033,9000000011,00000000002020,M,,,60
0000014301,2033,9000000012,00000000002020,M,,,80
0000014301,2034,9000000011,00000000002020,M,,,60
0000014301,2034,9000000012,00000000002020,M,,,74
0000014301,2035,9000000011,00000000002020,M,,,60
0000014301,2035,9000000012,00000000002020,M,,,71
0000014301,2036,9000000011,00000000002020,M,,,60
0000014301,2036,9000000012,00000000002020,M,,,72
0000014301,2037,9000000011,00000000002020,M,,,60
0000014301,2037,9000000012,00000000002020,M,,,77
0000014301,2038,9000000011,00000000002020,M,,,60
0000014301,2038,9000000012,00000000002020,M,,,77
0000014301,2039,9000000011,00000000002020,M,,,60
0000014301,2039,9000000012,00000000002020,M,,,78
0000014301,2040,9000000011,00000000002020,M,,,60
0000014301,2040,9000000012,00000000002020,M,,,91
0000014302,2028,9000000004,00000000002020,M,,,90
0000014302,2028,9000000005,00000000002020,M,,,180
0000014302,2028,9000000006,00000000002020,M,,,0
0000014302,2028,9000000009,00000000002020,M,,,90
0000014302,2028,9000000010,00000000002020,M,,,100
0000014302,2028,9000000010,00000000002020,M,,,270
0000014302,2028,9000000011,00000000002020,M,,,60
0000014302,2028,9000000011,00000000002020,M,,,216
0000014302,2028,9000000012,00000000002020,M,,,287
0000014302,2029,9000000004,00000000002020,M,,,120
0000014302,2029,9000000005,00000000002020,M,,,240
0000014302,2029,9000000009,00000000002020,M,,,120
0000014302,2029,9000000010,00000000002020,M,,,360
0000014302,2029,9000000011,00000000002020,M,,,288
0000014302,2029,9000000012,00000000002020,M,,,370
0000014302,2030,9000000004,00000000002020,M,,,30
0000014302,2030,9000000005,00000000002020,M,,,60
0000014302,2030,9000000006,00000000002020,M,,,60
0000014302,2030,9000000007,00000000002020,M,,,60
0000014302,2030,9000000009,00000000002020,M,,,60
0000014302,2030,9000000010,00000000002020,M,,,90
0000014302,2030,9000000011,00000000002020,M,,,60
0000014302,2030,9000000012,00000000002020,M,,,83
0000014302,2031,9000000004,00000000002020,M,,,30
0000014302,2031,9000000005,00000000002020,M,,,60
0000014302,2031,9000000006,00000000002020,M,,,60
0000014302,2031,9000000007,00000000002020,M,,,60
0000014302,2031,9000000009,00000000002020,M,,,60
0000014302,2031,9000000010,00000000002020,M,,,90
0000014302,2031,9000000011,00000000002020,M,,,60
0000014302,2031,9000000012,00000000002020,M,,,82
0000014302,2032,9000000004,00000000002020,M,,,30
0000014302,2032,9000000005,00000000002020,M,,,60
0000014302,2032,9000000006,00000000002020,M,,,60
0000014302,2032,9000000007,00000000002020,M,,,60
0000014302,2032,9000000009,00000000002020,M,,,60
0000014302,2032,9000000010,00000000002020,M,,,90
0000014302,2032,9000000011,00000000002020,M,,,60
0000014302,2032,9000000012,00000000002020,M,,,81
0000014302,2033,9000000004,00000000002020,M,,,30
0000014302,2033,9000000005,00000000002020,M,,,60
0000014302,2033,9000000006,00000000002020,M,,,60
0000014302,2033,9000000007,00000000002020,M,,,60
0000014302,2033,9000000009,00000000002020,M,,,60
0000014302,2033,9000000010,00000000002020,M,,,90
0000014302,2033,9000000011,00000000002020,M,,,60
0000014302,2033,9000000012,00000000002020,M,,,80
0000014302,2034,9000000004,00000000002020,M,,,30
0000014302,2034,9000000005,00000000002020,M,,,60
0000014302,2034,9000000006,00000000002020,M,,,60
0000014302,2034,9000000007,00000000002020,M,,,60
0000014302,2034,9000000009,00000000002020,M,,,60
0000014302,2034,9000000010,00000000002020,M,,,90
0000014302,2034,9000000011,00000000002020,M,,,60
0000014302,2034,9000000012,00000000002020,M,,,74
0000014302,2035,9000000004,00000000002020,M,,,30
0000014302,2035,9000000005,00000000002020,M,,,60
0000014302,2035,9000000006,00000000002020,M,,,60
0000014302,2035,9000000007,00000000002020,M,,,60
0000014302,2035,9000000009,00000000002020,M,,,60
0000014302,2035,9000000010,00000000002020,M,,,90
0000014302,2035,9000000011,00000000002020,M,,,60
0000014302,2035,9000000012,00000000002020,M,,,71
0000014302,2036,9000000004,00000000002020,M,,,30
0000014302,2036,9000000005,00000000002020,M,,,60
0000014302,2036,9000000006,00000000002020,M,,,60
0000014302,2036,9000000007,00000000002020,M,,,60
0000014302,2036,9000000009,00000000002020,M,,,60
0000014302,2036,9000000010,00000000002020,M,,,90
0000014302,2036,9000000011,00000000002020,M,,,60
0000014302,2036,9000000012,00000000002020,M,,,72
0000014302,2037,9000000004,00000000002020,M,,,30
0000014302,2037,9000000005,00000000002020,M,,,60
0000014302,2037,9000000006,00000000002020,M,,,60
0000014302,2037,9000000007,00000000002020,M,,,60
0000014302,2037,9000000009,00000000002020,M,,,60
0000014302,2037,9000000010,00000000002020,M,,,90
0000014302,2037,9000000011,00000000002020,M,,,60
0000014302,2037,9000000012,00000000002020,M,,,77
0000014302,2038,9000000004,00000000002020,M,,,30
0000014302,2038,9000000005,00000000002020,M,,,60
0000014302,2038,9000000006,00000000002020,M,,,60
0000014302,2038,9000000007,00000000002020,M,,,60
0000014302,2038,9000000009,00000000002020,M,,,60
0000014302,2038,9000000010,00000000002020,M,,,90
0000014302,2038,9000000011,00000000002020,M,,,60
0000014302,2038,9000000012,00000000002020,M,,,77
0000014302,2039,9000000004,00000000002020,M,,,30
0000014302,2039,9000000005,00000000002020,M,,,60
0000014302,2039,9000000006,00000000002020,M,,,60
0000014302,2039,9000000007,00000000002020,M,,,60
0000014302,2039,9000000009,00000000002020,M,,,60
0000014302,2039,9000000010,00000000002020,M,,,90
0000014302,2039,9000000011,00000000002020,M,,,60
0000014302,2039,9000000012,00000000002020,M,,,78
0000014302,2040,9000000004,00000000002020,M,,,30
0000014302,2040,9000000005,00000000002020,M,,,60
0000014302,2040,9000000006,00000000002020,M,,,60
0000014302,2040,9000000007,00000000002020,M,,,60
0000014302,2040,9000000009,00000000002020,M,,,60
0000014302,2040,9000000010,00000000002020,M,,,90
0000014302,2040,9000000011,00000000002020,M,,,60
0000014302,2040,9000000012,00000000002020,M,,,91
0000014303,2028,9000000011,00000000002020,M,,,2
0000014346,2028,9000000003,00000000002020,M,,,-1
0000014346,2028,9000000003,00000000002020,M,,,-3
0000014346,2029,9000000003,00000000002020,M,,,-4
0000014346,2030,9000000003,00000000002020,M,,,-4
0000014346,2031,9000000003,00000000002020,M,,,-3
0000014346,2032,9000000003,00000000002020,M,,,-3
0000014346,2033,9000000003,00000000002020,M,,,-3
0000014346,2034,9000000003,00000000002020,M,,,-3
0000014346,2035,9000000003,00000000002020,M,,,-2
0000014387,2028,9000000006,00000000002020,M,,,0
0000014387,2028,9000000011,00000000002020,M,,,30
0000014387,2028,9000000011,00000000002020,M,,,90
0000014387,2028,9000000012,00000000002020,M,,,308
0000014387,2029,9000000011,00000000002020,M,,,120
0000014387,2029,9000000012,00000000002020,M,,,338
0000014387,2030,9000000006,00000000002020,M,,,30
0000014387,2030,9000000007,00000000002020,M,,,30
0000014387,2030,9000000011,00000000002020,M,,,30
0000014387,2031,9000000006,00000000002020,M,,,30
0000014387,2031,9000000007,00000000002020,M,,,30
0000014387,2031,9000000011,00000000002020,M,,,30
0000014387,2032,9000000006,00000000002020,M,,,30
0000014387,2032,9000000007,00000000002020,M,,,30
0000014387,2032,9000000011,00000000002020,M,,,30
0000014387,2033,9000000006,00000000002020,M,,,30
0000014387,2033,9000000007,00000000002020,M,,,30
0000014387,2033,9000000011,00000000002020,M,,,30
0000014387,2034,9000000006,00000000002020,M,,,30
0000014387,2034,9000000007,00000000002020,M,,,30
0000014387,2034,9000000011,00000000002020,M,,,30
0000014387,2035,9000000006,00000000002020,M,,,30
0000014387,2035,9000000007,00000000002020,M,,,30
0000014387,2035,9000000011,00000000002020,M,,,30
0000014387,2036,9000000006,00000000002020,M,,,30
0000014387,2036,9000000007,00000000002020,M,,,30
0000014387,2036,9000000011,00000000002020,M,,,30
0000014387,2037,9000000006,00000000002020,M,,,30
0000014387,2037,9000000007,00000000002020,M,,,30
0000014387,2037,9000000011,00000000002020,M,,,30
0000014387,2038,9000000006,00000000002020,M,,,30
0000014387,2038,9000000007,00000000002020,M,,,30
0000014387,2038,9000000011,00000000002020,M,,,30
0000014387,2039,9000000006,00000000002020,M,,,30
0000014387,2039,9000000007,00000000002020,M,,,30
0000014387,2039,9000000011,00000000002020,M,,,30
0000014387,2040,9000000006,00000000002020,M,,,30
0000014387,2040,9000000007,00000000002020,M,,,30
0000014387,2040,9000000011,00000000002020,M,,,30
0000014411,2028,9000000003,00000000002020,M,,,-1
0000014411,2028,9000000003,00000000002020,M,,,-3
0000014411,2029,9000000003,00000000002020,M,,,-4
0000014411,2030,9000000003,00000000002020,M,,,-4
0000014411,2031,9000000003,00000000002020,M,,,-3
0000014411,2032,9000000003,00000000002020,M,,,-3
0000014411,2033,9000000003,00000000002020,M,,,-3
0000014411,2034,9000000003,00000000002020,M,,,-3
0000014411,2035,9000000003,00000000002020,M,,,-2
0000014425,2028,9000000004,00000000002020,M,,,-16
0000014425,2028,9000000004,00000000002020,M,,,53
0000014425,2028,9000000005,00000000002020,M,,,-10
0000014425,2028,9000000005,00000000002020,M,,,-4
0000014425,2028,9000000006,00000000002020,M,,,4
0000014425,2028,9000000006,00000000002020,M,,,40
0000014425,2028,9000000007,00000000002020,M,,,48
0000014425,2028,9000000007,00000000002020,M,,,-20
0000014425,2028,9000000011,00000000002020,M,,,-17
0000014425,2028,9000000011,00000000002020,M,,,7
0000014425,2029,9000000004,00000000002020,M,,,-2
0000014425,2029,9000000005,00000000002020,M,,,2
0000014425,2029,9000000006,00000000002020,M,,,-20
0000014425,2029,9000000011,00000000002020,M,,,8
0000014500,2028,9000000006,00000000002020,M,,,191
0000014500,2028,9000000007,00000000002020,M,,,44
0000014500,2028,9000000010,00000000002020,M,,,307
0000014500,2028,9000000011,00000000002020,M,,,93
0000014500,2028,9000000012,00000000002020,M,,,0
0000014501,2028,9000000010,00000000002020,M,,,307
0000014504,2028,9000000011,00000000002020,M,,,3
0000014504,2028,9000000012,00000000002020,M,,,0
0000014506,2028,9000000005,00000000002020,M,,,59
0000014506,2028,9000000007,00000000002020,M,,,262
0000014506,2028,9000000011,00000000002020,M,,,2
0000014506,2028,9000000012,00000000002020,M,,,0
0000014508,2028,9000000003,00000000002020,M,,,-78
0000014508,2028,9000000004,00000000002020,M,,,-175
0000014508,2028,9000000005,00000000002020,M,,,-13
0000014508,2028,9000000006,00000000002020,M,,,-85
0000014508,2028,9000000007,00000000002020,M,,,-99
0000014508,2028,9000000009,00000000002020,M,,,-36
0000014508,2028,9000000011,00000000002020,M,,,-81
0000014551,2028,9000000003,00000000002020,M,,,-9
0000014551,2028,9000000003,00000000002020,M,,,-110
0000014551,2028,9000000004,00000000002020,M,,,-85
0000014551,2028,9000000004,00000000002020,M,,,-238
0000014551,2028,9000000005,00000000002020,M,,,-10
0000014551,2028,9000000005,00000000002020,M,,,-33
0000014551,2028,9000000006,00000000002020,M,,,0
0000014551,2028,9000000006,00000000002020,M,,,-15
0000014551,2028,9000000007,00000000002020,M,,,-19
0000014551,2028,9000000007,00000000002020,M,,,-79
0000014551,2028,9000000008,00000000002020,M,,,-26
0000014551,2028,9000000008,00000000002020,M,,,-75
0000014551,2028,9000000009,00000000002020,M,,,-1
0000014551,2028,9000000009,00000000002020,M,,,-2
0000014551,2028,9000000010,00000000002020,M,,,-137
0000014551,2028,9000000010,00000000002020,M,,,-442
0000014551,2028,9000000011,00000000002020,M,,,-6
0000014551,2028,9000000011,00000000002020,M,,,-4
0000014551,2028,9000000012,00000000002020,M,,,-56
0000014551,2028,9000000012,00000000002020,M,,,-197
0000014551,2029,9000000003,00000000002020,M,,,-203
0000014551,2029,9000000004,00000000002020,M,,,-344
0000014551,2029,9000000005,00000000002020,M,,,-45
0000014551,2029,9000000006,00000000002020,M,,,-5
0000014551,2029,9000000007,00000000002020,M,,,-119
0000014551,2029,9000000008,00000000002020,M,,,-191
0000014551,2029,9000000010,00000000002020,M,,,-615
0000014551,2029,9000000012,00000000002020,M,,,-56
0000014551,2030,9000000003,00000000002020,M,,,-59
0000014551,2030,9000000004,00000000002020,M,,,-308
0000014551,2030,9000000005,00000000002020,M,,,-28
0000014551,2030,9000000006,00000000002020,M,,,-1
0000014551,2030,9000000007,00000000002020,M,,,-160
0000014551,2030,9000000008,00000000002020,M,,,-81
0000014551,2030,9000000010,00000000002020,M,,,-751
0000014551,2030,9000000012,00000000002020,M,,,-23
0000014551,2031,9000000003,00000000002020,M,,,-81
0000014551,2031,9000000004,00000000002020,M,,,-261
0000014551,2031,9000000005,00000000002020,M,,,-51
0000014551,2031,9000000006,00000000002020,M,,,-1
0000014551,2031,9000000007,00000000002020,M,,,-162
0000014551,2031,9000000008,00000000002020,M,,,-99
0000014551,2031,9000000010,00000000002020,M,,,-849
0000014551,2031,9000000012,00000000002020,M,,,-21
0000014551,2032,9000000003,00000000002020,M,,,-46
0000014551,2032,9000000004,00000000002020,M,,,-258
0000014551,2032,9000000005,00000000002020,M,,,-88
0000014551,2032,9000000006,00000000002020,M,,,-1
0000014551,2032,9000000007,00000000002020,M,,,-93
0000014551,2032,9000000008,00000000002020,M,,,-159
0000014551,2032,9000000010,00000000002020,M,,,-920
0000014551,2032,9000000012,00000000002020,M,,,-21
0000014551,2033,9000000003,00000000002020,M,,,-21
0000014551,2033,9000000004,00000000002020,M,,,-286
0000014551,2033,9000000005,00000000002020,M,,,-119
0000014551,2033,9000000006,00000000002020,M,,,-1
0000014551,2033,9000000007,00000000002020,M,,,-84
0000014551,2033,9000000008,00000000002020,M,,,-79
0000014551,2033,9000000010,00000000002020,M,,,-1220
0000014551,2033,9000000012,00000000002020,M,,,-21
0000014551,2034,9000000003,00000000002020,M,,,-20
0000014551,2034,9000000004,00000000002020,M,,,-235
0000014551,2034,9000000005,00000000002020,M,,,-154
0000014551,2034,9000000006,00000000002020,M,,,-1
0000014551,2034,9000000007,00000000002020,M,,,-63
0000014551,2034,9000000008,00000000002020,M,,,-75
0000014551,2034,9000000010,00000000002020,M,,,-1473
0000014551,2034,9000000012,00000000002020,M,,,-21
0000014551,2035,9000000003,00000000002020,M,,,-20
0000014551,2035,9000000004,00000000002020,M,,,-225
0000014551,2035,9000000005,00000000002020,M,,,-122
0000014551,2035,9000000006,00000000002020,M,,,-1
0000014551,2035,9000000007,00000000002020,M,,,-51
0000014551,2035,9000000008,00000000002020,M,,,-75
0000014551,2035,9000000010,00000000002020,M,,,-1207
0000014551,2035,9000000012,00000000002020,M,,,-21
0000014551,2036,9000000003,00000000002020,M,,,-13
0000014551,2036,9000000004,00000000002020,M,,,-251
0000014551,2036,9000000005,00000000002020,M,,,-107
0000014551,2036,9000000006,00000000002020,M,,,-1
0000014551,2036,9000000007,00000000002020,M,,,-43
0000014551,2036,9000000008,00000000002020,M,,,-33
0000014551,2036,9000000010,00000000002020,M,,,-1084
0000014551,2036,9000000012,00000000002020,M,,,-21
0000014551,2037,9000000003,00000000002020,M,,,-3
0000014551,2037,9000000004,00000000002020,M,,,-265
0000014551,2037,9000000005,00000000002020,M,,,-36
0000014551,2037,9000000006,00000000002020,M,,,-1
0000014551,2037,9000000007,00000000002020,M,,,-12
0000014551,2037,9000000008,00000000002020,M,,,-33
0000014551,2037,9000000010,00000000002020,M,,,-1116
0000014551,2037,9000000012,00000000002020,M,,,-20
0000014551,2038,9000000003,00000000002020,M,,,-3
0000014551,2038,9000000004,00000000002020,M,,,-287
0000014551,2038,9000000005,00000000002020,M,,,-28
0000014551,2038,9000000007,00000000002020,M,,,-13
0000014551,2038,9000000008,00000000002020,M,,,-33
0000014551,2038,9000000010,00000000002020,M,,,-1001
0000014551,2038,9000000012,00000000002020,M,,,-20
0000014551,2039,9000000003,00000000002020,M,,,-1
0000014551,2039,9000000004,00000000002020,M,,,-251
0000014551,2039,9000000005,00000000002020,M,,,-29
0000014551,2039,9000000007,00000000002020,M,,,-12
0000014551,2039,9000000008,00000000002020,M,,,-33
0000014551,2039,9000000010,00000000002020,M,,,-1326
0000014551,2039,9000000012,00000000002020,M,,,-19
0000014551,2040,9000000003,00000000002020,M,,,-1
0000014551,2040,9000000004,00000000002020,M,,,-279
0000014551,2040,9000000005,00000000002020,M,,,-30
0000014551,2040,9000000007,00000000002020,M,,,-16
0000014551,2040,9000000010,00000000002020,M,,,-1099
0000014551,2040,9000000012,00000000002020,M,,,-19
0000014552,2028,9000000006,00000000002020,M,,,0
0000014553,2028,9000000003,00000000002020,M,,,-43
0000014553,2028,9000000003,00000000002020,M,,,-140
0000014553,2028,9000000004,00000000002020,M,,,-1538
0000014553,2028,9000000004,00000000002020,M,,,-199
0000014553,2028,9000000005,00000000002020,M,,,-21
0000014553,2028,9000000005,00000000002020,M,,,-25
0000014553,2028,9000000006,00000000002020,M,,,47
0000014553,2028,9000000006,00000000002020,M,,,-27
0000014553,2028,9000000007,00000000002020,M,,,-13
0000014553,2028,9000000007,00000000002020,M,,,-85
0000014553,2028,9000000008,00000000002020,M,,,-21
0000014553,2028,9000000008,00000000002020,M,,,-70
0000014553,2028,9000000009,00000000002020,M,,,4
0000014553,2028,9000000009,00000000002020,M,,,-10
0000014553,2028,9000000010,00000000002020,M,,,-25
0000014553,2028,9000000010,00000000002020,M,,,-415
0000014553,2028,9000000011,00000000002020,M,,,-13
0000014553,2028,9000000011,00000000002020,M,,,-6
0000014553,2028,9000000012,00000000002020,M,,,-56
0000014553,2028,9000000012,00000000002020,M,,,-103
0000014553,2029,9000000003,00000000002020,M,,,-203
0000014553,2029,9000000004,00000000002020,M,,,-332
0000014553,2029,9000000005,00000000002020,M,,,-41
0000014553,2029,9000000006,00000000002020,M,,,-9
0000014553,2029,9000000007,00000000002020,M,,,-131
0000014553,2029,9000000008,00000000002020,M,,,-206
0000014553,2029,9000000010,00000000002020,M,,,-605
0000014553,2029,9000000011,00000000002020,M,,,-1
0000014553,2029,9000000012,00000000002020,M,,,-143
0000014553,2030,9000000003,00000000002020,M,,,-59
0000014553,2030,9000000004,00000000002020,M,,,-313
0000014553,2030,9000000005,00000000002020,M,,,-34
0000014553,2030,9000000006,00000000002020,M,,,-16
0000014553,2030,9000000007,00000000002020,M,,,-121
0000014553,2030,9000000008,00000000002020,M,,,-65
0000014553,2030,9000000010,00000000002020,M,,,-717
0000014553,2030,9000000012,00000000002020,M,,,-23
0000014553,2031,9000000003,00000000002020,M,,,-81
0000014553,2031,9000000004,00000000002020,M,,,-268
0000014553,2031,9000000005,00000000002020,M,,,-46
0000014553,2031,9000000006,00000000002020,M,,,-1
0000014553,2031,9000000007,00000000002020,M,,,-161
0000014553,2031,9000000008,00000000002020,M,,,-89
0000014553,2031,9000000010,00000000002020,M,,,-825
0000014553,2031,9000000012,00000000002020,M,,,-22
0000014553,2032,9000000003,00000000002020,M,,,-46
0000014553,2032,9000000004,00000000002020,M,,,-259
0000014553,2032,9000000005,00000000002020,M,,,-80
0000014553,2032,9000000006,00000000002020,M,,,-1
0000014553,2032,9000000007,00000000002020,M,,,-110
0000014553,2032,9000000008,00000000002020,M,,,-126
0000014553,2032,9000000010,00000000002020,M,,,-903
0000014553,2032,9000000012,00000000002020,M,,,-21
0000014553,2033,9000000003,00000000002020,M,,,-21
0000014553,2033,9000000004,00000000002020,M,,,-282
0000014553,2033,9000000005,00000000002020,M,,,-112
0000014553,2033,9000000006,00000000002020,M,,,-1
0000014553,2033,9000000007,00000000002020,M,,,-86
0000014553,2033,9000000008,00000000002020,M,,,-123
0000014553,2033,9000000010,00000000002020,M,,,-1146
0000014553,2033,9000000012,00000000002020,M,,,-22
0000014553,2034,9000000003,00000000002020,M,,,-20
0000014553,2034,9000000004,00000000002020,M,,,-243
0000014553,2034,9000000005,00000000002020,M,,,-147
0000014553,2034,9000000006,00000000002020,M,,,-1
0000014553,2034,9000000007,00000000002020,M,,,-68
0000014553,2034,9000000008,00000000002020,M,,,-77
0000014553,2034,9000000010,00000000002020,M,,,-1411
0000014553,2034,9000000012,00000000002020,M,,,-22
0000014553,2035,9000000003,00000000002020,M,,,-20
0000014553,2035,9000000004,00000000002020,M,,,-226
0000014553,2035,9000000005,00000000002020,M,,,-129
0000014553,2035,9000000006,00000000002020,M,,,-1
0000014553,2035,9000000007,00000000002020,M,,,-54
0000014553,2035,9000000008,00000000002020,M,,,-75
0000014553,2035,9000000010,00000000002020,M,,,-1271
0000014553,2035,9000000012,00000000002020,M,,,-22
0000014553,2036,9000000003,00000000002020,M,,,-13
0000014553,2036,9000000004,00000000002020,M,,,-247
0000014553,2036,9000000005,00000000002020,M,,,-110
0000014553,2036,9000000006,00000000002020,M,,,-1
0000014553,2036,9000000007,00000000002020,M,,,-45
0000014553,2036,9000000008,00000000002020,M,,,-57
0000014553,2036,9000000010,00000000002020,M,,,-1114
0000014553,2036,9000000012,00000000002020,M,,,-21
0000014553,2037,9000000003,00000000002020,M,,,-3
0000014553,2037,9000000004,00000000002020,M,,,-263
0000014553,2037,9000000005,00000000002020,M,,,-51
0000014553,2037,9000000006,00000000002020,M,,,-1
0000014553,2037,9000000007,00000000002020,M,,,-20
0000014553,2037,9000000008,00000000002020,M,,,-33
0000014553,2037,9000000010,00000000002020,M,,,-1108
0000014553,2037,9000000012,00000000002020,M,,,-22
0000014553,2038,9000000003,00000000002020,M,,,-3
0000014553,2038,9000000004,00000000002020,M,,,-284
0000014553,2038,9000000005,00000000002020,M,,,-30
0000014553,2038,9000000006,00000000002020,M,,,-1
0000014553,2038,9000000007,00000000002020,M,,,-12
0000014553,2038,9000000008,00000000002020,M,,,-33
0000014553,2038,9000000010,00000000002020,M,,,-1030
0000014553,2038,9000000012,00000000002020,M,,,-23
0000014553,2039,9000000003,00000000002020,M,,,-1
0000014553,2039,9000000004,00000000002020,M,,,-256
0000014553,2039,9000000005,00000000002020,M,,,-29
0000014553,2039,9000000007,00000000002020,M,,,-12
0000014553,2039,9000000008,00000000002020,M,,,-33
0000014553,2039,9000000010,00000000002020,M,,,-1245
0000014553,2039,9000000012,00000000002020,M,,,-17
0000014553,2040,9000000003,00000000002020,M,,,-1
0000014553,2040,9000000004,00000000002020,M,,,-275
0000014553,2040,9000000005,00000000002020,M,,,-30
0000014553,2040,9000000007,00000000002020,M,,,-15
0000014553,2040,9000000008,00000000002020,M,,,-19
0000014553,2040,9000000010,00000000002020,M,,,-1155
0000014553,2040,9000000012,00000000002020,M,,,-18
0000014556,2028,9000000003,00000000002020,M,,,-35
0000014556,2028,9000000003,00000000002020,M,,,-31
0000014556,2028,9000000004,00000000002020,M,,,-1453
0000014556,2028,9000000004,00000000002020,M,,,39
0000014556,2028,9000000005,00000000002020,M,,,-12
0000014556,2028,9000000005,00000000002020,M,,,7
0000014556,2028,9000000006,00000000002020,M,,,47
0000014556,2028,9000000006,00000000002020,M,,,-12
0000014556,2028,9000000007,00000000002020,M,,,5
0000014556,2028,9000000007,00000000002020,M,,,-7
0000014556,2028,9000000008,00000000002020,M,,,5
0000014556,2028,9000000008,00000000002020,M,,,4
0000014556,2028,9000000009,00000000002020,M,,,5
0000014556,2028,9000000009,00000000002020,M,,,-8
0000014556,2028,9000000010,00000000002020,M,,,112
0000014556,2028,9000000010,00000000002020,M,,,27
0000014556,2028,9000000011,00000000002020,M,,,-7
0000014556,2028,9000000011,00000000002020,M,,,-2
0000014556,2028,9000000012,00000000002020,M,,,93
0000014556,2029,9000000004,00000000002020,M,,,12
0000014556,2029,9000000005,00000000002020,M,,,4
0000014556,2029,9000000006,00000000002020,M,,,-4
0000014556,2029,9000000007,00000000002020,M,,,-12
0000014556,2029,9000000008,00000000002020,M,,,-15
0000014556,2029,9000000010,00000000002020,M,,,10
0000014556,2029,9000000011,00000000002020,M,,,-1
0000014556,2029,9000000012,00000000002020,M,,,-87
0000014556,2030,9000000004,00000000002020,M,,,-6
0000014556,2030,9000000005,00000000002020,M,,,-7
0000014556,2030,9000000006,00000000002020,M,,,-15
0000014556,2030,9000000007,00000000002020,M,,,39
0000014556,2030,9000000008,00000000002020,M,,,15
0000014556,2030,9000000010,00000000002020,M,,,34
0000014556,2030,9000000012,00000000002020,M,,,0
0000014556,2031,9000000004,00000000002020,M,,,-7
0000014556,2031,9000000005,00000000002020,M,,,4
0000014556,2031,9000000006,00000000002020,M,,,0
0000014556,2031,9000000007,00000000002020,M,,,0
0000014556,2031,9000000008,00000000002020,M,,,10
0000014556,2031,9000000010,00000000002020,M,,,24
0000014556,2031,9000000012,00000000002020,M,,,-1
0000014556,2032,9000000004,00000000002020,M,,,-1
0000014556,2032,9000000005,00000000002020,M,,,7
0000014556,2032,9000000006,00000000002020,M,,,0
0000014556,2032,9000000007,00000000002020,M,,,-17
0000014556,2032,9000000008,00000000002020,M,,,33
0000014556,2032,9000000010,00000000002020,M,,,17
0000014556,2032,9000000012,00000000002020,M,,,0
0000014556,2033,9000000004,00000000002020,M,,,4
0000014556,2033,9000000005,00000000002020,M,,,6
0000014556,2033,9000000006,00000000002020,M,,,-1
0000014556,2033,9000000007,00000000002020,M,,,-3
0000014556,2033,9000000008,00000000002020,M,,,-45
0000014556,2033,9000000010,00000000002020,M,,,73
0000014556,2033,9000000012,00000000002020,M,,,-1
0000014556,2034,9000000004,00000000002020,M,,,-8
0000014556,2034,9000000005,00000000002020,M,,,7
0000014556,2034,9000000006,00000000002020,M,,,-1
0000014556,2034,9000000007,00000000002020,M,,,-6
0000014556,2034,9000000008,00000000002020,M,,,-3
0000014556,2034,9000000010,00000000002020,M,,,61
0000014556,2034,9000000012,00000000002020,M,,,-1
0000014556,2035,9000000004,00000000002020,M,,,-2
0000014556,2035,9000000005,00000000002020,M,,,-7
0000014556,2035,9000000006,00000000002020,M,,,0
0000014556,2035,9000000007,00000000002020,M,,,-3
0000014556,2035,9000000008,00000000002020,M,,,0
0000014556,2035,9000000010,00000000002020,M,,,-65
0000014556,2035,9000000012,00000000002020,M,,,-1
0000014556,2036,9000000004,00000000002020,M,,,3
0000014556,2036,9000000005,00000000002020,M,,,-4
0000014556,2036,9000000007,00000000002020,M,,,-2
0000014556,2036,9000000008,00000000002020,M,,,-24
0000014556,2036,9000000010,00000000002020,M,,,-31
0000014556,2036,9000000012,00000000002020,M,,,0
0000014556,2037,9000000004,00000000002020,M,,,2
0000014556,2037,9000000005,00000000002020,M,,,-16
0000014556,2037,9000000006,00000000002020,M,,,-1
0000014556,2037,9000000007,00000000002020,M,,,-8
0000014556,2037,9000000010,00000000002020,M,,,7
0000014556,2037,9000000012,00000000002020,M,,,-2
0000014556,2038,9000000004,00000000002020,M,,,3
0000014556,2038,9000000005,00000000002020,M,,,-2
0000014556,2038,9000000006,00000000002020,M,,,-1
0000014556,2038,9000000007,00000000002020,M,,,0
0000014556,2038,9000000008,00000000002020,M,,,-1
0000014556,2038,9000000010,00000000002020,M,,,-30
0000014556,2038,9000000012,00000000002020,M,,,-3
0000014556,2039,9000000004,00000000002020,M,,,-6
0000014556,2039,9000000005,00000000002020,M,,,0
0000014556,2039,9000000007,00000000002020,M,,,-1
0000014556,2039,9000000008,00000000002020,M,,,0
0000014556,2039,9000000010,00000000002020,M,,,81
0000014556,2039,9000000012,00000000002020,M,,,2
0000014556,2040,9000000004,00000000002020,M,,,4
0000014556,2040,9000000005,00000000002020,M,,,0
0000014556,2040,9000000007,00000000002020,M,,,0
0000014556,2040,9000000008,00000000002020,M,,,-19
0000014556,2040,9000000010,00000000002020,M,,,-57
0000014556,2040,9000000012,00000000002020,M,,,0
0000014558,2028,9000000006,00000000002020,M,,,-434
0000014558,2028,9000000010,00000000002020,M,,,-860
0000014558,2028,9000000011,00000000002020,M,,,-74
0000014558,2029,9000000006,00000000002020,M,,,-579
0000014558,2029,9000000010,00000000002020,M,,,-1191
0000014558,2029,9000000011,00000000002020,M,,,-53
0000014558,2030,9000000006,00000000002020,M,,,-173
0000014558,2030,9000000010,00000000002020,M,,,-30
0000014558,2030,9000000011,00000000002020,M,,,-10
0000014558,2031,9000000006,00000000002020,M,,,-172
0000014558,2031,9000000010,00000000002020,M,,,-36
0000014558,2031,9000000011,00000000002020,M,,,-6
0000014558,2032,9000000006,00000000002020,M,,,-172
0000014558,2032,9000000010,00000000002020,M,,,-43
0000014558,2032,9000000011,00000000002020,M,,,-8
0000014558,2033,9000000006,00000000002020,M,,,-172
0000014558,2033,9000000010,00000000002020,M,,,-47
0000014558,2033,9000000011,00000000002020,M,,,-8
0000014558,2034,9000000006,00000000002020,M,,,-171
0000014558,2034,9000000010,00000000002020,M,,,-52
0000014558,2034,9000000011,00000000002020,M,,,15
0000014558,2035,9000000006,00000000002020,M,,,-171
0000014558,2035,9000000010,00000000002020,M,,,-63
0000014558,2035,9000000011,00000000002020,M,,,15
0000014558,2036,9000000006,00000000002020,M,,,-170
0000014558,2036,9000000010,00000000002020,M,,,-68
0000014558,2036,9000000011,00000000002020,M,,,15
0000014558,2037,9000000006,00000000002020,M,,,-161
0000014558,2037,9000000010,00000000002020,M,,,-75
0000014558,2037,9000000011,00000000002020,M,,,15
0000014558,2038,9000000006,00000000002020,M,,,-145
0000014558,2038,9000000010,00000000002020,M,,,-80
0000014558,2038,9000000011,00000000002020,M,,,15
0000014558,2039,9000000006,00000000002020,M,,,-145
0000014558,2039,9000000010,00000000002020,M,,,-89
0000014558,2039,9000000011,00000000002020,M,,,15
0000014558,2040,9000000006,00000000002020,M,,,-145
0000014558,2040,9000000010,00000000002020,M,,,-102
0000014558,2040,9000000011,00000000002020,M,,,15
