[Year],[Metric],[Metric Sort],[Case],[Value]
2026,Total Production (mboed),1001,Project Blue Horizon |Main Plan,91
2026,Total Production (mboed),1001,Project Cedar Point |Manual,30
2026,Total Production (mboed),1001,Project Copper Bay |Main Plan,50
2026,Total Production (mboed),1001,Project Eagle Pass |Manual,30
2026,Total Production (mboed),1001,Project Granite Basin |Main Plan,37
2026,Total Production (mboed),1001,Project Highland Crest |Main Plan,15
2026,Total Production (mboed),1001,Project Ironwood |Main Plan,52
2026,Total Production (mboed),1001,Project Northstar |Main Plan,36
2026,Total Production (mboed),1001,Project Raven Rock |Main Plan,137
2026,Total Production (mboed),1001,Project Redcliff |Main Plan,94
2026,Total Production (mboed),1001,Project Silver Peak |Main Plan,94
2026,Total Production (mboed),1001,Project Stonehaven |Main Plan,23
2026,Oil Production (mb/d),1002,Project Blue Horizon |Main Plan,91
2026,Oil Production (mb/d),1002,Project Cedar Point |Manual,30
2026,Oil Production (mb/d),1002,Project Copper Bay |Main Plan,50
2026,Oil Production (mb/d),1002,Project Eagle Pass |Manual,30
2026,Oil Production (mb/d),1002,Project Granite Basin |Main Plan,8
2026,Oil Production (mb/d),1002,Project Highland Crest |Main Plan,0
2026,Oil Production (mb/d),1002,Project Ironwood |Main Plan,2
2026,Oil Production (mb/d),1002,Project Northstar |Main Plan,36
2026,Oil Production (mb/d),1002,Project Raven Rock |Main Plan,3
2026,Oil Production (mb/d),1002,Project Redcliff |Main Plan,14
2026,Oil Production (mb/d),1002,Project Silver Peak |Main Plan,94
2026,Oil Production (mb/d),1002,Project Stonehaven |Main Plan,16
2026,NGL Production (mb/d),1003,Project Cedar Point |Manual,0
2026,NGL Production (mb/d),1003,Project Eagle Pass |Manual,0
2026,NGL Production (mb/d),1003,Project Highland Crest |Main Plan,0
2026,NGL Production (mb/d),1003,Project Ironwood |Main Plan,2
2026,NGL Production (mb/d),1003,Project Redcliff |Main Plan,2
2026,NGL Production (mb/d),1003,Project Stonehaven |Main Plan,3
2026,Gas Production (mmscf/d),1004,Project Cedar Point |Manual,0
2026,Gas Production (mmscf/d),1004,Project Eagle Pass |Manual,0
2026,Gas Production (mmscf/d),1004,Project Granite Basin |Main Plan,165
2026,Gas Production (mmscf/d),1004,Project Highland Crest |Main Plan,84
2026,Gas Production (mmscf/d),1004,Project Ironwood |Main Plan,274
2026,Gas Production (mmscf/d),1004,Project Raven Rock |Main Plan,779
2026,Gas Production (mmscf/d),1004,Project Redcliff |Main Plan,446
2026,Gas Production (mmscf/d),1004,Project Stonehaven |Main Plan,20
2026,Revenue Generating Total Prod (mboed),1005,Project Blue Horizon |Main Plan,91
2026,Revenue Generating Total Prod (mboed),1005,Project Cedar Point |Manual,40
2026,Revenue Generating Total Prod (mboed),1005,Project Copper Bay |Main Plan,51
2026,Revenue Generating Total Prod (mboed),1005,Project Eagle Pass |Manual,40
2026,Revenue Generating Total Prod (mboed),1005,Project Granite Basin |Main Plan,37
2026,Revenue Generating Total Prod (mboed),1005,Project Highland Crest |Main Plan,15
2026,Revenue Generating Total Prod (mboed),1005,Project Ironwood |Main Plan,52
2026,Revenue Generating Total Prod (mboed),1005,Project Northstar |Main Plan,36
2026,Revenue Generating Total Prod (mboed),1005,Project Raven Rock |Main Plan,137
2026,Revenue Generating Total Prod (mboed),1005,Project Redcliff |Main Plan,84
2026,Revenue Generating Total Prod (mboed),1005,Project Silver Peak |Main Plan,94
2026,Revenue Generating Total Prod (mboed),1005,Project Stonehaven |Main Plan,23
2026,Oil - Non-Revenue Generating Prod (mbd),1006,Project Copper Bay |Main Plan,0
2026,Oil - Non-Revenue Generating Prod (mbd),1006,Project Highland Crest |Main Plan,0
2026,Oil - Non-Revenue Generating Prod (mbd),1006,Project Silver Peak |Main Plan,-1
2026,NGL - Non-Revenue Generating Prod (mbd),1007,Project Highland Crest |Main Plan,-1
2026,NGL - Non-Revenue Generating Prod (mbd),1007,Project Redcliff |Main Plan,-1
2026,Gas - Non-Revenue Generating Prod (mmscfd),1008,Project Highland Crest |Main Plan,-1
2026,Gas - Non-Revenue Generating Prod (mmscfd),1008,Project Redcliff |Main Plan,-56
2026,Equity Accounted Total Production (mboed),1009,Project Cedar Point |Manual,0
2026,Equity Accounted Total Production (mboed),1009,Project Eagle Pass |Manual,0
2026,Liquids Production (mboed),1013,Project Blue Horizon |Main Plan,91
2026,Liquids Production (mboed),1013,Project Cedar Point |Manual,30
2026,Liquids Production (mboed),1013,Project Copper Bay |Main Plan,50
2026,Liquids Production (mboed),1013,Project Eagle Pass |Manual,30
2026,Liquids Production (mboed),1013,Project Granite Basin |Main Plan,8
2026,Liquids Production (mboed),1013,Project Highland Crest |Main Plan,0
2026,Liquids Production (mboed),1013,Project Ironwood |Main Plan,4
2026,Liquids Production (mboed),1013,Project Northstar |Main Plan,36
2026,Liquids Production (mboed),1013,Project Raven Rock |Main Plan,3
2026,Liquids Production (mboed),1013,Project Redcliff |Main Plan,16
2026,Liquids Production (mboed),1013,Project Silver Peak |Main Plan,94
2026,Liquids Production (mboed),1013,Project Stonehaven |Main Plan,19
2026,Revenue Generating Total Prod (mboe),1015,Project Blue Horizon |Main Plan,33.215
2026,Revenue Generating Total Prod (mboe),1015,Project Copper Bay |Main Plan,18.615
2026,Revenue Generating Total Prod (mboe),1015,Project Granite Basin |Main Plan,13.505
2026,Revenue Generating Total Prod (mboe),1015,Project Highland Crest |Main Plan,5.475
2026,Revenue Generating Total Prod (mboe),1015,Project Ironwood |Main Plan,18.98
2026,Revenue Generating Total Prod (mboe),1015,Project Northstar |Main Plan,13.14
2026,Revenue Generating Total Prod (mboe),1015,Project Raven Rock |Main Plan,50.005
2026,Revenue Generating Total Prod (mboe),1015,Project Redcliff |Main Plan,30.66
2026,Revenue Generating Total Prod (mboe),1015,Project Silver Peak |Main Plan,34.31
2026,Revenue Generating Total Prod (mboe),1015,Project Stonehaven |Main Plan,8.395
2026,Gross Margin,2001,Project Blue Horizon |Main Plan,1250
2026,Gross Margin,2001,Project Cedar Point |Manual,1340
2026,Gross Margin,2001,Project Copper Bay |Main Plan,781
2026,Gross Margin,2001,Project Eagle Pass |Manual,1340
2026,Gross Margin,2001,Project Granite Basin |Main Plan,326
2026,Gross Margin,2001,Project Highland Crest |Main Plan,108
2026,Gross Margin,2001,Project Ironwood |Main Plan,367
2026,Gross Margin,2001,Project Northstar |Main Plan,516
2026,Gross Margin,2001,Project Raven Rock |Main Plan,225
2026,Gross Margin,2001,Project Redcliff |Main Plan,1016
2026,Gross Margin,2001,Project Silver Peak |Main Plan,1516
2026,Gross Margin,2001,Project Stonehaven |Main Plan,352
2026,Total Cash Costs,2002,Project Blue Horizon |Main Plan,-308
2026,Total Cash Costs,2002,Project Cedar Point |Manual,-270
2026,Total Cash Costs,2002,Project Copper Bay |Main Plan,-207
2026,Total Cash Costs,2002,Project Eagle Pass |Manual,-270
2026,Total Cash Costs,2002,Project Granite Basin |Main Plan,-147
2026,Total Cash Costs,2002,Project Highland Crest |Main Plan,-79
2026,Total Cash Costs,2002,Project Ironwood |Main Plan,-53
2026,Total Cash Costs,2002,Project Northstar |Main Plan,-372
2026,Total Cash Costs,2002,Project Raven Rock |Main Plan,-73
2026,Total Cash Costs,2002,Project Redcliff |Main Plan,-204
2026,Total Cash Costs,2002,Project Silver Peak |Main Plan,-355
2026,Total Cash Costs,2002,Project Stonehaven |Main Plan,-149
2026,Production Costs,2003,Project Blue Horizon |Main Plan,-308
2026,Production Costs,2003,Project Cedar Point |Manual,-180
2026,Production Costs,2003,Project Copper Bay |Main Plan,-207
2026,Production Costs,2003,Project Eagle Pass |Manual,-180
2026,Production Costs,2003,Project Granite Basin |Main Plan,-147
2026,Production Costs,2003,Project Highland Crest |Main Plan,-79
2026,Production Costs,2003,Project Ironwood |Main Plan,-53
2026,Production Costs,2003,Project Northstar |Main Plan,-372
2026,Production Costs,2003,Project Raven Rock |Main Plan,-73
2026,Production Costs,2003,Project Redcliff |Main Plan,-204
2026,Production Costs,2003,Project Silver Peak |Main Plan,-355
2026,Production Costs,2003,Project Stonehaven |Main Plan,-149
2026,EBITDA,2004,Project Blue Horizon |Main Plan,942
2026,EBITDA,2004,Project Cedar Point |Manual,1070
2026,EBITDA,2004,Project Copper Bay |Main Plan,574
2026,EBITDA,2004,Project Eagle Pass |Manual,1070
2026,EBITDA,2004,Project Granite Basin |Main Plan,179
2026,EBITDA,2004,Project Highland Crest |Main Plan,600
2026,EBITDA,2004,Project Ironwood |Main Plan,324
2026,EBITDA,2004,Project Northstar |Main Plan,144
2026,EBITDA,2004,Project Raven Rock |Main Plan,152
2026,EBITDA,2004,Project Redcliff |Main Plan,811
2026,EBITDA,2004,Project Silver Peak |Main Plan,1161
2026,EBITDA,2004,Project Stonehaven |Main Plan,203
2026,DD&A Charge,2005,Project Blue Horizon |Main Plan,-753
2026,DD&A Charge,2005,Project Cedar Point |Manual,-610
2026,DD&A Charge,2005,Project Copper Bay |Main Plan,-440
2026,DD&A Charge,2005,Project Eagle Pass |Manual,-610
2026,DD&A Charge,2005,Project Granite Basin |Main Plan,-55
2026,DD&A Charge,2005,Project Highland Crest |Main Plan,-290
2026,DD&A Charge,2005,Project Ironwood |Main Plan,-334
2026,DD&A Charge,2005,Project Northstar |Main Plan,-241
2026,DD&A Charge,2005,Project Raven Rock |Main Plan,-144
2026,DD&A Charge,2005,Project Redcliff |Main Plan,-325
2026,DD&A Charge,2005,Project Silver Peak |Main Plan,-1041
2026,DD&A Charge,2005,Project Stonehaven |Main Plan,-184
2026,Related Company Income,2006,Project Cedar Point |Manual,0
2026,Related Company Income,2006,Project Eagle Pass |Manual,0
2026,Related Company Income,2006,Project Ironwood |Main Plan,10
2026,Underlying RCOP,2007,Project Blue Horizon |Main Plan,189
2026,Underlying RCOP,2007,Project Cedar Point |Manual,390
2026,Underlying RCOP,2007,Project Copper Bay |Main Plan,134
2026,Underlying RCOP,2007,Project Eagle Pass |Manual,390
2026,Underlying RCOP,2007,Project Granite Basin |Main Plan,124
2026,Underlying RCOP,2007,Project Highland Crest |Main Plan,310
2026,Underlying RCOP,2007,Project Ironwood |Main Plan,-10
2026,Underlying RCOP,2007,Project Northstar |Main Plan,-97
2026,Underlying RCOP,2007,Project Raven Rock |Main Plan,8
2026,Underlying RCOP,2007,Project Redcliff |Main Plan,486
2026,Underlying RCOP,2007,Project Silver Peak |Main Plan,120
2026,Underlying RCOP,2007,Project Stonehaven |Main Plan,19
2026,Working Capital Changes (SEA),3001,Project Cedar Point |Manual,130
2026,Working Capital Changes (SEA),3001,Project Copper Bay |Main Plan,-13
2026,Working Capital Changes (SEA),3001,Project Eagle Pass |Manual,130
2026,Working Capital Changes (SEA),3001,Project Redcliff |Main Plan,-3
2026,Working Capital Changes (SEA),3001,Project Stonehaven |Main Plan,-51
2026,Decommissioning Payments,3002,Project Cedar Point |Manual,-10
2026,Decommissioning Payments,3002,Project Copper Bay |Main Plan,-13
2026,Decommissioning Payments,3002,Project Eagle Pass |Manual,-10
2026,Decommissioning Payments,3002,Project Redcliff |Main Plan,-3
2026,Decommissioning Payments,3002,Project Stonehaven |Main Plan,-51
2026,Lease Interest paid,3003,Project Cedar Point |Manual,0
2026,Lease Interest paid,3003,Project Eagle Pass |Manual,0
2026,Total Dividend Received,3004,Project Cedar Point |Manual,0
2026,Total Dividend Received,3004,Project Eagle Pass |Manual,0
2026,Total Dividend Received,3004,Project Ironwood |Main Plan,14
2026,Operating Cashflow,3005,Project Blue Horizon |Main Plan,941
2026,Operating Cashflow,3005,Project Cedar Point |Manual,1190
2026,Operating Cashflow,3005,Project Copper Bay |Main Plan,560
2026,Operating Cashflow,3005,Project Eagle Pass |Manual,1190
2026,Operating Cashflow,3005,Project Granite Basin |Main Plan,178
2026,Operating Cashflow,3005,Project Highland Crest |Main Plan,599
2026,Operating Cashflow,3005,Project Ironwood |Main Plan,326
2026,Operating Cashflow,3005,Project Northstar |Main Plan,143
2026,Operating Cashflow,3005,Project Raven Rock |Main Plan,151
2026,Operating Cashflow,3005,Project Redcliff |Main Plan,807
2026,Operating Cashflow,3005,Project Silver Peak |Main Plan,1160
2026,Operating Cashflow,3005,Project Stonehaven |Main Plan,151
2026,Cash Capex,3006,Project Blue Horizon |Main Plan,-589
2026,Cash Capex,3006,Project Cedar Point |Manual,-480
2026,Cash Capex,3006,Project Copper Bay |Main Plan,-42
2026,Cash Capex,3006,Project Eagle Pass |Manual,-480
2026,Cash Capex,3006,Project Granite Basin |Main Plan,-55
2026,Cash Capex,3006,Project Highland Crest |Main Plan,-46
2026,Cash Capex,3006,Project Ironwood |Main Plan,-154
2026,Cash Capex,3006,Project Northstar |Main Plan,-158
2026,Cash Capex,3006,Project Raven Rock |Main Plan,-168
2026,Cash Capex,3006,Project Redcliff |Main Plan,-129
2026,Cash Capex,3006,Project Silver Peak |Main Plan,-512
2026,Cash Capex,3006,Project Stonehaven |Main Plan,-16
2026,Cash Flow from Sale of Operations,3007,Project Cedar Point |Manual,0
2026,Cash Flow from Sale of Operations,3007,Project Eagle Pass |Manual,0
2026,Pre Tax Cash Flow,3008,Project Blue Horizon |Main Plan,352
2026,Pre Tax Cash Flow,3008,Project Cedar Point |Manual,600
2026,Pre Tax Cash Flow,3008,Project Copper Bay |Main Plan,518
2026,Pre Tax Cash Flow,3008,Project Eagle Pass |Manual,600
2026,Pre Tax Cash Flow,3008,Project Granite Basin |Main Plan,123
2026,Pre Tax Cash Flow,3008,Project Highland Crest |Main Plan,553
2026,Pre Tax Cash Flow,3008,Project Ironwood |Main Plan,172
2026,Pre Tax Cash Flow,3008,Project Northstar |Main Plan,-15
2026,Pre Tax Cash Flow,3008,Project Raven Rock |Main Plan,-17
2026,Pre Tax Cash Flow,3008,Project Redcliff |Main Plan,678
2026,Pre Tax Cash Flow,3008,Project Silver Peak |Main Plan,648
2026,Pre Tax Cash Flow,3008,Project Stonehaven |Main Plan,135
2026,Capital Employed,4001,Project Blue Horizon |Main Plan,223
2026,Capital Employed,4001,Project Cedar Point |Manual,3020
2026,Capital Employed,4001,Project Copper Bay |Main Plan,1643
2026,Capital Employed,4001,Project Eagle Pass |Manual,3020
2026,Capital Employed,4001,Project Granite Basin |Main Plan,700
2026,Capital Employed,4001,Project Highland Crest |Main Plan,835
2026,Capital Employed,4001,Project Ironwood |Main Plan,1032
2026,Capital Employed,4001,Project Northstar |Main Plan,962
2026,Capital Employed,4001,Project Redcliff |Main Plan,1764
2026,Capital Employed,4001,Project Silver Peak |Main Plan,3820
2026,Capital Employed,4001,Project Stonehaven |Main Plan,772
2027,Total Production (mboed),1001,Project Blue Horizon |Main Plan,73
2027,Total Production (mboed),1001,Project Cedar Point |Manual,40
2027,Total Production (mboed),1001,Project Copper Bay |Main Plan,40
2027,Total Production (mboed),1001,Project Eagle Pass |Manual,40
2027,Total Production (mboed),1001,Project Granite Basin |Main Plan,35
2027,Total Production (mboed),1001,Project Highland Crest |Main Plan,11
2027,Total Production (mboed),1001,Project Ironwood |Main Plan,57
2027,Total Production (mboed),1001,Project Northstar |Main Plan,37
2027,Total Production (mboed),1001,Project Raven Rock |Main Plan,161
2027,Total Production (mboed),1001,Project Redcliff |Main Plan,91
2027,Total Production (mboed),1001,Project Silver Peak |Main Plan,77
2027,Total Production (mboed),1001,Project Stonehaven |Main Plan,25
2027,Oil Production (mb/d),1002,Project Blue Horizon |Main Plan,73
2027,Oil Production (mb/d),1002,Project Cedar Point |Manual,40
2027,Oil Production (mb/d),1002,Project Copper Bay |Main Plan,40
2027,Oil Production (mb/d),1002,Project Eagle Pass |Manual,40
2027,Oil Production (mb/d),1002,Project Granite Basin |Main Plan,8
2027,Oil Production (mb/d),1002,Project Highland Crest |Main Plan,0
2027,Oil Production (mb/d),1002,Project Ironwood |Main Plan,2
2027,Oil Production (mb/d),1002,Project Northstar |Main Plan,37
2027,Oil Production (mb/d),1002,Project Raven Rock |Main Plan,6
2027,Oil Production (mb/d),1002,Project Redcliff |Main Plan,15
2027,Oil Production (mb/d),1002,Project Silver Peak |Main Plan,77
2027,Oil Production (mb/d),1002,Project Stonehaven |Main Plan,18
2027,NGL Production (mb/d),1003,Project Cedar Point |Manual,0
2027,NGL Production (mb/d),1003,Project Eagle Pass |Manual,0
2027,NGL Production (mb/d),1003,Project Highland Crest |Main Plan,0
2027,NGL Production (mb/d),1003,Project Ironwood |Main Plan,2
2027,NGL Production (mb/d),1003,Project Raven Rock |Main Plan,4
2027,NGL Production (mb/d),1003,Project Redcliff |Main Plan,2
2027,NGL Production (mb/d),1003,Project Stonehaven |Main Plan,2
2027,Gas Production (mmscf/d),1004,Project Cedar Point |Manual,10
2027,Gas Production (mmscf/d),1004,Project Eagle Pass |Manual,10
2027,Gas Production (mmscf/d),1004,Project Granite Basin |Main Plan,156
2027,Gas Production (mmscf/d),1004,Project Highland Crest |Main Plan,59
2027,Gas Production (mmscf/d),1004,Project Ironwood |Main Plan,306
2027,Gas Production (mmscf/d),1004,Project Northstar |Main Plan,0
2027,Gas Production (mmscf/d),1004,Project Raven Rock |Main Plan,875
2027,Gas Production (mmscf/d),1004,Project Redcliff |Main Plan,426
2027,Gas Production (mmscf/d),1004,Project Stonehaven |Main Plan,18
2027,Revenue Generating Total Prod (mboed),1005,Project Blue Horizon |Main Plan,73
2027,Revenue Generating Total Prod (mboed),1005,Project Cedar Point |Manual,40
2027,Revenue Generating Total Prod (mboed),1005,Project Copper Bay |Main Plan,41
2027,Revenue Generating Total Prod (mboed),1005,Project Eagle Pass |Manual,40
2027,Revenue Generating Total Prod (mboed),1005,Project Granite Basin |Main Plan,35
2027,Revenue Generating Total Prod (mboed),1005,Project Highland Crest |Main Plan,11
2027,Revenue Generating Total Prod (mboed),1005,Project Ironwood |Main Plan,57
2027,Revenue Generating Total Prod (mboed),1005,Project Northstar |Main Plan,37
2027,Revenue Generating Total Prod (mboed),1005,Project Raven Rock |Main Plan,161
2027,Revenue Generating Total Prod (mboed),1005,Project Redcliff |Main Plan,81
2027,Revenue Generating Total Prod (mboed),1005,Project Silver Peak |Main Plan,77
2027,Revenue Generating Total Prod (mboed),1005,Project Stonehaven |Main Plan,25
2027,Oil - Non-Revenue Generating Prod (mbd),1006,Project Copper Bay |Main Plan,0
2027,Oil - Non-Revenue Generating Prod (mbd),1006,Project Highland Crest |Main Plan,0
2027,Oil - Non-Revenue Generating Prod (mbd),1006,Project Redcliff |Main Plan,-1
2027,NGL - Non-Revenue Generating Prod (mbd),1007,Project Highland Crest |Main Plan,0
2027,NGL - Non-Revenue Generating Prod (mbd),1007,Project Redcliff |Main Plan,-1
2027,Gas - Non-Revenue Generating Prod (mmscfd),1008,Project Redcliff |Main Plan,-58
2027,Equity Accounted Total Production (mboed),1009,Project Cedar Point |Manual,0
2027,Equity Accounted Total Production (mboed),1009,Project Eagle Pass |Manual,0
2027,Liquids Production (mboed),1013,Project Blue Horizon |Main Plan,73
2027,Liquids Production (mboed),1013,Project Cedar Point |Manual,40
2027,Liquids Production (mboed),1013,Project Copper Bay |Main Plan,40
2027,Liquids Production (mboed),1013,Project Eagle Pass |Manual,40
2027,Liquids Production (mboed),1013,Project Granite Basin |Main Plan,8
2027,Liquids Production (mboed),1013,Project Highland Crest |Main Plan,0
2027,Liquids Production (mboed),1013,Project Ironwood |Main Plan,4
2027,Liquids Production (mboed),1013,Project Northstar |Main Plan,37
2027,Liquids Production (mboed),1013,Project Raven Rock |Main Plan,10
2027,Liquids Production (mboed),1013,Project Redcliff |Main Plan,17
2027,Liquids Production (mboed),1013,Project Silver Peak |Main Plan,77
2027,Liquids Production (mboed),1013,Project Stonehaven |Main Plan,20
2027,Revenue Generating Total Prod (mboe),1015,Project Blue Horizon |Main Plan,26.645
2027,Revenue Generating Total Prod (mboe),1015,Project Copper Bay |Main Plan,14.965
2027,Revenue Generating Total Prod (mboe),1015,Project Granite Basin |Main Plan,12.775
2027,Revenue Generating Total Prod (mboe),1015,Project Highland Crest |Main Plan,4.015
2027,Revenue Generating Total Prod (mboe),1015,Project Ironwood |Main Plan,20.805
2027,Revenue Generating Total Prod (mboe),1015,Project Northstar |Main Plan,13.505
2027,Revenue Generating Total Prod (mboe),1015,Project Raven Rock |Main Plan,58.765
2027,Revenue Generating Total Prod (mboe),1015,Project Redcliff |Main Plan,29.565
2027,Revenue Generating Total Prod (mboe),1015,Project Silver Peak |Main Plan,28.105
2027,Revenue Generating Total Prod (mboe),1015,Project Stonehaven |Main Plan,9.125
2027,Gross Margin,2001,Project Blue Horizon |Main Plan,1262
2027,Gross Margin,2001,Project Cedar Point |Manual,1180
2027,Gross Margin,2001,Project Copper Bay |Main Plan,805
2027,Gross Margin,2001,Project Eagle Pass |Manual,1180
2027,Gross Margin,2001,Project Granite Basin |Main Plan,373
2027,Gross Margin,2001,Project Highland Crest |Main Plan,68
2027,Gross Margin,2001,Project Ironwood |Main Plan,488
2027,Gross Margin,2001,Project Northstar |Main Plan,680
2027,Gross Margin,2001,Project Raven Rock |Main Plan,588
2027,Gross Margin,2001,Project Redcliff |Main Plan,1098
2027,Gross Margin,2001,Project Silver Peak |Main Plan,1554
2027,Gross Margin,2001,Project Stonehaven |Main Plan,480
2027,Total Cash Costs,2002,Project Blue Horizon |Main Plan,-348
2027,Total Cash Costs,2002,Project Cedar Point |Manual,-270
2027,Total Cash Costs,2002,Project Copper Bay |Main Plan,-164
2027,Total Cash Costs,2002,Project Eagle Pass |Manual,-270
2027,Total Cash Costs,2002,Project Granite Basin |Main Plan,-174
2027,Total Cash Costs,2002,Project Highland Crest |Main Plan,-70
2027,Total Cash Costs,2002,Project Ironwood |Main Plan,-40
2027,Total Cash Costs,2002,Project Northstar |Main Plan,-265
2027,Total Cash Costs,2002,Project Raven Rock |Main Plan,-42
2027,Total Cash Costs,2002,Project Redcliff |Main Plan,-194
2027,Total Cash Costs,2002,Project Silver Peak |Main Plan,-300
2027,Total Cash Costs,2002,Project Stonehaven |Main Plan,-149
2027,Production Costs,2003,Project Blue Horizon |Main Plan,-348
2027,Production Costs,2003,Project Cedar Point |Manual,-190
2027,Production Costs,2003,Project Copper Bay |Main Plan,-164
2027,Production Costs,2003,Project Eagle Pass |Manual,-190
2027,Production Costs,2003,Project Granite Basin |Main Plan,-174
2027,Production Costs,2003,Project Highland Crest |Main Plan,-70
2027,Production Costs,2003,Project Ironwood |Main Plan,-40
2027,Production Costs,2003,Project Northstar |Main Plan,-265
2027,Production Costs,2003,Project Raven Rock |Main Plan,-42
2027,Production Costs,2003,Project Redcliff |Main Plan,-194
2027,Production Costs,2003,Project Silver Peak |Main Plan,-300
2027,Production Costs,2003,Project Stonehaven |Main Plan,-149
2027,EBITDA,2004,Project Blue Horizon |Main Plan,914
2027,EBITDA,2004,Project Cedar Point |Manual,910
2027,EBITDA,2004,Project Copper Bay |Main Plan,641
2027,EBITDA,2004,Project Eagle Pass |Manual,910
2027,EBITDA,2004,Project Granite Basin |Main Plan,199
2027,EBITDA,2004,Project Highland Crest |Main Plan,-2
2027,EBITDA,2004,Project Ironwood |Main Plan,465
2027,EBITDA,2004,Project Northstar |Main Plan,412
2027,EBITDA,2004,Project Raven Rock |Main Plan,546
2027,EBITDA,2004,Project Redcliff |Main Plan,895
2027,EBITDA,2004,Project Silver Peak |Main Plan,1254
2027,EBITDA,2004,Project Stonehaven |Main Plan,331
2027,DD&A Charge,2005,Project Blue Horizon |Main Plan,-552
2027,DD&A Charge,2005,Project Cedar Point |Manual,-690
2027,DD&A Charge,2005,Project Copper Bay |Main Plan,-447
2027,DD&A Charge,2005,Project Eagle Pass |Manual,-690
2027,DD&A Charge,2005,Project Granite Basin |Main Plan,-52
2027,DD&A Charge,2005,Project Highland Crest |Main Plan,-322
2027,DD&A Charge,2005,Project Ironwood |Main Plan,-361
2027,DD&A Charge,2005,Project Northstar |Main Plan,-239
2027,DD&A Charge,2005,Project Raven Rock |Main Plan,-88
2027,DD&A Charge,2005,Project Redcliff |Main Plan,-423
2027,DD&A Charge,2005,Project Silver Peak |Main Plan,-855
2027,DD&A Charge,2005,Project Stonehaven |Main Plan,-340
2027,Related Company Income,2006,Project Cedar Point |Manual,0
2027,Related Company Income,2006,Project Eagle Pass |Manual,0
2027,Related Company Income,2006,Project Ironwood |Main Plan,17
2027,Underlying RCOP,2007,Project Blue Horizon |Main Plan,362
2027,Underlying RCOP,2007,Project Cedar Point |Manual,230
2027,Underlying RCOP,2007,Project Copper Bay |Main Plan,194
2027,Underlying RCOP,2007,Project Eagle Pass |Manual,230
2027,Underlying RCOP,2007,Project Granite Basin |Main Plan,147
2027,Underlying RCOP,2007,Project Highland Crest |Main Plan,-324
2027,Underlying RCOP,2007,Project Ironwood |Main Plan,104
2027,Underlying RCOP,2007,Project Northstar |Main Plan,173
2027,Underlying RCOP,2007,Project Raven Rock |Main Plan,458
2027,Underlying RCOP,2007,Project Redcliff |Main Plan,472
2027,Underlying RCOP,2007,Project Silver Peak |Main Plan,399
2027,Underlying RCOP,2007,Project Stonehaven |Main Plan,-9
2027,Working Capital Changes (SEA),3001,Project Cedar Point |Manual,-30
2027,Working Capital Changes (SEA),3001,Project Copper Bay |Main Plan,2
2027,Working Capital Changes (SEA),3001,Project Eagle Pass |Manual,-30
2027,Working Capital Changes (SEA),3001,Project Raven Rock |Main Plan,-1
2027,Working Capital Changes (SEA),3001,Project Redcliff |Main Plan,-1
2027,Working Capital Changes (SEA),3001,Project Stonehaven |Main Plan,-1
2027,Decommissioning Payments,3002,Project Cedar Point |Manual,0
2027,Decommissioning Payments,3002,Project Copper Bay |Main Plan,2
2027,Decommissioning Payments,3002,Project Eagle Pass |Manual,0
2027,Decommissioning Payments,3002,Project Raven Rock |Main Plan,-1
2027,Decommissioning Payments,3002,Project Redcliff |Main Plan,-1
2027,Decommissioning Payments,3002,Project Stonehaven |Main Plan,-1
2027,Lease Interest paid,3003,Project Cedar Point |Manual,0
2027,Lease Interest paid,3003,Project Eagle Pass |Manual,0
2027,Total Dividend Received,3004,Project Cedar Point |Manual,0
2027,Total Dividend Received,3004,Project Eagle Pass |Manual,0
2027,Total Dividend Received,3004,Project Ironwood |Main Plan,13
2027,Operating Cashflow,3005,Project Blue Horizon |Main Plan,913
2027,Operating Cashflow,3005,Project Cedar Point |Manual,900
2027,Operating Cashflow,3005,Project Copper Bay |Main Plan,642
2027,Operating Cashflow,3005,Project Eagle Pass |Manual,900
2027,Operating Cashflow,3005,Project Granite Basin |Main Plan,198
2027,Operating Cashflow,3005,Project Highland Crest |Main Plan,-3
2027,Operating Cashflow,3005,Project Ironwood |Main Plan,459
2027,Operating Cashflow,3005,Project Northstar |Main Plan,411
2027,Operating Cashflow,3005,Project Raven Rock |Main Plan,544
2027,Operating Cashflow,3005,Project Redcliff |Main Plan,893
2027,Operating Cashflow,3005,Project Silver Peak |Main Plan,1253
2027,Operating Cashflow,3005,Project Stonehaven |Main Plan,329
2027,Cash Capex,3006,Project Blue Horizon |Main Plan,-583
2027,Cash Capex,3006,Project Cedar Point |Manual,-480
2027,Cash Capex,3006,Project Copper Bay |Main Plan,-2
2027,Cash Capex,3006,Project Eagle Pass |Manual,-480
2027,Cash Capex,3006,Project Granite Basin |Main Plan,-51
2027,Cash Capex,3006,Project Highland Crest |Main Plan,-12
2027,Cash Capex,3006,Project Ironwood |Main Plan,-46
2027,Cash Capex,3006,Project Northstar |Main Plan,-83
2027,Cash Capex,3006,Project Raven Rock |Main Plan,-324
2027,Cash Capex,3006,Project Redcliff |Main Plan,-74
2027,Cash Capex,3006,Project Silver Peak |Main Plan,-1835
2027,Cash Capex,3006,Project Stonehaven |Main Plan,-92
2027,Cash Flow from Sale of Operations,3007,Project Cedar Point |Manual,0
2027,Cash Flow from Sale of Operations,3007,Project Eagle Pass |Manual,0
2027,Pre Tax Cash Flow,3008,Project Blue Horizon |Main Plan,330
2027,Pre Tax Cash Flow,3008,Project Cedar Point |Manual,370
2027,Pre Tax Cash Flow,3008,Project Copper Bay |Main Plan,640
2027,Pre Tax Cash Flow,3008,Project Eagle Pass |Manual,370
2027,Pre Tax Cash Flow,3008,Project Granite Basin |Main Plan,147
2027,Pre Tax Cash Flow,3008,Project Highland Crest |Main Plan,-15
2027,Pre Tax Cash Flow,3008,Project Ironwood |Main Plan,413
2027,Pre Tax Cash Flow,3008,Project Northstar |Main Plan,328
2027,Pre Tax Cash Flow,3008,Project Raven Rock |Main Plan,220
2027,Pre Tax Cash Flow,3008,Project Redcliff |Main Plan,819
2027,Pre Tax Cash Flow,3008,Project Silver Peak |Main Plan,-582
2027,Pre Tax Cash Flow,3008,Project Stonehaven |Main Plan,237
2027,Capital Employed,4001,Project Cedar Point |Manual,2790
2027,Capital Employed,4001,Project Copper Bay |Main Plan,1182
2027,Capital Employed,4001,Project Eagle Pass |Manual,2790
2027,Capital Employed,4001,Project Granite Basin |Main Plan,648
2027,Capital Employed,4001,Project Highland Crest |Main Plan,748
2027,Capital Employed,4001,Project Ironwood |Main Plan,743
2027,Capital Employed,4001,Project Northstar |Main Plan,801
2027,Capital Employed,4001,Project Redcliff |Main Plan,1418
2027,Capital Employed,4001,Project Silver Peak |Main Plan,4256
2027,Capital Employed,4001,Project Stonehaven |Main Plan,330
2028,Total Production (mboed),1001,Project Blue Horizon |Main Plan,57
2028,Total Production (mboed),1001,Project Cedar Point |Manual,40
2028,Total Production (mboed),1001,Project Copper Bay |Main Plan,28
2028,Total Production (mboed),1001,Project Eagle Pass |Manual,40
2028,Total Production (mboed),1001,Project Granite Basin |Main Plan,31
2028,Total Production (mboed),1001,Project Highland Crest |Main Plan,4
2028,Total Production (mboed),1001,Project Ironwood |Main Plan,46
2028,Total Production (mboed),1001,Project Northstar |Main Plan,38
2028,Total Production (mboed),1001,Project Raven Rock |Main Plan,127
2028,Total Production (mboed),1001,Project Redcliff |Main Plan,93
2028,Total Production (mboed),1001,Project Silver Peak |Main Plan,58
2028,Total Production (mboed),1001,Project Stonehaven |Main Plan,17
2028,Oil Production (mb/d),1002,Project Blue Horizon |Main Plan,57
2028,Oil Production (mb/d),1002,Project Cedar Point |Manual,40
2028,Oil Production (mb/d),1002,Project Copper Bay |Main Plan,28
2028,Oil Production (mb/d),1002,Project Eagle Pass |Manual,40
2028,Oil Production (mb/d),1002,Project Granite Basin |Main Plan,6
2028,Oil Production (mb/d),1002,Project Highland Crest |Main Plan,0
2028,Oil Production (mb/d),1002,Project Ironwood |Main Plan,1
2028,Oil Production (mb/d),1002,Project Northstar |Main Plan,37
2028,Oil Production (mb/d),1002,Project Raven Rock |Main Plan,3
2028,Oil Production (mb/d),1002,Project Redcliff |Main Plan,14
2028,Oil Production (mb/d),1002,Project Silver Peak |Main Plan,58
2028,Oil Production (mb/d),1002,Project Stonehaven |Main Plan,13
2028,NGL Production (mb/d),1003,Project Cedar Point |Manual,0
2028,NGL Production (mb/d),1003,Project Eagle Pass |Manual,0
2028,NGL Production (mb/d),1003,Project Highland Crest |Main Plan,0
2028,NGL Production (mb/d),1003,Project Ironwood |Main Plan,2
2028,NGL Production (mb/d),1003,Project Raven Rock |Main Plan,5
2028,NGL Production (mb/d),1003,Project Redcliff |Main Plan,1
2028,NGL Production (mb/d),1003,Project Stonehaven |Main Plan,1
2028,Gas Production (mmscf/d),1004,Project Cedar Point |Manual,10
2028,Gas Production (mmscf/d),1004,Project Eagle Pass |Manual,10
2028,Gas Production (mmscf/d),1004,Project Granite Basin |Main Plan,138
2028,Gas Production (mmscf/d),1004,Project Highland Crest |Main Plan,26
2028,Gas Production (mmscf/d),1004,Project Ironwood |Main Plan,246
2028,Gas Production (mmscf/d),1004,Project Northstar |Main Plan,1
2028,Gas Production (mmscf/d),1004,Project Raven Rock |Main Plan,685
2028,Gas Production (mmscf/d),1004,Project Redcliff |Main Plan,442
2028,Gas Production (mmscf/d),1004,Project Stonehaven |Main Plan,8
2028,Revenue Generating Total Prod (mboed),1005,Project Blue Horizon |Main Plan,57
2028,Revenue Generating Total Prod (mboed),1005,Project Cedar Point |Manual,40
2028,Revenue Generating Total Prod (mboed),1005,Project Copper Bay |Main Plan,26
2028,Revenue Generating Total Prod (mboed),1005,Project Eagle Pass |Manual,40
2028,Revenue Generating Total Prod (mboed),1005,Project Granite Basin |Main Plan,31
2028,Revenue Generating Total Prod (mboed),1005,Project Highland Crest |Main Plan,4
2028,Revenue Generating Total Prod (mboed),1005,Project Ironwood |Main Plan,44
2028,Revenue Generating Total Prod (mboed),1005,Project Northstar |Main Plan,38
2028,Revenue Generating Total Prod (mboed),1005,Project Raven Rock |Main Plan,127
2028,Revenue Generating Total Prod (mboed),1005,Project Redcliff |Main Plan,85
2028,Revenue Generating Total Prod (mboed),1005,Project Silver Peak |Main Plan,56
2028,Revenue Generating Total Prod (mboed),1005,Project Stonehaven |Main Plan,17
2028,Oil - Non-Revenue Generating Prod (mbd),1006,Project Blue Horizon |Main Plan,0
2028,Oil - Non-Revenue Generating Prod (mbd),1006,Project Copper Bay |Main Plan,-2
2028,Oil - Non-Revenue Generating Prod (mbd),1006,Project Granite Basin |Main Plan,0
2028,Oil - Non-Revenue Generating Prod (mbd),1006,Project Highland Crest |Main Plan,-1
2028,Oil - Non-Revenue Generating Prod (mbd),1006,Project Redcliff |Main Plan,-1
2028,Oil - Non-Revenue Generating Prod (mbd),1006,Project Silver Peak |Main Plan,-3
2028,NGL - Non-Revenue Generating Prod (mbd),1007,Project Highland Crest |Main Plan,0
2028,NGL - Non-Revenue Generating Prod (mbd),1007,Project Redcliff |Main Plan,-2
2028,Gas - Non-Revenue Generating Prod (mmscfd),1008,Project Redcliff |Main Plan,-38
2028,Equity Accounted Total Production (mboed),1009,Project Cedar Point |Manual,0
2028,Equity Accounted Total Production (mboed),1009,Project Eagle Pass |Manual,0
2028,Equity Accounted Total Production (mboed),1009,Project Ironwood |Main Plan,-4
2028,Equity Accounted NGL Production,1011,Project Ironwood |Main Plan,-4
2028,Liquids Production (mboed),1013,Project Blue Horizon |Main Plan,57
2028,Liquids Production (mboed),1013,Project Cedar Point |Manual,40
2028,Liquids Production (mboed),1013,Project Copper Bay |Main Plan,28
2028,Liquids Production (mboed),1013,Project Eagle Pass |Manual,40
2028,Liquids Production (mboed),1013,Project Granite Basin |Main Plan,6
2028,Liquids Production (mboed),1013,Project Highland Crest |Main Plan,0
2028,Liquids Production (mboed),1013,Project Ironwood |Main Plan,3
2028,Liquids Production (mboed),1013,Project Northstar |Main Plan,37
2028,Liquids Production (mboed),1013,Project Raven Rock |Main Plan,8
2028,Liquids Production (mboed),1013,Project Redcliff |Main Plan,15
2028,Liquids Production (mboed),1013,Project Silver Peak |Main Plan,58
2028,Liquids Production (mboed),1013,Project Stonehaven |Main Plan,14
2028,Revenue Generating Total Prod (mboe),1015,Project Blue Horizon |Main Plan,20.805
2028,Revenue Generating Total Prod (mboe),1015,Project Copper Bay |Main Plan,9.49
2028,Revenue Generating Total Prod (mboe),1015,Project Granite Basin |Main Plan,11.315
2028,Revenue Generating Total Prod (mboe),1015,Project Highland Crest |Main Plan,1.46
2028,Revenue Generating Total Prod (mboe),1015,Project Ironwood |Main Plan,16.06
2028,Revenue Generating Total Prod (mboe),1015,Project Northstar |Main Plan,13.87
2028,Revenue Generating Total Prod (mboe),1015,Project Raven Rock |Main Plan,46.355
2028,Revenue Generating Total Prod (mboe),1015,Project Redcliff |Main Plan,31.025
2028,Revenue Generating Total Prod (mboe),1015,Project Silver Peak |Main Plan,20.44
2028,Revenue Generating Total Prod (mboe),1015,Project Stonehaven |Main Plan,6.205
2028,Gross Margin,2001,Project Blue Horizon |Main Plan,1260
2028,Gross Margin,2001,Project Cedar Point |Manual,1240
2028,Gross Margin,2001,Project Copper Bay |Main Plan,660
2028,Gross Margin,2001,Project Eagle Pass |Manual,1240
2028,Gross Margin,2001,Project Granite Basin |Main Plan,408
2028,Gross Margin,2001,Project Highland Crest |Main Plan,31
2028,Gross Margin,2001,Project Ironwood |Main Plan,437
2028,Gross Margin,2001,Project Northstar |Main Plan,873
2028,Gross Margin,2001,Project Raven Rock |Main Plan,466
2028,Gross Margin,2001,Project Redcliff |Main Plan,1328
2028,Gross Margin,2001,Project Silver Peak |Main Plan,1418
2028,Gross Margin,2001,Project Stonehaven |Main Plan,441
2028,Total Cash Costs,2002,Project Blue Horizon |Main Plan,-325
2028,Total Cash Costs,2002,Project Cedar Point |Manual,-250
2028,Total Cash Costs,2002,Project Copper Bay |Main Plan,-193
2028,Total Cash Costs,2002,Project Eagle Pass |Manual,-250
2028,Total Cash Costs,2002,Project Granite Basin |Main Plan,-195
2028,Total Cash Costs,2002,Project Highland Crest |Main Plan,-62
2028,Total Cash Costs,2002,Project Ironwood |Main Plan,-45
2028,Total Cash Costs,2002,Project Northstar |Main Plan,-250
2028,Total Cash Costs,2002,Project Raven Rock |Main Plan,-24
2028,Total Cash Costs,2002,Project Redcliff |Main Plan,-208
2028,Total Cash Costs,2002,Project Silver Peak |Main Plan,-273
2028,Total Cash Costs,2002,Project Stonehaven |Main Plan,-183
2028,Production Costs,2003,Project Blue Horizon |Main Plan,-325
2028,Production Costs,2003,Project Cedar Point |Manual,-190
2028,Production Costs,2003,Project Copper Bay |Main Plan,-152
2028,Production Costs,2003,Project Eagle Pass |Manual,-190
2028,Production Costs,2003,Project Granite Basin |Main Plan,-59
2028,Production Costs,2003,Project Highland Crest |Main Plan,-59
2028,Production Costs,2003,Project Ironwood |Main Plan,-44
2028,Production Costs,2003,Project Northstar |Main Plan,-241
2028,Production Costs,2003,Project Raven Rock |Main Plan,-22
2028,Production Costs,2003,Project Redcliff |Main Plan,-77
2028,Production Costs,2003,Project Silver Peak |Main Plan,-174
2028,Production Costs,2003,Project Stonehaven |Main Plan,-76
2028,EBITDA,2004,Project Blue Horizon |Main Plan,935
2028,EBITDA,2004,Project Cedar Point |Manual,990
2028,EBITDA,2004,Project Copper Bay |Main Plan,509
2028,EBITDA,2004,Project Eagle Pass |Manual,990
2028,EBITDA,2004,Project Granite Basin |Main Plan,198
2028,EBITDA,2004,Project Highland Crest |Main Plan,-39
2028,EBITDA,2004,Project Ironwood |Main Plan,409
2028,EBITDA,2004,Project Northstar |Main Plan,620
2028,EBITDA,2004,Project Raven Rock |Main Plan,442
2028,EBITDA,2004,Project Redcliff |Main Plan,1149
2028,EBITDA,2004,Project Silver Peak |Main Plan,1179
2028,EBITDA,2004,Project Stonehaven |Main Plan,261
2028,DD&A Charge,2005,Project Blue Horizon |Main Plan,-660
2028,DD&A Charge,2005,Project Cedar Point |Manual,-700
2028,DD&A Charge,2005,Project Copper Bay |Main Plan,-324
2028,DD&A Charge,2005,Project Eagle Pass |Manual,-700
2028,DD&A Charge,2005,Project Granite Basin |Main Plan,-104
2028,DD&A Charge,2005,Project Highland Crest |Main Plan,-99
2028,DD&A Charge,2005,Project Ironwood |Main Plan,-265
2028,DD&A Charge,2005,Project Northstar |Main Plan,-293
2028,DD&A Charge,2005,Project Raven Rock |Main Plan,-140
2028,DD&A Charge,2005,Project Redcliff |Main Plan,-369
2028,DD&A Charge,2005,Project Silver Peak |Main Plan,-713
2028,DD&A Charge,2005,Project Stonehaven |Main Plan,-248
2028,Related Company Income,2006,Project Cedar Point |Manual,0
2028,Related Company Income,2006,Project Eagle Pass |Manual,0
2028,Related Company Income,2006,Project Ironwood |Main Plan,17
2028,Underlying RCOP,2007,Project Blue Horizon |Main Plan,275
2028,Underlying RCOP,2007,Project Cedar Point |Manual,300
2028,Underlying RCOP,2007,Project Copper Bay |Main Plan,185
2028,Underlying RCOP,2007,Project Eagle Pass |Manual,300
2028,Underlying RCOP,2007,Project Granite Basin |Main Plan,94
2028,Underlying RCOP,2007,Project Highland Crest |Main Plan,-138
2028,Underlying RCOP,2007,Project Ironwood |Main Plan,144
2028,Underlying RCOP,2007,Project Northstar |Main Plan,327
2028,Underlying RCOP,2007,Project Raven Rock |Main Plan,302
2028,Underlying RCOP,2007,Project Redcliff |Main Plan,780
2028,Underlying RCOP,2007,Project Silver Peak |Main Plan,466
2028,Underlying RCOP,2007,Project Stonehaven |Main Plan,12
2028,Working Capital Changes (SEA),3001,Project Blue Horizon |Main Plan,-348
2028,Working Capital Changes (SEA),3001,Project Cedar Point |Manual,-120
2028,Working Capital Changes (SEA),3001,Project Copper Bay |Main Plan,100
2028,Working Capital Changes (SEA),3001,Project Eagle Pass |Manual,-120
2028,Working Capital Changes (SEA),3001,Project Granite Basin |Main Plan,-11
2028,Working Capital Changes (SEA),3001,Project Highland Crest |Main Plan,16
2028,Working Capital Changes (SEA),3001,Project Raven Rock |Main Plan,-217
2028,Working Capital Changes (SEA),3001,Project Redcliff |Main Plan,170
2028,Working Capital Changes (SEA),3001,Project Silver Peak |Main Plan,-318
2028,Working Capital Changes (SEA),3001,Project Stonehaven |Main Plan,-4
2028,Decommissioning Payments,3002,Project Cedar Point |Manual,-120
2028,Decommissioning Payments,3002,Project Copper Bay |Main Plan,0
2028,Decommissioning Payments,3002,Project Eagle Pass |Manual,-120
2028,Decommissioning Payments,3002,Project Raven Rock |Main Plan,-75
2028,Decommissioning Payments,3002,Project Redcliff |Main Plan,-1
2028,Decommissioning Payments,3002,Project Stonehaven |Main Plan,-5
2028,Lease Interest paid,3003,Project Cedar Point |Manual,0
2028,Lease Interest paid,3003,Project Eagle Pass |Manual,0
2028,Total Dividend Received,3004,Project Cedar Point |Manual,0
2028,Total Dividend Received,3004,Project Copper Bay |Main Plan,0
2028,Total Dividend Received,3004,Project Eagle Pass |Manual,0
2028,Total Dividend Received,3004,Project Ironwood |Main Plan,23
2028,Total Dividend Received,3004,Project Stonehaven |Main Plan,-1
2028,Operating Cashflow,3005,Project Blue Horizon |Main Plan,581
2028,Operating Cashflow,3005,Project Cedar Point |Manual,880
2028,Operating Cashflow,3005,Project Copper Bay |Main Plan,605
2028,Operating Cashflow,3005,Project Eagle Pass |Manual,880
2028,Operating Cashflow,3005,Project Granite Basin |Main Plan,185
2028,Operating Cashflow,3005,Project Highland Crest |Main Plan,-79
2028,Operating Cashflow,3005,Project Ironwood |Main Plan,411
2028,Operating Cashflow,3005,Project Northstar |Main Plan,618
2028,Operating Cashflow,3005,Project Raven Rock |Main Plan,224
2028,Operating Cashflow,3005,Project Redcliff |Main Plan,1315
2028,Operating Cashflow,3005,Project Silver Peak |Main Plan,859
2028,Operating Cashflow,3005,Project Stonehaven |Main Plan,253
2028,Cash Capex,3006,Project Blue Horizon |Main Plan,-442
2028,Cash Capex,3006,Project Cedar Point |Manual,-500
2028,Cash Capex,3006,Project Copper Bay |Main Plan,19
2028,Cash Capex,3006,Project Eagle Pass |Manual,-500
2028,Cash Capex,3006,Project Granite Basin |Main Plan,-50
2028,Cash Capex,3006,Project Highland Crest |Main Plan,-6
2028,Cash Capex,3006,Project Ironwood |Main Plan,-185
2028,Cash Capex,3006,Project Northstar |Main Plan,-93
2028,Cash Capex,3006,Project Raven Rock |Main Plan,-161
2028,Cash Capex,3006,Project Redcliff |Main Plan,-102
2028,Cash Capex,3006,Project Silver Peak |Main Plan,-1740
2028,Cash Capex,3006,Project Stonehaven |Main Plan,-23
2028,Cash Flow from Sale of Operations,3007,Project Cedar Point |Manual,0
2028,Cash Flow from Sale of Operations,3007,Project Eagle Pass |Manual,0
2028,Pre Tax Cash Flow,3008,Project Blue Horizon |Main Plan,139
2028,Pre Tax Cash Flow,3008,Project Cedar Point |Manual,380
2028,Pre Tax Cash Flow,3008,Project Copper Bay |Main Plan,624
2028,Pre Tax Cash Flow,3008,Project Eagle Pass |Manual,380
2028,Pre Tax Cash Flow,3008,Project Granite Basin |Main Plan,135
2028,Pre Tax Cash Flow,3008,Project Highland Crest |Main Plan,-85
2028,Pre Tax Cash Flow,3008,Project Ironwood |Main Plan,226
2028,Pre Tax Cash Flow,3008,Project Northstar |Main Plan,525
2028,Pre Tax Cash Flow,3008,Project Raven Rock |Main Plan,63
2028,Pre Tax Cash Flow,3008,Project Redcliff |Main Plan,1213
2028,Pre Tax Cash Flow,3008,Project Silver Peak |Main Plan,-881
2028,Pre Tax Cash Flow,3008,Project Stonehaven |Main Plan,230
2028,Capital Employed,4001,Project Blue Horizon |Main Plan,361
2028,Capital Employed,4001,Project Cedar Point |Manual,2670
2028,Capital Employed,4001,Project Copper Bay |Main Plan,857
2028,Capital Employed,4001,Project Eagle Pass |Manual,2670
2028,Capital Employed,4001,Project Granite Basin |Main Plan,594
2028,Capital Employed,4001,Project Highland Crest |Main Plan,2490
2028,Capital Employed,4001,Project Ironwood |Main Plan,679
2028,Capital Employed,4001,Project Northstar |Main Plan,564
2028,Capital Employed,4001,Project Raven Rock |Main Plan,176
2028,Capital Employed,4001,Project Redcliff |Main Plan,1228
2028,Capital Employed,4001,Project Silver Peak |Main Plan,4235
2028,Capital Employed,4001,Project Stonehaven |Main Plan,134
2029,Total Production (mboed),1001,Project Blue Horizon |Main Plan,70
2029,Total Production (mboed),1001,Project Cedar Point |Manual,40
2029,Total Production (mboed),1001,Project Copper Bay |Main Plan,26
2029,Total Production (mboed),1001,Project Eagle Pass |Manual,40
2029,Total Production (mboed),1001,Project Granite Basin |Main Plan,31
2029,Total Production (mboed),1001,Project Highland Crest |Main Plan,0
2029,Total Production (mboed),1001,Project Ironwood |Main Plan,32
2029,Total Production (mboed),1001,Project Northstar |Main Plan,29
2029,Total Production (mboed),1001,Project Raven Rock |Main Plan,128
2029,Total Production (mboed),1001,Project Redcliff |Main Plan,85
2029,Total Production (mboed),1001,Project Silver Peak |Main Plan,64
2029,Total Production (mboed),1001,Project Stonehaven |Main Plan,13
2029,Oil Production (mb/d),1002,Project Blue Horizon |Main Plan,70
2029,Oil Production (mb/d),1002,Project Cedar Point |Manual,40
2029,Oil Production (mb/d),1002,Project Copper Bay |Main Plan,26
2029,Oil Production (mb/d),1002,Project Eagle Pass |Manual,40
2029,Oil Production (mb/d),1002,Project Granite Basin |Main Plan,6
2029,Oil Production (mb/d),1002,Project Ironwood |Main Plan,1
2029,Oil Production (mb/d),1002,Project Northstar |Main Plan,29
2029,Oil Production (mb/d),1002,Project Raven Rock |Main Plan,5
2029,Oil Production (mb/d),1002,Project Redcliff |Main Plan,13
2029,Oil Production (mb/d),1002,Project Silver Peak |Main Plan,64
2029,Oil Production (mb/d),1002,Project Stonehaven |Main Plan,9
2029,NGL Production (mb/d),1003,Project Cedar Point |Manual,0
2029,NGL Production (mb/d),1003,Project Eagle Pass |Manual,0
2029,NGL Production (mb/d),1003,Project Ironwood |Main Plan,3
2029,NGL Production (mb/d),1003,Project Raven Rock |Main Plan,5
2029,NGL Production (mb/d),1003,Project Redcliff |Main Plan,2
2029,NGL Production (mb/d),1003,Project Stonehaven |Main Plan,1
2029,Gas Production (mmscf/d),1004,Project Cedar Point |Manual,10
2029,Gas Production (mmscf/d),1004,Project Eagle Pass |Manual,10
2029,Gas Production (mmscf/d),1004,Project Granite Basin |Main Plan,142
2029,Gas Production (mmscf/d),1004,Project Highland Crest |Main Plan,4
2029,Gas Production (mmscf/d),1004,Project Ironwood |Main Plan,160
2029,Gas Production (mmscf/d),1004,Project Northstar |Main Plan,1
2029,Gas Production (mmscf/d),1004,Project Raven Rock |Main Plan,679
2029,Gas Production (mmscf/d),1004,Project Redcliff |Main Plan,404
2029,Gas Production (mmscf/d),1004,Project Stonehaven |Main Plan,17
2029,Revenue Generating Total Prod (mboed),1005,Project Blue Horizon |Main Plan,70
2029,Revenue Generating Total Prod (mboed),1005,Project Cedar Point |Manual,40
2029,Revenue Generating Total Prod (mboed),1005,Project Copper Bay |Main Plan,26
2029,Revenue Generating Total Prod (mboed),1005,Project Eagle Pass |Manual,40
2029,Revenue Generating Total Prod (mboed),1005,Project Granite Basin |Main Plan,31
2029,Revenue Generating Total Prod (mboed),1005,Project Highland Crest |Main Plan,0
2029,Revenue Generating Total Prod (mboed),1005,Project Ironwood |Main Plan,29
2029,Revenue Generating Total Prod (mboed),1005,Project Northstar |Main Plan,29
2029,Revenue Generating Total Prod (mboed),1005,Project Raven Rock |Main Plan,128
2029,Revenue Generating Total Prod (mboed),1005,Project Redcliff |Main Plan,79
2029,Revenue Generating Total Prod (mboed),1005,Project Silver Peak |Main Plan,64
2029,Revenue Generating Total Prod (mboed),1005,Project Stonehaven |Main Plan,13
2029,Oil - Non-Revenue Generating Prod (mbd),1006,Project Copper Bay |Main Plan,-1
2029,Oil - Non-Revenue Generating Prod (mbd),1006,Project Granite Basin |Main Plan,-1
2029,Oil - Non-Revenue Generating Prod (mbd),1006,Project Redcliff |Main Plan,-1
2029,Oil - Non-Revenue Generating Prod (mbd),1006,Project Silver Peak |Main Plan,0
2029,NGL - Non-Revenue Generating Prod (mbd),1007,Project Redcliff |Main Plan,0
2029,Gas - Non-Revenue Generating Prod (mmscfd),1008,Project Redcliff |Main Plan,-36
2029,Equity Accounted Total Production (mboed),1009,Project Cedar Point |Manual,0
2029,Equity Accounted Total Production (mboed),1009,Project Eagle Pass |Manual,0
2029,Equity Accounted Total Production (mboed),1009,Project Ironwood |Main Plan,-4
2029,Equity Accounted NGL Production,1011,Project Ironwood |Main Plan,-4
2029,Liquids Production (mboed),1013,Project Blue Horizon |Main Plan,70
2029,Liquids Production (mboed),1013,Project Cedar Point |Manual,40
2029,Liquids Production (mboed),1013,Project Copper Bay |Main Plan,26
2029,Liquids Production (mboed),1013,Project Eagle Pass |Manual,40
2029,Liquids Production (mboed),1013,Project Granite Basin |Main Plan,6
2029,Liquids Production (mboed),1013,Project Ironwood |Main Plan,4
2029,Liquids Production (mboed),1013,Project Northstar |Main Plan,29
2029,Liquids Production (mboed),1013,Project Raven Rock |Main Plan,10
2029,Liquids Production (mboed),1013,Project Redcliff |Main Plan,15
2029,Liquids Production (mboed),1013,Project Silver Peak |Main Plan,64
2029,Liquids Production (mboed),1013,Project Stonehaven |Main Plan,10
2029,Revenue Generating Total Prod (mboe),1015,Project Blue Horizon |Main Plan,25.55
2029,Revenue Generating Total Prod (mboe),1015,Project Copper Bay |Main Plan,9.49
2029,Revenue Generating Total Prod (mboe),1015,Project Granite Basin |Main Plan,11.315
2029,Revenue Generating Total Prod (mboe),1015,Project Highland Crest |Main Plan,0
2029,Revenue Generating Total Prod (mboe),1015,Project Ironwood |Main Plan,10.585
2029,Revenue Generating Total Prod (mboe),1015,Project Northstar |Main Plan,10.585
2029,Revenue Generating Total Prod (mboe),1015,Project Raven Rock |Main Plan,46.72
2029,Revenue Generating Total Prod (mboe),1015,Project Redcliff |Main Plan,28.835
2029,Revenue Generating Total Prod (mboe),1015,Project Silver Peak |Main Plan,23.36
2029,Revenue Generating Total Prod (mboe),1015,Project Stonehaven |Main Plan,4.745
2029,Gross Margin,2001,Project Blue Horizon |Main Plan,1315
2029,Gross Margin,2001,Project Cedar Point |Manual,1200
2029,Gross Margin,2001,Project Copper Bay |Main Plan,544
2029,Gross Margin,2001,Project Eagle Pass |Manual,1200
2029,Gross Margin,2001,Project Granite Basin |Main Plan,343
2029,Gross Margin,2001,Project Highland Crest |Main Plan,4
2029,Gross Margin,2001,Project Ironwood |Main Plan,294
2029,Gross Margin,2001,Project Northstar |Main Plan,553
2029,Gross Margin,2001,Project Raven Rock |Main Plan,707
2029,Gross Margin,2001,Project Redcliff |Main Plan,1096
2029,Gross Margin,2001,Project Silver Peak |Main Plan,1417
2029,Gross Margin,2001,Project Stonehaven |Main Plan,282
2029,Total Cash Costs,2002,Project Blue Horizon |Main Plan,-341
2029,Total Cash Costs,2002,Project Cedar Point |Manual,-250
2029,Total Cash Costs,2002,Project Copper Bay |Main Plan,-180
2029,Total Cash Costs,2002,Project Eagle Pass |Manual,-250
2029,Total Cash Costs,2002,Project Granite Basin |Main Plan,-183
2029,Total Cash Costs,2002,Project Highland Crest |Main Plan,-27
2029,Total Cash Costs,2002,Project Ironwood |Main Plan,-46
2029,Total Cash Costs,2002,Project Northstar |Main Plan,-251
2029,Total Cash Costs,2002,Project Raven Rock |Main Plan,-20
2029,Total Cash Costs,2002,Project Redcliff |Main Plan,-204
2029,Total Cash Costs,2002,Project Silver Peak |Main Plan,-271
2029,Total Cash Costs,2002,Project Stonehaven |Main Plan,-148
2029,Production Costs,2003,Project Blue Horizon |Main Plan,-341
2029,Production Costs,2003,Project Cedar Point |Manual,-180
2029,Production Costs,2003,Project Copper Bay |Main Plan,-177
2029,Production Costs,2003,Project Eagle Pass |Manual,-180
2029,Production Costs,2003,Project Granite Basin |Main Plan,-59
2029,Production Costs,2003,Project Highland Crest |Main Plan,-24
2029,Production Costs,2003,Project Ironwood |Main Plan,-46
2029,Production Costs,2003,Project Northstar |Main Plan,-245
2029,Production Costs,2003,Project Raven Rock |Main Plan,-20
2029,Production Costs,2003,Project Redcliff |Main Plan,-77
2029,Production Costs,2003,Project Silver Peak |Main Plan,-159
2029,Production Costs,2003,Project Stonehaven |Main Plan,-74
2029,EBITDA,2004,Project Blue Horizon |Main Plan,974
2029,EBITDA,2004,Project Cedar Point |Manual,950
2029,EBITDA,2004,Project Copper Bay |Main Plan,344
2029,EBITDA,2004,Project Eagle Pass |Manual,950
2029,EBITDA,2004,Project Granite Basin |Main Plan,162
2029,EBITDA,2004,Project Highland Crest |Main Plan,-31
2029,EBITDA,2004,Project Ironwood |Main Plan,261
2029,EBITDA,2004,Project Northstar |Main Plan,302
2029,EBITDA,2004,Project Raven Rock |Main Plan,687
2029,EBITDA,2004,Project Redcliff |Main Plan,892
2029,EBITDA,2004,Project Silver Peak |Main Plan,1144
2029,EBITDA,2004,Project Stonehaven |Main Plan,142
2029,DD&A Charge,2005,Project Blue Horizon |Main Plan,-686
2029,DD&A Charge,2005,Project Cedar Point |Manual,-660
2029,DD&A Charge,2005,Project Copper Bay |Main Plan,-299
2029,DD&A Charge,2005,Project Eagle Pass |Manual,-660
2029,DD&A Charge,2005,Project Granite Basin |Main Plan,-188
2029,DD&A Charge,2005,Project Highland Crest |Main Plan,-53
2029,DD&A Charge,2005,Project Ironwood |Main Plan,-177
2029,DD&A Charge,2005,Project Northstar |Main Plan,-217
2029,DD&A Charge,2005,Project Raven Rock |Main Plan,-210
2029,DD&A Charge,2005,Project Redcliff |Main Plan,-327
2029,DD&A Charge,2005,Project Silver Peak |Main Plan,-780
2029,DD&A Charge,2005,Project Stonehaven |Main Plan,-177
2029,Related Company Income,2006,Project Cedar Point |Manual,0
2029,Related Company Income,2006,Project Eagle Pass |Manual,0
2029,Related Company Income,2006,Project Ironwood |Main Plan,13
2029,Underlying RCOP,2007,Project Blue Horizon |Main Plan,288
2029,Underlying RCOP,2007,Project Cedar Point |Manual,300
2029,Underlying RCOP,2007,Project Copper Bay |Main Plan,45
2029,Underlying RCOP,2007,Project Eagle Pass |Manual,300
2029,Underlying RCOP,2007,Project Granite Basin |Main Plan,-26
2029,Underlying RCOP,2007,Project Highland Crest |Main Plan,-84
2029,Underlying RCOP,2007,Project Ironwood |Main Plan,84
2029,Underlying RCOP,2007,Project Northstar |Main Plan,85
2029,Underlying RCOP,2007,Project Raven Rock |Main Plan,477
2029,Underlying RCOP,2007,Project Redcliff |Main Plan,565
2029,Underlying RCOP,2007,Project Silver Peak |Main Plan,364
2029,Underlying RCOP,2007,Project Stonehaven |Main Plan,-35
2029,Working Capital Changes (SEA),3001,Project Blue Horizon |Main Plan,71
2029,Working Capital Changes (SEA),3001,Project Cedar Point |Manual,-120
2029,Working Capital Changes (SEA),3001,Project Copper Bay |Main Plan,-105
2029,Working Capital Changes (SEA),3001,Project Eagle Pass |Manual,-120
2029,Working Capital Changes (SEA),3001,Project Granite Basin |Main Plan,12
2029,Working Capital Changes (SEA),3001,Project Highland Crest |Main Plan,-2
2029,Working Capital Changes (SEA),3001,Project Raven Rock |Main Plan,-23
2029,Working Capital Changes (SEA),3001,Project Redcliff |Main Plan,-1
2029,Working Capital Changes (SEA),3001,Project Silver Peak |Main Plan,-19
2029,Working Capital Changes (SEA),3001,Project Stonehaven |Main Plan,-4
2029,Decommissioning Payments,3002,Project Cedar Point |Manual,-120
2029,Decommissioning Payments,3002,Project Copper Bay |Main Plan,-125
2029,Decommissioning Payments,3002,Project Eagle Pass |Manual,-120
2029,Decommissioning Payments,3002,Project Redcliff |Main Plan,-1
2029,Decommissioning Payments,3002,Project Stonehaven |Main Plan,-3
2029,Lease Interest paid,3003,Project Cedar Point |Manual,0
2029,Lease Interest paid,3003,Project Eagle Pass |Manual,0
2029,Total Dividend Received,3004,Project Cedar Point |Manual,0
2029,Total Dividend Received,3004,Project Eagle Pass |Manual,0
2029,Total Dividend Received,3004,Project Ironwood |Main Plan,13
2029,Operating Cashflow,3005,Project Blue Horizon |Main Plan,1041
2029,Operating Cashflow,3005,Project Cedar Point |Manual,840
2029,Operating Cashflow,3005,Project Copper Bay |Main Plan,238
2029,Operating Cashflow,3005,Project Eagle Pass |Manual,840
2029,Operating Cashflow,3005,Project Granite Basin |Main Plan,173
2029,Operating Cashflow,3005,Project Highland Crest |Main Plan,-27
2029,Operating Cashflow,3005,Project Ironwood |Main Plan,259
2029,Operating Cashflow,3005,Project Northstar |Main Plan,301
2029,Operating Cashflow,3005,Project Raven Rock |Main Plan,663
2029,Operating Cashflow,3005,Project Redcliff |Main Plan,890
2029,Operating Cashflow,3005,Project Silver Peak |Main Plan,1124
2029,Operating Cashflow,3005,Project Stonehaven |Main Plan,137
2029,Cash Capex,3006,Project Blue Horizon |Main Plan,-606
2029,Cash Capex,3006,Project Cedar Point |Manual,-430
2029,Cash Capex,3006,Project Copper Bay |Main Plan,-9
2029,Cash Capex,3006,Project Eagle Pass |Manual,-430
2029,Cash Capex,3006,Project Granite Basin |Main Plan,-43
2029,Cash Capex,3006,Project Ironwood |Main Plan,-203
2029,Cash Capex,3006,Project Northstar |Main Plan,-207
2029,Cash Capex,3006,Project Raven Rock |Main Plan,-143
2029,Cash Capex,3006,Project Redcliff |Main Plan,-132
2029,Cash Capex,3006,Project Silver Peak |Main Plan,-333
2029,Cash Capex,3006,Project Stonehaven |Main Plan,-1
2029,Cash Flow from Sale of Operations,3007,Project Cedar Point |Manual,0
2029,Cash Flow from Sale of Operations,3007,Project Eagle Pass |Manual,0
2029,Pre Tax Cash Flow,3008,Project Blue Horizon |Main Plan,435
2029,Pre Tax Cash Flow,3008,Project Cedar Point |Manual,420
2029,Pre Tax Cash Flow,3008,Project Copper Bay |Main Plan,229
2029,Pre Tax Cash Flow,3008,Project Eagle Pass |Manual,420
2029,Pre Tax Cash Flow,3008,Project Granite Basin |Main Plan,130
2029,Pre Tax Cash Flow,3008,Project Highland Crest |Main Plan,-27
2029,Pre Tax Cash Flow,3008,Project Ironwood |Main Plan,56
2029,Pre Tax Cash Flow,3008,Project Northstar |Main Plan,141
2029,Pre Tax Cash Flow,3008,Project Raven Rock |Main Plan,520
2029,Pre Tax Cash Flow,3008,Project Redcliff |Main Plan,758
2029,Pre Tax Cash Flow,3008,Project Silver Peak |Main Plan,783
2029,Pre Tax Cash Flow,3008,Project Stonehaven |Main Plan,136
2029,Capital Employed,4001,Project Blue Horizon |Main Plan,211
2029,Capital Employed,4001,Project Cedar Point |Manual,2720
2029,Capital Employed,4001,Project Copper Bay |Main Plan,669
2029,Capital Employed,4001,Project Eagle Pass |Manual,2720
2029,Capital Employed,4001,Project Granite Basin |Main Plan,424
2029,Capital Employed,4001,Project Highland Crest |Main Plan,2430
2029,Capital Employed,4001,Project Ironwood |Main Plan,707
2029,Capital Employed,4001,Project Northstar |Main Plan,505
2029,Capital Employed,4001,Project Raven Rock |Main Plan,131
2029,Capital Employed,4001,Project Redcliff |Main Plan,1016
2029,Capital Employed,4001,Project Silver Peak |Main Plan,3790
2029,Capital Employed,4001,Project Stonehaven |Main Plan,-39
2030,Total Production (mboed),1001,Project Blue Horizon |Main Plan,78
2030,Total Production (mboed),1001,Project Cedar Point |Manual,40
2030,Total Production (mboed),1001,Project Copper Bay |Main Plan,25
2030,Total Production (mboed),1001,Project Eagle Pass |Manual,40
2030,Total Production (mboed),1001,Project Granite Basin |Main Plan,28
2030,Total Production (mboed),1001,Project Ironwood |Main Plan,40
2030,Total Production (mboed),1001,Project Northstar |Main Plan,38
2030,Total Production (mboed),1001,Project Raven Rock |Main Plan,89
2030,Total Production (mboed),1001,Project Redcliff |Main Plan,69
2030,Total Production (mboed),1001,Project Silver Peak |Main Plan,59
2030,Total Production (mboed),1001,Project Stonehaven |Main Plan,9
2030,Oil Production (mb/d),1002,Project Blue Horizon |Main Plan,78
2030,Oil Production (mb/d),1002,Project Cedar Point |Manual,40
2030,Oil Production (mb/d),1002,Project Copper Bay |Main Plan,25
2030,Oil Production (mb/d),1002,Project Eagle Pass |Manual,40
2030,Oil Production (mb/d),1002,Project Granite Basin |Main Plan,6
2030,Oil Production (mb/d),1002,Project Ironwood |Main Plan,2
2030,Oil Production (mb/d),1002,Project Northstar |Main Plan,38
2030,Oil Production (mb/d),1002,Project Raven Rock |Main Plan,2
2030,Oil Production (mb/d),1002,Project Redcliff |Main Plan,9
2030,Oil Production (mb/d),1002,Project Silver Peak |Main Plan,59
2030,Oil Production (mb/d),1002,Project Stonehaven |Main Plan,6
2030,NGL Production (mb/d),1003,Project Cedar Point |Manual,0
2030,NGL Production (mb/d),1003,Project Eagle Pass |Manual,0
2030,NGL Production (mb/d),1003,Project Ironwood |Main Plan,3
2030,NGL Production (mb/d),1003,Project Raven Rock |Main Plan,3
2030,NGL Production (mb/d),1003,Project Redcliff |Main Plan,1
2030,NGL Production (mb/d),1003,Project Stonehaven |Main Plan,0
2030,Gas Production (mmscf/d),1004,Project Cedar Point |Manual,10
2030,Gas Production (mmscf/d),1004,Project Eagle Pass |Manual,10
2030,Gas Production (mmscf/d),1004,Project Granite Basin |Main Plan,128
2030,Gas Production (mmscf/d),1004,Project Ironwood |Main Plan,198
2030,Gas Production (mmscf/d),1004,Project Raven Rock |Main Plan,484
2030,Gas Production (mmscf/d),1004,Project Redcliff |Main Plan,341
2030,Gas Production (mmscf/d),1004,Project Stonehaven |Main Plan,13
2030,Revenue Generating Total Prod (mboed),1005,Project Blue Horizon |Main Plan,78
2030,Revenue Generating Total Prod (mboed),1005,Project Cedar Point |Manual,40
2030,Revenue Generating Total Prod (mboed),1005,Project Copper Bay |Main Plan,25
2030,Revenue Generating Total Prod (mboed),1005,Project Eagle Pass |Manual,40
2030,Revenue Generating Total Prod (mboed),1005,Project Granite Basin |Main Plan,28
2030,Revenue Generating Total Prod (mboed),1005,Project Ironwood |Main Plan,36
2030,Revenue Generating Total Prod (mboed),1005,Project Northstar |Main Plan,38
2030,Revenue Generating Total Prod (mboed),1005,Project Raven Rock |Main Plan,89
2030,Revenue Generating Total Prod (mboed),1005,Project Redcliff |Main Plan,63
2030,Revenue Generating Total Prod (mboed),1005,Project Silver Peak |Main Plan,59
2030,Revenue Generating Total Prod (mboed),1005,Project Stonehaven |Main Plan,9
2030,Gas - Non-Revenue Generating Prod (mmscfd),1008,Project Redcliff |Main Plan,-36
2030,Equity Accounted Total Production (mboed),1009,Project Cedar Point |Manual,0
2030,Equity Accounted Total Production (mboed),1009,Project Eagle Pass |Manual,0
2030,Equity Accounted Total Production (mboed),1009,Project Ironwood |Main Plan,-4
2030,Equity Accounted NGL Production,1011,Project Ironwood |Main Plan,-4
2030,Liquids Production (mboed),1013,Project Blue Horizon |Main Plan,78
2030,Liquids Production (mboed),1013,Project Cedar Point |Manual,40
2030,Liquids Production (mboed),1013,Project Copper Bay |Main Plan,25
2030,Liquids Production (mboed),1013,Project Eagle Pass |Manual,40
2030,Liquids Production (mboed),1013,Project Granite Basin |Main Plan,6
2030,Liquids Production (mboed),1013,Project Ironwood |Main Plan,5
2030,Liquids Production (mboed),1013,Project Northstar |Main Plan,38
2030,Liquids Production (mboed),1013,Project Raven Rock |Main Plan,5
2030,Liquids Production (mboed),1013,Project Redcliff |Main Plan,10
2030,Liquids Production (mboed),1013,Project Silver Peak |Main Plan,59
2030,Liquids Production (mboed),1013,Project Stonehaven |Main Plan,6
2030,Revenue Generating Total Prod (mboe),1015,Project Blue Horizon |Main Plan,28.47
2030,Revenue Generating Total Prod (mboe),1015,Project Copper Bay |Main Plan,9.125
2030,Revenue Generating Total Prod (mboe),1015,Project Granite Basin |Main Plan,10.22
2030,Revenue Generating Total Prod (mboe),1015,Project Ironwood |Main Plan,13.14
2030,Revenue Generating Total Prod (mboe),1015,Project Northstar |Main Plan,13.87
2030,Revenue Generating Total Prod (mboe),1015,Project Raven Rock |Main Plan,32.485
2030,Revenue Generating Total Prod (mboe),1015,Project Redcliff |Main Plan,22.995
2030,Revenue Generating Total Prod (mboe),1015,Project Silver Peak |Main Plan,21.535
2030,Revenue Generating Total Prod (mboe),1015,Project Stonehaven |Main Plan,3.285
2030,Gross Margin,2001,Project Blue Horizon |Main Plan,1473
2030,Gross Margin,2001,Project Cedar Point |Manual,1170
2030,Gross Margin,2001,Project Copper Bay |Main Plan,531
2030,Gross Margin,2001,Project Eagle Pass |Manual,1170
2030,Gross Margin,2001,Project Granite Basin |Main Plan,327
2030,Gross Margin,2001,Project Highland Crest |Main Plan,0
2030,Gross Margin,2001,Project Ironwood |Main Plan,378
2030,Gross Margin,2001,Project Northstar |Main Plan,731
2030,Gross Margin,2001,Project Raven Rock |Main Plan,534
2030,Gross Margin,2001,Project Redcliff |Main Plan,893
2030,Gross Margin,2001,Project Silver Peak |Main Plan,1341
2030,Gross Margin,2001,Project Stonehaven |Main Plan,213
2030,Total Cash Costs,2002,Project Blue Horizon |Main Plan,-359
2030,Total Cash Costs,2002,Project Cedar Point |Manual,-250
2030,Total Cash Costs,2002,Project Copper Bay |Main Plan,-170
2030,Total Cash Costs,2002,Project Eagle Pass |Manual,-250
2030,Total Cash Costs,2002,Project Granite Basin |Main Plan,-194
2030,Total Cash Costs,2002,Project Highland Crest |Main Plan,-7
2030,Total Cash Costs,2002,Project Ironwood |Main Plan,-53
2030,Total Cash Costs,2002,Project Northstar |Main Plan,-256
2030,Total Cash Costs,2002,Project Raven Rock |Main Plan,-14
2030,Total Cash Costs,2002,Project Redcliff |Main Plan,-194
2030,Total Cash Costs,2002,Project Silver Peak |Main Plan,-261
2030,Total Cash Costs,2002,Project Stonehaven |Main Plan,-159
2030,Production Costs,2003,Project Blue Horizon |Main Plan,-359
2030,Production Costs,2003,Project Cedar Point |Manual,-180
2030,Production Costs,2003,Project Copper Bay |Main Plan,-168
2030,Production Costs,2003,Project Eagle Pass |Manual,-180
2030,Production Costs,2003,Project Granite Basin |Main Plan,-63
2030,Production Costs,2003,Project Highland Crest |Main Plan,-6
2030,Production Costs,2003,Project Ironwood |Main Plan,-53
2030,Production Costs,2003,Project Northstar |Main Plan,-256
2030,Production Costs,2003,Project Raven Rock |Main Plan,-14
2030,Production Costs,2003,Project Redcliff |Main Plan,-77
2030,Production Costs,2003,Project Silver Peak |Main Plan,-155
2030,Production Costs,2003,Project Stonehaven |Main Plan,-84
2030,EBITDA,2004,Project Blue Horizon |Main Plan,1114
2030,EBITDA,2004,Project Cedar Point |Manual,920
2030,EBITDA,2004,Project Copper Bay |Main Plan,361
2030,EBITDA,2004,Project Eagle Pass |Manual,920
2030,EBITDA,2004,Project Granite Basin |Main Plan,133
2030,EBITDA,2004,Project Highland Crest |Main Plan,-7
2030,EBITDA,2004,Project Ironwood |Main Plan,337
2030,EBITDA,2004,Project Northstar |Main Plan,475
2030,EBITDA,2004,Project Raven Rock |Main Plan,520
2030,EBITDA,2004,Project Redcliff |Main Plan,699
2030,EBITDA,2004,Project Silver Peak |Main Plan,1080
2030,EBITDA,2004,Project Stonehaven |Main Plan,54
2030,DD&A Charge,2005,Project Blue Horizon |Main Plan,-781
2030,DD&A Charge,2005,Project Cedar Point |Manual,-630
2030,DD&A Charge,2005,Project Copper Bay |Main Plan,-270
2030,DD&A Charge,2005,Project Eagle Pass |Manual,-630
2030,DD&A Charge,2005,Project Granite Basin |Main Plan,-159
2030,DD&A Charge,2005,Project Highland Crest |Main Plan,-47
2030,DD&A Charge,2005,Project Ironwood |Main Plan,-218
2030,DD&A Charge,2005,Project Northstar |Main Plan,-268
2030,DD&A Charge,2005,Project Raven Rock |Main Plan,-153
2030,DD&A Charge,2005,Project Redcliff |Main Plan,-267
2030,DD&A Charge,2005,Project Silver Peak |Main Plan,-716
2030,DD&A Charge,2005,Project Stonehaven |Main Plan,-107
2030,Related Company Income,2006,Project Cedar Point |Manual,0
2030,Related Company Income,2006,Project Eagle Pass |Manual,0
2030,Related Company Income,2006,Project Ironwood |Main Plan,12
2030,Underlying RCOP,2007,Project Blue Horizon |Main Plan,333
2030,Underlying RCOP,2007,Project Cedar Point |Manual,310
2030,Underlying RCOP,2007,Project Copper Bay |Main Plan,91
2030,Underlying RCOP,2007,Project Eagle Pass |Manual,310
2030,Underlying RCOP,2007,Project Granite Basin |Main Plan,-26
2030,Underlying RCOP,2007,Project Highland Crest |Main Plan,-54
2030,Underlying RCOP,2007,Project Ironwood |Main Plan,119
2030,Underlying RCOP,2007,Project Northstar |Main Plan,207
2030,Underlying RCOP,2007,Project Raven Rock |Main Plan,367
2030,Underlying RCOP,2007,Project Redcliff |Main Plan,432
2030,Underlying RCOP,2007,Project Silver Peak |Main Plan,364
2030,Underlying RCOP,2007,Project Stonehaven |Main Plan,-53
2030,Working Capital Changes (SEA),3001,Project Blue Horizon |Main Plan,35
2030,Working Capital Changes (SEA),3001,Project Cedar Point |Manual,-120
2030,Working Capital Changes (SEA),3001,Project Copper Bay |Main Plan,-112
2030,Working Capital Changes (SEA),3001,Project Eagle Pass |Manual,-120
2030,Working Capital Changes (SEA),3001,Project Granite Basin |Main Plan,-14
2030,Working Capital Changes (SEA),3001,Project Highland Crest |Main Plan,-2
2030,Working Capital Changes (SEA),3001,Project Raven Rock |Main Plan,58
2030,Working Capital Changes (SEA),3001,Project Redcliff |Main Plan,-56
2030,Working Capital Changes (SEA),3001,Project Silver Peak |Main Plan,94
2030,Working Capital Changes (SEA),3001,Project Stonehaven |Main Plan,2
2030,Decommissioning Payments,3002,Project Cedar Point |Manual,-130
2030,Decommissioning Payments,3002,Project Copper Bay |Main Plan,-93
2030,Decommissioning Payments,3002,Project Eagle Pass |Manual,-130
2030,Decommissioning Payments,3002,Project Redcliff |Main Plan,-2
2030,Decommissioning Payments,3002,Project Stonehaven |Main Plan,-8
2030,Lease Interest paid,3003,Project Cedar Point |Manual,0
2030,Lease Interest paid,3003,Project Eagle Pass |Manual,0
2030,Total Dividend Received,3004,Project Cedar Point |Manual,0
2030,Total Dividend Received,3004,Project Eagle Pass |Manual,0
2030,Total Dividend Received,3004,Project Ironwood |Main Plan,13
2030,Operating Cashflow,3005,Project Blue Horizon |Main Plan,1145
2030,Operating Cashflow,3005,Project Cedar Point |Manual,810
2030,Operating Cashflow,3005,Project Copper Bay |Main Plan,248
2030,Operating Cashflow,3005,Project Eagle Pass |Manual,810
2030,Operating Cashflow,3005,Project Granite Basin |Main Plan,118
2030,Operating Cashflow,3005,Project Highland Crest |Main Plan,-10
2030,Operating Cashflow,3005,Project Ironwood |Main Plan,336
2030,Operating Cashflow,3005,Project Northstar |Main Plan,474
2030,Operating Cashflow,3005,Project Raven Rock |Main Plan,577
2030,Operating Cashflow,3005,Project Redcliff |Main Plan,642
2030,Operating Cashflow,3005,Project Silver Peak |Main Plan,1173
2030,Operating Cashflow,3005,Project Stonehaven |Main Plan,55
2030,Cash Capex,3006,Project Blue Horizon |Main Plan,-718
2030,Cash Capex,3006,Project Cedar Point |Manual,-410
2030,Cash Capex,3006,Project Copper Bay |Main Plan,-17
2030,Cash Capex,3006,Project Eagle Pass |Manual,-410
2030,Cash Capex,3006,Project Granite Basin |Main Plan,-35
2030,Cash Capex,3006,Project Ironwood |Main Plan,-59
2030,Cash Capex,3006,Project Northstar |Main Plan,-67
2030,Cash Capex,3006,Project Raven Rock |Main Plan,-23
2030,Cash Capex,3006,Project Redcliff |Main Plan,-122
2030,Cash Capex,3006,Project Silver Peak |Main Plan,-315
2030,Cash Flow from Sale of Operations,3007,Project Cedar Point |Manual,0
2030,Cash Flow from Sale of Operations,3007,Project Eagle Pass |Manual,0
2030,Pre Tax Cash Flow,3008,Project Blue Horizon |Main Plan,427
2030,Pre Tax Cash Flow,3008,Project Cedar Point |Manual,400
2030,Pre Tax Cash Flow,3008,Project Copper Bay |Main Plan,231
2030,Pre Tax Cash Flow,3008,Project Eagle Pass |Manual,400
2030,Pre Tax Cash Flow,3008,Project Granite Basin |Main Plan,83
2030,Pre Tax Cash Flow,3008,Project Highland Crest |Main Plan,-10
2030,Pre Tax Cash Flow,3008,Project Ironwood |Main Plan,277
2030,Pre Tax Cash Flow,3008,Project Northstar |Main Plan,402
2030,Pre Tax Cash Flow,3008,Project Raven Rock |Main Plan,554
2030,Pre Tax Cash Flow,3008,Project Redcliff |Main Plan,520
2030,Pre Tax Cash Flow,3008,Project Silver Peak |Main Plan,845
2030,Pre Tax Cash Flow,3008,Project Stonehaven |Main Plan,55
2030,Capital Employed,4001,Project Blue Horizon |Main Plan,112
2030,Capital Employed,4001,Project Cedar Point |Manual,2580
2030,Capital Employed,4001,Project Copper Bay |Main Plan,522
2030,Capital Employed,4001,Project Eagle Pass |Manual,2580
2030,Capital Employed,4001,Project Granite Basin |Main Plan,304
2030,Capital Employed,4001,Project Highland Crest |Main Plan,2385
2030,Capital Employed,4001,Project Ironwood |Main Plan,547
2030,Capital Employed,4001,Project Northstar |Main Plan,309
2030,Capital Employed,4001,Project Raven Rock |Main Plan,-58
2030,Capital Employed,4001,Project Redcliff |Main Plan,906
2030,Capital Employed,4001,Project Silver Peak |Main Plan,3260
2030,Capital Employed,4001,Project Stonehaven |Main Plan,-150
2031,Total Production (mboed),1001,Project Blue Horizon |Main Plan,84
2031,Total Production (mboed),1001,Project Cedar Point |Manual,30
2031,Total Production (mboed),1001,Project Copper Bay |Main Plan,22
2031,Total Production (mboed),1001,Project Eagle Pass |Manual,30
2031,Total Production (mboed),1001,Project Granite Basin |Main Plan,29
2031,Total Production (mboed),1001,Project Ironwood |Main Plan,31
2031,Total Production (mboed),1001,Project Northstar |Main Plan,36
2031,Total Production (mboed),1001,Project Raven Rock |Main Plan,93
2031,Total Production (mboed),1001,Project Redcliff |Main Plan,58
2031,Total Production (mboed),1001,Project Silver Peak |Main Plan,54
2031,Total Production (mboed),1001,Project Stonehaven |Main Plan,7
2031,Oil Production (mb/d),1002,Project Blue Horizon |Main Plan,84
2031,Oil Production (mb/d),1002,Project Cedar Point |Manual,30
2031,Oil Production (mb/d),1002,Project Copper Bay |Main Plan,22
2031,Oil Production (mb/d),1002,Project Eagle Pass |Manual,30
2031,Oil Production (mb/d),1002,Project Granite Basin |Main Plan,6
2031,Oil Production (mb/d),1002,Project Ironwood |Main Plan,2
2031,Oil Production (mb/d),1002,Project Northstar |Main Plan,36
2031,Oil Production (mb/d),1002,Project Raven Rock |Main Plan,2
2031,Oil Production (mb/d),1002,Project Redcliff |Main Plan,8
2031,Oil Production (mb/d),1002,Project Silver Peak |Main Plan,54
2031,Oil Production (mb/d),1002,Project Stonehaven |Main Plan,5
2031,NGL Production (mb/d),1003,Project Cedar Point |Manual,0
2031,NGL Production (mb/d),1003,Project Eagle Pass |Manual,0
2031,NGL Production (mb/d),1003,Project Ironwood |Main Plan,2
2031,NGL Production (mb/d),1003,Project Raven Rock |Main Plan,2
2031,NGL Production (mb/d),1003,Project Redcliff |Main Plan,0
2031,NGL Production (mb/d),1003,Project Stonehaven |Main Plan,0
2031,Gas Production (mmscf/d),1004,Project Cedar Point |Manual,0
2031,Gas Production (mmscf/d),1004,Project Eagle Pass |Manual,0
2031,Gas Production (mmscf/d),1004,Project Granite Basin |Main Plan,131
2031,Gas Production (mmscf/d),1004,Project Ironwood |Main Plan,153
2031,Gas Production (mmscf/d),1004,Project Raven Rock |Main Plan,514
2031,Gas Production (mmscf/d),1004,Project Redcliff |Main Plan,287
2031,Gas Production (mmscf/d),1004,Project Stonehaven |Main Plan,13
2031,Revenue Generating Total Prod (mboed),1005,Project Blue Horizon |Main Plan,84
2031,Revenue Generating Total Prod (mboed),1005,Project Cedar Point |Manual,30
2031,Revenue Generating Total Prod (mboed),1005,Project Copper Bay |Main Plan,22
2031,Revenue Generating Total Prod (mboed),1005,Project Eagle Pass |Manual,30
2031,Revenue Generating Total Prod (mboed),1005,Project Granite Basin |Main Plan,29
2031,Revenue Generating Total Prod (mboed),1005,Project Ironwood |Main Plan,28
2031,Revenue Generating Total Prod (mboed),1005,Project Northstar |Main Plan,36
2031,Revenue Generating Total Prod (mboed),1005,Project Raven Rock |Main Plan,93
2031,Revenue Generating Total Prod (mboed),1005,Project Redcliff |Main Plan,53
2031,Revenue Generating Total Prod (mboed),1005,Project Silver Peak |Main Plan,54
2031,Revenue Generating Total Prod (mboed),1005,Project Stonehaven |Main Plan,7
2031,Gas - Non-Revenue Generating Prod (mmscfd),1008,Project Redcliff |Main Plan,-31
2031,Equity Accounted Total Production (mboed),1009,Project Cedar Point |Manual,0
2031,Equity Accounted Total Production (mboed),1009,Project Eagle Pass |Manual,0
2031,Equity Accounted Total Production (mboed),1009,Project Ironwood |Main Plan,-3
2031,Equity Accounted NGL Production,1011,Project Ironwood |Main Plan,-3
2031,Liquids Production (mboed),1013,Project Blue Horizon |Main Plan,84
2031,Liquids Production (mboed),1013,Project Cedar Point |Manual,30
2031,Liquids Production (mboed),1013,Project Copper Bay |Main Plan,22
2031,Liquids Production (mboed),1013,Project Eagle Pass |Manual,30
2031,Liquids Production (mboed),1013,Project Granite Basin |Main Plan,6
2031,Liquids Production (mboed),1013,Project Ironwood |Main Plan,4
2031,Liquids Production (mboed),1013,Project Northstar |Main Plan,36
2031,Liquids Production (mboed),1013,Project Raven Rock |Main Plan,4
2031,Liquids Production (mboed),1013,Project Redcliff |Main Plan,8
2031,Liquids Production (mboed),1013,Project Silver Peak |Main Plan,54
2031,Liquids Production (mboed),1013,Project Stonehaven |Main Plan,5
2031,Revenue Generating Total Prod (mboe),1015,Project Blue Horizon |Main Plan,30.66
2031,Revenue Generating Total Prod (mboe),1015,Project Copper Bay |Main Plan,8.03
2031,Revenue Generating Total Prod (mboe),1015,Project Granite Basin |Main Plan,10.585
2031,Revenue Generating Total Prod (mboe),1015,Project Ironwood |Main Plan,10.22
2031,Revenue Generating Total Prod (mboe),1015,Project Northstar |Main Plan,13.14
2031,Revenue Generating Total Prod (mboe),1015,Project Raven Rock |Main Plan,33.945
2031,Revenue Generating Total Prod (mboe),1015,Project Redcliff |Main Plan,19.345
2031,Revenue Generating Total Prod (mboe),1015,Project Silver Peak |Main Plan,19.71
2031,Revenue Generating Total Prod (mboe),1015,Project Stonehaven |Main Plan,2.555
2031,Gross Margin,2001,Project Blue Horizon |Main Plan,1620
2031,Gross Margin,2001,Project Cedar Point |Manual,1130
2031,Gross Margin,2001,Project Copper Bay |Main Plan,470
2031,Gross Margin,2001,Project Eagle Pass |Manual,1130
2031,Gross Margin,2001,Project Granite Basin |Main Plan,325
2031,Gross Margin,2001,Project Ironwood |Main Plan,292
2031,Gross Margin,2001,Project Northstar |Main Plan,707
2031,Gross Margin,2001,Project Raven Rock |Main Plan,569
2031,Gross Margin,2001,Project Redcliff |Main Plan,761
2031,Gross Margin,2001,Project Silver Peak |Main Plan,1253
2031,Gross Margin,2001,Project Stonehaven |Main Plan,180
2031,Total Cash Costs,2002,Project Blue Horizon |Main Plan,-368
2031,Total Cash Costs,2002,Project Cedar Point |Manual,-250
2031,Total Cash Costs,2002,Project Copper Bay |Main Plan,-163
2031,Total Cash Costs,2002,Project Eagle Pass |Manual,-250
2031,Total Cash Costs,2002,Project Granite Basin |Main Plan,-188
2031,Total Cash Costs,2002,Project Highland Crest |Main Plan,-2
2031,Total Cash Costs,2002,Project Ironwood |Main Plan,-50
2031,Total Cash Costs,2002,Project Northstar |Main Plan,-250
2031,Total Cash Costs,2002,Project Raven Rock |Main Plan,-14
2031,Total Cash Costs,2002,Project Redcliff |Main Plan,-184
2031,Total Cash Costs,2002,Project Silver Peak |Main Plan,-241
2031,Total Cash Costs,2002,Project Stonehaven |Main Plan,-135
2031,Production Costs,2003,Project Blue Horizon |Main Plan,-368
2031,Production Costs,2003,Project Cedar Point |Manual,-190
2031,Production Costs,2003,Project Copper Bay |Main Plan,-161
2031,Production Costs,2003,Project Eagle Pass |Manual,-190
2031,Production Costs,2003,Project Granite Basin |Main Plan,-61
2031,Production Costs,2003,Project Highland Crest |Main Plan,-1
2031,Production Costs,2003,Project Ironwood |Main Plan,-50
2031,Production Costs,2003,Project Northstar |Main Plan,-250
2031,Production Costs,2003,Project Raven Rock |Main Plan,-14
2031,Production Costs,2003,Project Redcliff |Main Plan,-73
2031,Production Costs,2003,Project Silver Peak |Main Plan,-148
2031,Production Costs,2003,Project Stonehaven |Main Plan,-68
2031,EBITDA,2004,Project Blue Horizon |Main Plan,1252
2031,EBITDA,2004,Project Cedar Point |Manual,880
2031,EBITDA,2004,Project Copper Bay |Main Plan,307
2031,EBITDA,2004,Project Eagle Pass |Manual,880
2031,EBITDA,2004,Project Granite Basin |Main Plan,137
2031,EBITDA,2004,Project Highland Crest |Main Plan,-2
2031,EBITDA,2004,Project Ironwood |Main Plan,247
2031,EBITDA,2004,Project Northstar |Main Plan,457
2031,EBITDA,2004,Project Raven Rock |Main Plan,555
2031,EBITDA,2004,Project Redcliff |Main Plan,577
2031,EBITDA,2004,Project Silver Peak |Main Plan,1012
2031,EBITDA,2004,Project Stonehaven |Main Plan,45
2031,DD&A Charge,2005,Project Blue Horizon |Main Plan,-856
2031,DD&A Charge,2005,Project Cedar Point |Manual,-590
2031,DD&A Charge,2005,Project Copper Bay |Main Plan,-220
2031,DD&A Charge,2005,Project Eagle Pass |Manual,-590
2031,DD&A Charge,2005,Project Granite Basin |Main Plan,-151
2031,DD&A Charge,2005,Project Highland Crest |Main Plan,-47
2031,DD&A Charge,2005,Project Ironwood |Main Plan,-168
2031,DD&A Charge,2005,Project Northstar |Main Plan,-240
2031,DD&A Charge,2005,Project Raven Rock |Main Plan,-216
2031,DD&A Charge,2005,Project Redcliff |Main Plan,-224
2031,DD&A Charge,2005,Project Silver Peak |Main Plan,-657
2031,DD&A Charge,2005,Project Stonehaven |Main Plan,-86
2031,Related Company Income,2006,Project Cedar Point |Manual,0
2031,Related Company Income,2006,Project Eagle Pass |Manual,0
2031,Related Company Income,2006,Project Ironwood |Main Plan,5
2031,Underlying RCOP,2007,Project Blue Horizon |Main Plan,396
2031,Underlying RCOP,2007,Project Cedar Point |Manual,300
2031,Underlying RCOP,2007,Project Copper Bay |Main Plan,87
2031,Underlying RCOP,2007,Project Eagle Pass |Manual,300
2031,Underlying RCOP,2007,Project Granite Basin |Main Plan,-14
2031,Underlying RCOP,2007,Project Highland Crest |Main Plan,-49
2031,Underlying RCOP,2007,Project Ironwood |Main Plan,79
2031,Underlying RCOP,2007,Project Northstar |Main Plan,217
2031,Underlying RCOP,2007,Project Raven Rock |Main Plan,339
2031,Underlying RCOP,2007,Project Redcliff |Main Plan,353
2031,Underlying RCOP,2007,Project Silver Peak |Main Plan,355
2031,Underlying RCOP,2007,Project Stonehaven |Main Plan,-41
2031,Working Capital Changes (SEA),3001,Project Blue Horizon |Main Plan,-11
2031,Working Capital Changes (SEA),3001,Project Cedar Point |Manual,-120
2031,Working Capital Changes (SEA),3001,Project Copper Bay |Main Plan,-74
2031,Working Capital Changes (SEA),3001,Project Eagle Pass |Manual,-120
2031,Working Capital Changes (SEA),3001,Project Granite Basin |Main Plan,-2
2031,Working Capital Changes (SEA),3001,Project Highland Crest |Main Plan,-1
2031,Working Capital Changes (SEA),3001,Project Raven Rock |Main Plan,0
2031,Working Capital Changes (SEA),3001,Project Redcliff |Main Plan,6
2031,Working Capital Changes (SEA),3001,Project Silver Peak |Main Plan,4
2031,Working Capital Changes (SEA),3001,Project Stonehaven |Main Plan,-10
2031,Decommissioning Payments,3002,Project Cedar Point |Manual,-120
2031,Decommissioning Payments,3002,Project Copper Bay |Main Plan,-77
2031,Decommissioning Payments,3002,Project Eagle Pass |Manual,-120
2031,Decommissioning Payments,3002,Project Redcliff |Main Plan,-5
2031,Decommissioning Payments,3002,Project Stonehaven |Main Plan,-8
2031,Lease Interest paid,3003,Project Cedar Point |Manual,0
2031,Lease Interest paid,3003,Project Eagle Pass |Manual,0
2031,Total Dividend Received,3004,Project Cedar Point |Manual,0
2031,Total Dividend Received,3004,Project Eagle Pass |Manual,0
2031,Total Dividend Received,3004,Project Ironwood |Main Plan,7
2031,Operating Cashflow,3005,Project Blue Horizon |Main Plan,1237
2031,Operating Cashflow,3005,Project Cedar Point |Manual,760
2031,Operating Cashflow,3005,Project Copper Bay |Main Plan,232
2031,Operating Cashflow,3005,Project Eagle Pass |Manual,760
2031,Operating Cashflow,3005,Project Granite Basin |Main Plan,134
2031,Operating Cashflow,3005,Project Highland Crest |Main Plan,-4
2031,Operating Cashflow,3005,Project Ironwood |Main Plan,247
2031,Operating Cashflow,3005,Project Northstar |Main Plan,456
2031,Operating Cashflow,3005,Project Raven Rock |Main Plan,554
2031,Operating Cashflow,3005,Project Redcliff |Main Plan,582
2031,Operating Cashflow,3005,Project Silver Peak |Main Plan,1015
2031,Operating Cashflow,3005,Project Stonehaven |Main Plan,34
2031,Cash Capex,3006,Project Blue Horizon |Main Plan,-826
2031,Cash Capex,3006,Project Cedar Point |Manual,-400
2031,Cash Capex,3006,Project Copper Bay |Main Plan,-1
2031,Cash Capex,3006,Project Eagle Pass |Manual,-400
2031,Cash Capex,3006,Project Granite Basin |Main Plan,-47
2031,Cash Capex,3006,Project Ironwood |Main Plan,-81
2031,Cash Capex,3006,Project Northstar |Main Plan,-90
2031,Cash Capex,3006,Project Raven Rock |Main Plan,-22
2031,Cash Capex,3006,Project Redcliff |Main Plan,-163
2031,Cash Capex,3006,Project Silver Peak |Main Plan,-269
2031,Cash Flow from Sale of Operations,3007,Project Cedar Point |Manual,0
2031,Cash Flow from Sale of Operations,3007,Project Eagle Pass |Manual,0
2031,Pre Tax Cash Flow,3008,Project Blue Horizon |Main Plan,411
2031,Pre Tax Cash Flow,3008,Project Cedar Point |Manual,370
2031,Pre Tax Cash Flow,3008,Project Copper Bay |Main Plan,231
2031,Pre Tax Cash Flow,3008,Project Eagle Pass |Manual,370
2031,Pre Tax Cash Flow,3008,Project Granite Basin |Main Plan,87
2031,Pre Tax Cash Flow,3008,Project Highland Crest |Main Plan,-4
2031,Pre Tax Cash Flow,3008,Project Ironwood |Main Plan,166
2031,Pre Tax Cash Flow,3008,Project Northstar |Main Plan,361
2031,Pre Tax Cash Flow,3008,Project Raven Rock |Main Plan,532
2031,Pre Tax Cash Flow,3008,Project Redcliff |Main Plan,419
2031,Pre Tax Cash Flow,3008,Project Silver Peak |Main Plan,728
2031,Pre Tax Cash Flow,3008,Project Stonehaven |Main Plan,34
2031,Capital Employed,4001,Project Blue Horizon |Main Plan,93
2031,Capital Employed,4001,Project Cedar Point |Manual,2470
2031,Capital Employed,4001,Project Copper Bay |Main Plan,373
2031,Capital Employed,4001,Project Eagle Pass |Manual,2470
2031,Capital Employed,4001,Project Granite Basin |Main Plan,189
2031,Capital Employed,4001,Project Highland Crest |Main Plan,2338
2031,Capital Employed,4001,Project Ironwood |Main Plan,458
2031,Capital Employed,4001,Project Northstar |Main Plan,163
2031,Capital Employed,4001,Project Raven Rock |Main Plan,-254
2031,Capital Employed,4001,Project Redcliff |Main Plan,819
2031,Capital Employed,4001,Project Silver Peak |Main Plan,2834
2031,Capital Employed,4001,Project Stonehaven |Main Plan,-227
2032,Total Production (mboed),1001,Project Blue Horizon |Main Plan,89
2032,Total Production (mboed),1001,Project Cedar Point |Manual,30
2032,Total Production (mboed),1001,Project Copper Bay |Main Plan,16
2032,Total Production (mboed),1001,Project Eagle Pass |Manual,30
2032,Total Production (mboed),1001,Project Granite Basin |Main Plan,27
2032,Total Production (mboed),1001,Project Ironwood |Main Plan,32
2032,Total Production (mboed),1001,Project Northstar |Main Plan,26
2032,Total Production (mboed),1001,Project Raven Rock |Main Plan,71
2032,Total Production (mboed),1001,Project Redcliff |Main Plan,55
2032,Total Production (mboed),1001,Project Silver Peak |Main Plan,52
2032,Total Production (mboed),1001,Project Stonehaven |Main Plan,5
2032,Oil Production (mb/d),1002,Project Blue Horizon |Main Plan,89
2032,Oil Production (mb/d),1002,Project Cedar Point |Manual,30
2032,Oil Production (mb/d),1002,Project Copper Bay |Main Plan,16
2032,Oil Production (mb/d),1002,Project Eagle Pass |Manual,30
2032,Oil Production (mb/d),1002,Project Granite Basin |Main Plan,6
2032,Oil Production (mb/d),1002,Project Ironwood |Main Plan,3
2032,Oil Production (mb/d),1002,Project Northstar |Main Plan,26
2032,Oil Production (mb/d),1002,Project Raven Rock |Main Plan,1
2032,Oil Production (mb/d),1002,Project Redcliff |Main Plan,7
2032,Oil Production (mb/d),1002,Project Silver Peak |Main Plan,52
2032,Oil Production (mb/d),1002,Project Stonehaven |Main Plan,4
2032,NGL Production (mb/d),1003,Project Cedar Point |Manual,0
2032,NGL Production (mb/d),1003,Project Eagle Pass |Manual,0
2032,NGL Production (mb/d),1003,Project Ironwood |Main Plan,2
2032,NGL Production (mb/d),1003,Project Raven Rock |Main Plan,3
2032,NGL Production (mb/d),1003,Project Redcliff |Main Plan,0
2032,NGL Production (mb/d),1003,Project Stonehaven |Main Plan,0
2032,Gas Production (mmscf/d),1004,Project Cedar Point |Manual,0
2032,Gas Production (mmscf/d),1004,Project Eagle Pass |Manual,0
2032,Gas Production (mmscf/d),1004,Project Granite Basin |Main Plan,125
2032,Gas Production (mmscf/d),1004,Project Ironwood |Main Plan,154
2032,Gas Production (mmscf/d),1004,Project Raven Rock |Main Plan,383
2032,Gas Production (mmscf/d),1004,Project Redcliff |Main Plan,268
2032,Gas Production (mmscf/d),1004,Project Stonehaven |Main Plan,4
2032,Revenue Generating Total Prod (mboed),1005,Project Blue Horizon |Main Plan,89
2032,Revenue Generating Total Prod (mboed),1005,Project Cedar Point |Manual,30
2032,Revenue Generating Total Prod (mboed),1005,Project Copper Bay |Main Plan,16
2032,Revenue Generating Total Prod (mboed),1005,Project Eagle Pass |Manual,30
2032,Revenue Generating Total Prod (mboed),1005,Project Granite Basin |Main Plan,27
2032,Revenue Generating Total Prod (mboed),1005,Project Ironwood |Main Plan,30
2032,Revenue Generating Total Prod (mboed),1005,Project Northstar |Main Plan,26
2032,Revenue Generating Total Prod (mboed),1005,Project Raven Rock |Main Plan,71
2032,Revenue Generating Total Prod (mboed),1005,Project Redcliff |Main Plan,50
2032,Revenue Generating Total Prod (mboed),1005,Project Silver Peak |Main Plan,52
2032,Revenue Generating Total Prod (mboed),1005,Project Stonehaven |Main Plan,5
2032,Gas - Non-Revenue Generating Prod (mmscfd),1008,Project Redcliff |Main Plan,-29
2032,Equity Accounted Total Production (mboed),1009,Project Cedar Point |Manual,0
2032,Equity Accounted Total Production (mboed),1009,Project Eagle Pass |Manual,0
2032,Equity Accounted Total Production (mboed),1009,Project Ironwood |Main Plan,-3
2032,Equity Accounted NGL Production,1011,Project Ironwood |Main Plan,-3
2032,Liquids Production (mboed),1013,Project Blue Horizon |Main Plan,89
2032,Liquids Production (mboed),1013,Project Cedar Point |Manual,30
2032,Liquids Production (mboed),1013,Project Copper Bay |Main Plan,16
2032,Liquids Production (mboed),1013,Project Eagle Pass |Manual,30
2032,Liquids Production (mboed),1013,Project Granite Basin |Main Plan,6
2032,Liquids Production (mboed),1013,Project Ironwood |Main Plan,5
2032,Liquids Production (mboed),1013,Project Northstar |Main Plan,26
2032,Liquids Production (mboed),1013,Project Raven Rock |Main Plan,4
2032,Liquids Production (mboed),1013,Project Redcliff |Main Plan,7
2032,Liquids Production (mboed),1013,Project Silver Peak |Main Plan,52
2032,Liquids Production (mboed),1013,Project Stonehaven |Main Plan,4
2032,Revenue Generating Total Prod (mboe),1015,Project Blue Horizon |Main Plan,32.485
2032,Revenue Generating Total Prod (mboe),1015,Project Copper Bay |Main Plan,5.84
2032,Revenue Generating Total Prod (mboe),1015,Project Granite Basin |Main Plan,9.855
2032,Revenue Generating Total Prod (mboe),1015,Project Ironwood |Main Plan,10.95
2032,Revenue Generating Total Prod (mboe),1015,Project Northstar |Main Plan,9.49
2032,Revenue Generating Total Prod (mboe),1015,Project Raven Rock |Main Plan,25.915
2032,Revenue Generating Total Prod (mboe),1015,Project Redcliff |Main Plan,18.25
2032,Revenue Generating Total Prod (mboe),1015,Project Silver Peak |Main Plan,18.98
2032,Revenue Generating Total Prod (mboe),1015,Project Stonehaven |Main Plan,1.825
2032,Gross Margin,2001,Project Blue Horizon |Main Plan,1762
2032,Gross Margin,2001,Project Cedar Point |Manual,1100
2032,Gross Margin,2001,Project Copper Bay |Main Plan,361
2032,Gross Margin,2001,Project Eagle Pass |Manual,1100
2032,Gross Margin,2001,Project Granite Basin |Main Plan,316
2032,Gross Margin,2001,Project Ironwood |Main Plan,354
2032,Gross Margin,2001,Project Northstar |Main Plan,528
2032,Gross Margin,2001,Project Raven Rock |Main Plan,444
2032,Gross Margin,2001,Project Redcliff |Main Plan,725
2032,Gross Margin,2001,Project Silver Peak |Main Plan,1229
2032,Gross Margin,2001,Project Stonehaven |Main Plan,157
2032,Total Cash Costs,2002,Project Blue Horizon |Main Plan,-393
2032,Total Cash Costs,2002,Project Cedar Point |Manual,-250
2032,Total Cash Costs,2002,Project Copper Bay |Main Plan,-166
2032,Total Cash Costs,2002,Project Eagle Pass |Manual,-250
2032,Total Cash Costs,2002,Project Granite Basin |Main Plan,-189
2032,Total Cash Costs,2002,Project Ironwood |Main Plan,-47
2032,Total Cash Costs,2002,Project Northstar |Main Plan,-250
2032,Total Cash Costs,2002,Project Raven Rock |Main Plan,-14
2032,Total Cash Costs,2002,Project Redcliff |Main Plan,-194
2032,Total Cash Costs,2002,Project Silver Peak |Main Plan,-242
2032,Total Cash Costs,2002,Project Stonehaven |Main Plan,-146
2032,Production Costs,2003,Project Blue Horizon |Main Plan,-393
2032,Production Costs,2003,Project Cedar Point |Manual,-190
2032,Production Costs,2003,Project Copper Bay |Main Plan,-164
2032,Production Costs,2003,Project Eagle Pass |Manual,-190
2032,Production Costs,2003,Project Granite Basin |Main Plan,-63
2032,Production Costs,2003,Project Ironwood |Main Plan,-47
2032,Production Costs,2003,Project Northstar |Main Plan,-250
2032,Production Costs,2003,Project Raven Rock |Main Plan,-14
2032,Production Costs,2003,Project Redcliff |Main Plan,-73
2032,Production Costs,2003,Project Silver Peak |Main Plan,-148
2032,Production Costs,2003,Project Stonehaven |Main Plan,-70
2032,EBITDA,2004,Project Blue Horizon |Main Plan,1369
2032,EBITDA,2004,Project Cedar Point |Manual,850
2032,EBITDA,2004,Project Copper Bay |Main Plan,195
2032,EBITDA,2004,Project Eagle Pass |Manual,850
2032,EBITDA,2004,Project Granite Basin |Main Plan,127
2032,EBITDA,2004,Project Ironwood |Main Plan,310
2032,EBITDA,2004,Project Northstar |Main Plan,278
2032,EBITDA,2004,Project Raven Rock |Main Plan,430
2032,EBITDA,2004,Project Redcliff |Main Plan,531
2032,EBITDA,2004,Project Silver Peak |Main Plan,987
2032,EBITDA,2004,Project Stonehaven |Main Plan,11
2032,DD&A Charge,2005,Project Blue Horizon |Main Plan,-919
2032,DD&A Charge,2005,Project Cedar Point |Manual,-560
2032,DD&A Charge,2005,Project Copper Bay |Main Plan,-156
2032,DD&A Charge,2005,Project Eagle Pass |Manual,-560
2032,DD&A Charge,2005,Project Granite Basin |Main Plan,-143
2032,DD&A Charge,2005,Project Highland Crest |Main Plan,-47
2032,DD&A Charge,2005,Project Ironwood |Main Plan,-179
2032,DD&A Charge,2005,Project Northstar |Main Plan,-166
2032,DD&A Charge,2005,Project Raven Rock |Main Plan,-165
2032,DD&A Charge,2005,Project Redcliff |Main Plan,-211
2032,DD&A Charge,2005,Project Silver Peak |Main Plan,-633
2032,DD&A Charge,2005,Project Stonehaven |Main Plan,-60
2032,Related Company Income,2006,Project Cedar Point |Manual,0
2032,Related Company Income,2006,Project Eagle Pass |Manual,0
2032,Related Company Income,2006,Project Ironwood |Main Plan,3
2032,Underlying RCOP,2007,Project Blue Horizon |Main Plan,450
2032,Underlying RCOP,2007,Project Cedar Point |Manual,300
2032,Underlying RCOP,2007,Project Copper Bay |Main Plan,39
2032,Underlying RCOP,2007,Project Eagle Pass |Manual,300
2032,Underlying RCOP,2007,Project Granite Basin |Main Plan,-16
2032,Underlying RCOP,2007,Project Highland Crest |Main Plan,-47
2032,Underlying RCOP,2007,Project Ironwood |Main Plan,131
2032,Underlying RCOP,2007,Project Northstar |Main Plan,112
2032,Underlying RCOP,2007,Project Raven Rock |Main Plan,265
2032,Underlying RCOP,2007,Project Redcliff |Main Plan,320
2032,Underlying RCOP,2007,Project Silver Peak |Main Plan,354
2032,Underlying RCOP,2007,Project Stonehaven |Main Plan,-49
2032,Working Capital Changes (SEA),3001,Project Blue Horizon |Main Plan,-6
2032,Working Capital Changes (SEA),3001,Project Cedar Point |Manual,-120
2032,Working Capital Changes (SEA),3001,Project Copper Bay |Main Plan,-63
2032,Working Capital Changes (SEA),3001,Project Eagle Pass |Manual,-120
2032,Working Capital Changes (SEA),3001,Project Granite Basin |Main Plan,0
2032,Working Capital Changes (SEA),3001,Project Highland Crest |Main Plan,-25
2032,Working Capital Changes (SEA),3001,Project Raven Rock |Main Plan,22
2032,Working Capital Changes (SEA),3001,Project Redcliff |Main Plan,-8
2032,Working Capital Changes (SEA),3001,Project Silver Peak |Main Plan,1
2032,Working Capital Changes (SEA),3001,Project Stonehaven |Main Plan,-28
2032,Decommissioning Payments,3002,Project Cedar Point |Manual,-130
2032,Decommissioning Payments,3002,Project Copper Bay |Main Plan,-71
2032,Decommissioning Payments,3002,Project Eagle Pass |Manual,-130
2032,Decommissioning Payments,3002,Project Highland Crest |Main Plan,-24
2032,Decommissioning Payments,3002,Project Redcliff |Main Plan,-13
2032,Decommissioning Payments,3002,Project Stonehaven |Main Plan,-30
2032,Lease Interest paid,3003,Project Cedar Point |Manual,0
2032,Lease Interest paid,3003,Project Eagle Pass |Manual,0
2032,Total Dividend Received,3004,Project Cedar Point |Manual,0
2032,Total Dividend Received,3004,Project Eagle Pass |Manual,0
2032,Total Dividend Received,3004,Project Ironwood |Main Plan,3
2032,Operating Cashflow,3005,Project Blue Horizon |Main Plan,1359
2032,Operating Cashflow,3005,Project Cedar Point |Manual,730
2032,Operating Cashflow,3005,Project Copper Bay |Main Plan,131
2032,Operating Cashflow,3005,Project Eagle Pass |Manual,730
2032,Operating Cashflow,3005,Project Granite Basin |Main Plan,126
2032,Operating Cashflow,3005,Project Highland Crest |Main Plan,-26
2032,Operating Cashflow,3005,Project Ironwood |Main Plan,308
2032,Operating Cashflow,3005,Project Northstar |Main Plan,277
2032,Operating Cashflow,3005,Project Raven Rock |Main Plan,451
2032,Operating Cashflow,3005,Project Redcliff |Main Plan,522
2032,Operating Cashflow,3005,Project Silver Peak |Main Plan,987
2032,Operating Cashflow,3005,Project Stonehaven |Main Plan,-18
2032,Cash Capex,3006,Project Blue Horizon |Main Plan,-904
2032,Cash Capex,3006,Project Cedar Point |Manual,-360
2032,Cash Capex,3006,Project Copper Bay |Main Plan,-2
2032,Cash Capex,3006,Project Eagle Pass |Manual,-360
2032,Cash Capex,3006,Project Granite Basin |Main Plan,-83
2032,Cash Capex,3006,Project Ironwood |Main Plan,-46
2032,Cash Capex,3006,Project Northstar |Main Plan,-126
2032,Cash Capex,3006,Project Raven Rock |Main Plan,-21
2032,Cash Capex,3006,Project Redcliff |Main Plan,-111
2032,Cash Capex,3006,Project Silver Peak |Main Plan,-261
2032,Cash Flow from Sale of Operations,3007,Project Cedar Point |Manual,0
2032,Cash Flow from Sale of Operations,3007,Project Eagle Pass |Manual,0
2032,Pre Tax Cash Flow,3008,Project Blue Horizon |Main Plan,455
2032,Pre Tax Cash Flow,3008,Project Cedar Point |Manual,380
2032,Pre Tax Cash Flow,3008,Project Copper Bay |Main Plan,129
2032,Pre Tax Cash Flow,3008,Project Eagle Pass |Manual,380
2032,Pre Tax Cash Flow,3008,Project Granite Basin |Main Plan,43
2032,Pre Tax Cash Flow,3008,Project Highland Crest |Main Plan,-26
2032,Pre Tax Cash Flow,3008,Project Ironwood |Main Plan,262
2032,Pre Tax Cash Flow,3008,Project Northstar |Main Plan,146
2032,Pre Tax Cash Flow,3008,Project Raven Rock |Main Plan,430
2032,Pre Tax Cash Flow,3008,Project Redcliff |Main Plan,411
2032,Pre Tax Cash Flow,3008,Project Silver Peak |Main Plan,703
2032,Pre Tax Cash Flow,3008,Project Stonehaven |Main Plan,-18
2032,Capital Employed,4001,Project Blue Horizon |Main Plan,84
2032,Capital Employed,4001,Project Cedar Point |Manual,2360
2032,Capital Employed,4001,Project Copper Bay |Main Plan,277
2032,Capital Employed,4001,Project Eagle Pass |Manual,2360
2032,Capital Employed,4001,Project Granite Basin |Main Plan,116
2032,Capital Employed,4001,Project Highland Crest |Main Plan,2314
2032,Capital Employed,4001,Project Ironwood |Main Plan,324
2032,Capital Employed,4001,Project Northstar |Main Plan,128
2032,Capital Employed,4001,Project Raven Rock |Main Plan,-419
2032,Capital Employed,4001,Project Redcliff |Main Plan,708
2032,Capital Employed,4001,Project Silver Peak |Main Plan,2427
2032,Capital Employed,4001,Project Stonehaven |Main Plan,-261
2033,Total Production (mboed),1001,Project Blue Horizon |Main Plan,99
2033,Total Production (mboed),1001,Project Cedar Point |Manual,30
2033,Total Production (mboed),1001,Project Copper Bay |Main Plan,14
2033,Total Production (mboed),1001,Project Eagle Pass |Manual,30
2033,Total Production (mboed),1001,Project Granite Basin |Main Plan,28
2033,Total Production (mboed),1001,Project Ironwood |Main Plan,29
2033,Total Production (mboed),1001,Project Northstar |Main Plan,26
2033,Total Production (mboed),1001,Project Raven Rock |Main Plan,60
2033,Total Production (mboed),1001,Project Redcliff |Main Plan,45
2033,Total Production (mboed),1001,Project Silver Peak |Main Plan,48
2033,Total Production (mboed),1001,Project Stonehaven |Main Plan,6
2033,Oil Production (mb/d),1002,Project Blue Horizon |Main Plan,99
2033,Oil Production (mb/d),1002,Project Cedar Point |Manual,30
2033,Oil Production (mb/d),1002,Project Copper Bay |Main Plan,14
2033,Oil Production (mb/d),1002,Project Eagle Pass |Manual,30
2033,Oil Production (mb/d),1002,Project Granite Basin |Main Plan,6
2033,Oil Production (mb/d),1002,Project Ironwood |Main Plan,3
2033,Oil Production (mb/d),1002,Project Northstar |Main Plan,26
2033,Oil Production (mb/d),1002,Project Raven Rock |Main Plan,1
2033,Oil Production (mb/d),1002,Project Redcliff |Main Plan,6
2033,Oil Production (mb/d),1002,Project Silver Peak |Main Plan,48
2033,Oil Production (mb/d),1002,Project Stonehaven |Main Plan,5
2033,NGL Production (mb/d),1003,Project Cedar Point |Manual,0
2033,NGL Production (mb/d),1003,Project Eagle Pass |Manual,0
2033,NGL Production (mb/d),1003,Project Ironwood |Main Plan,2
2033,NGL Production (mb/d),1003,Project Raven Rock |Main Plan,3
2033,NGL Production (mb/d),1003,Project Redcliff |Main Plan,1
2033,NGL Production (mb/d),1003,Project Stonehaven |Main Plan,0
2033,Gas Production (mmscf/d),1004,Project Cedar Point |Manual,0
2033,Gas Production (mmscf/d),1004,Project Eagle Pass |Manual,0
2033,Gas Production (mmscf/d),1004,Project Granite Basin |Main Plan,129
2033,Gas Production (mmscf/d),1004,Project Ironwood |Main Plan,134
2033,Gas Production (mmscf/d),1004,Project Raven Rock |Main Plan,324
2033,Gas Production (mmscf/d),1004,Project Redcliff |Main Plan,222
2033,Gas Production (mmscf/d),1004,Project Stonehaven |Main Plan,5
2033,Revenue Generating Total Prod (mboed),1005,Project Blue Horizon |Main Plan,99
2033,Revenue Generating Total Prod (mboed),1005,Project Cedar Point |Manual,30
2033,Revenue Generating Total Prod (mboed),1005,Project Copper Bay |Main Plan,14
2033,Revenue Generating Total Prod (mboed),1005,Project Eagle Pass |Manual,30
2033,Revenue Generating Total Prod (mboed),1005,Project Granite Basin |Main Plan,28
2033,Revenue Generating Total Prod (mboed),1005,Project Ironwood |Main Plan,26
2033,Revenue Generating Total Prod (mboed),1005,Project Northstar |Main Plan,26
2033,Revenue Generating Total Prod (mboed),1005,Project Raven Rock |Main Plan,60
2033,Revenue Generating Total Prod (mboed),1005,Project Redcliff |Main Plan,41
2033,Revenue Generating Total Prod (mboed),1005,Project Silver Peak |Main Plan,48
2033,Revenue Generating Total Prod (mboed),1005,Project Stonehaven |Main Plan,6
2033,Gas - Non-Revenue Generating Prod (mmscfd),1008,Project Redcliff |Main Plan,-24
2033,Equity Accounted Total Production (mboed),1009,Project Cedar Point |Manual,0
2033,Equity Accounted Total Production (mboed),1009,Project Eagle Pass |Manual,0
2033,Equity Accounted Total Production (mboed),1009,Project Ironwood |Main Plan,-3
2033,Equity Accounted NGL Production,1011,Project Ironwood |Main Plan,-3
2033,Liquids Production (mboed),1013,Project Blue Horizon |Main Plan,99
2033,Liquids Production (mboed),1013,Project Cedar Point |Manual,30
2033,Liquids Production (mboed),1013,Project Copper Bay |Main Plan,14
2033,Liquids Production (mboed),1013,Project Eagle Pass |Manual,30
2033,Liquids Production (mboed),1013,Project Granite Basin |Main Plan,6
2033,Liquids Production (mboed),1013,Project Ironwood |Main Plan,5
2033,Liquids Production (mboed),1013,Project Northstar |Main Plan,26
2033,Liquids Production (mboed),1013,Project Raven Rock |Main Plan,4
2033,Liquids Production (mboed),1013,Project Redcliff |Main Plan,7
2033,Liquids Production (mboed),1013,Project Silver Peak |Main Plan,48
2033,Liquids Production (mboed),1013,Project Stonehaven |Main Plan,5
2033,Revenue Generating Total Prod (mboe),1015,Project Blue Horizon |Main Plan,36.135
2033,Revenue Generating Total Prod (mboe),1015,Project Copper Bay |Main Plan,5.11
2033,Revenue Generating Total Prod (mboe),1015,Project Granite Basin |Main Plan,10.22
2033,Revenue Generating Total Prod (mboe),1015,Project Ironwood |Main Plan,9.49
2033,Revenue Generating Total Prod (mboe),1015,Project Northstar |Main Plan,9.49
2033,Revenue Generating Total Prod (mboe),1015,Project Raven Rock |Main Plan,21.9
2033,Revenue Generating Total Prod (mboe),1015,Project Redcliff |Main Plan,14.965
2033,Revenue Generating Total Prod (mboe),1015,Project Silver Peak |Main Plan,17.52
2033,Revenue Generating Total Prod (mboe),1015,Project Stonehaven |Main Plan,2.19
2033,Gross Margin,2001,Project Blue Horizon |Main Plan,1998
2033,Gross Margin,2001,Project Cedar Point |Manual,1040
2033,Gross Margin,2001,Project Copper Bay |Main Plan,321
2033,Gross Margin,2001,Project Eagle Pass |Manual,1040
2033,Gross Margin,2001,Project Granite Basin |Main Plan,322
2033,Gross Margin,2001,Project Ironwood |Main Plan,327
2033,Gross Margin,2001,Project Northstar |Main Plan,553
2033,Gross Margin,2001,Project Raven Rock |Main Plan,387
2033,Gross Margin,2001,Project Redcliff |Main Plan,599
2033,Gross Margin,2001,Project Silver Peak |Main Plan,1156
2033,Gross Margin,2001,Project Stonehaven |Main Plan,185
2033,Total Cash Costs,2002,Project Blue Horizon |Main Plan,-421
2033,Total Cash Costs,2002,Project Cedar Point |Manual,-250
2033,Total Cash Costs,2002,Project Copper Bay |Main Plan,-162
2033,Total Cash Costs,2002,Project Eagle Pass |Manual,-250
2033,Total Cash Costs,2002,Project Granite Basin |Main Plan,-191
2033,Total Cash Costs,2002,Project Ironwood |Main Plan,-43
2033,Total Cash Costs,2002,Project Northstar |Main Plan,-246
2033,Total Cash Costs,2002,Project Raven Rock |Main Plan,-14
2033,Total Cash Costs,2002,Project Redcliff |Main Plan,-188
2033,Total Cash Costs,2002,Project Silver Peak |Main Plan,-234
2033,Total Cash Costs,2002,Project Stonehaven |Main Plan,-148
2033,Production Costs,2003,Project Blue Horizon |Main Plan,-421
2033,Production Costs,2003,Project Cedar Point |Manual,-190
2033,Production Costs,2003,Project Copper Bay |Main Plan,-160
2033,Production Costs,2003,Project Eagle Pass |Manual,-190
2033,Production Costs,2003,Project Granite Basin |Main Plan,-64
2033,Production Costs,2003,Project Ironwood |Main Plan,-43
2033,Production Costs,2003,Project Northstar |Main Plan,-246
2033,Production Costs,2003,Project Raven Rock |Main Plan,-14
2033,Production Costs,2003,Project Redcliff |Main Plan,-73
2033,Production Costs,2003,Project Silver Peak |Main Plan,-151
2033,Production Costs,2003,Project Stonehaven |Main Plan,-68
2033,EBITDA,2004,Project Blue Horizon |Main Plan,1577
2033,EBITDA,2004,Project Cedar Point |Manual,790
2033,EBITDA,2004,Project Copper Bay |Main Plan,159
2033,EBITDA,2004,Project Eagle Pass |Manual,790
2033,EBITDA,2004,Project Granite Basin |Main Plan,131
2033,EBITDA,2004,Project Ironwood |Main Plan,286
2033,EBITDA,2004,Project Northstar |Main Plan,307
2033,EBITDA,2004,Project Raven Rock |Main Plan,373
2033,EBITDA,2004,Project Redcliff |Main Plan,411
2033,EBITDA,2004,Project Silver Peak |Main Plan,922
2033,EBITDA,2004,Project Stonehaven |Main Plan,37
2033,DD&A Charge,2005,Project Blue Horizon |Main Plan,-1109
2033,DD&A Charge,2005,Project Cedar Point |Manual,-510
2033,DD&A Charge,2005,Project Copper Bay |Main Plan,-128
2033,DD&A Charge,2005,Project Eagle Pass |Manual,-510
2033,DD&A Charge,2005,Project Granite Basin |Main Plan,-147
2033,DD&A Charge,2005,Project Highland Crest |Main Plan,-47
2033,DD&A Charge,2005,Project Ironwood |Main Plan,-152
2033,DD&A Charge,2005,Project Northstar |Main Plan,-154
2033,DD&A Charge,2005,Project Raven Rock |Main Plan,-219
2033,DD&A Charge,2005,Project Redcliff |Main Plan,-176
2033,DD&A Charge,2005,Project Silver Peak |Main Plan,-584
2033,DD&A Charge,2005,Project Stonehaven |Main Plan,-70
2033,Related Company Income,2006,Project Cedar Point |Manual,0
2033,Related Company Income,2006,Project Eagle Pass |Manual,0
2033,Related Company Income,2006,Project Ironwood |Main Plan,2
2033,Underlying RCOP,2007,Project Blue Horizon |Main Plan,468
2033,Underlying RCOP,2007,Project Cedar Point |Manual,290
2033,Underlying RCOP,2007,Project Copper Bay |Main Plan,31
2033,Underlying RCOP,2007,Project Eagle Pass |Manual,290
2033,Underlying RCOP,2007,Project Granite Basin |Main Plan,-16
2033,Underlying RCOP,2007,Project Highland Crest |Main Plan,-47
2033,Underlying RCOP,2007,Project Ironwood |Main Plan,134
2033,Underlying RCOP,2007,Project Northstar |Main Plan,153
2033,Underlying RCOP,2007,Project Raven Rock |Main Plan,154
2033,Underlying RCOP,2007,Project Redcliff |Main Plan,235
2033,Underlying RCOP,2007,Project Silver Peak |Main Plan,338
2033,Underlying RCOP,2007,Project Stonehaven |Main Plan,-33
2033,Working Capital Changes (SEA),3001,Project Blue Horizon |Main Plan,-14
2033,Working Capital Changes (SEA),3001,Project Cedar Point |Manual,-120
2033,Working Capital Changes (SEA),3001,Project Copper Bay |Main Plan,-62
2033,Working Capital Changes (SEA),3001,Project Eagle Pass |Manual,-120
2033,Working Capital Changes (SEA),3001,Project Granite Basin |Main Plan,-1
2033,Working Capital Changes (SEA),3001,Project Highland Crest |Main Plan,-63
2033,Working Capital Changes (SEA),3001,Project Raven Rock |Main Plan,12
2033,Working Capital Changes (SEA),3001,Project Redcliff |Main Plan,5
2033,Working Capital Changes (SEA),3001,Project Silver Peak |Main Plan,5
2033,Working Capital Changes (SEA),3001,Project Stonehaven |Main Plan,-34
2033,Decommissioning Payments,3002,Project Cedar Point |Manual,-120
2033,Decommissioning Payments,3002,Project Copper Bay |Main Plan,-64
2033,Decommissioning Payments,3002,Project Eagle Pass |Manual,-120
2033,Decommissioning Payments,3002,Project Highland Crest |Main Plan,-63
2033,Decommissioning Payments,3002,Project Redcliff |Main Plan,-5
2033,Decommissioning Payments,3002,Project Stonehaven |Main Plan,-31
2033,Lease Interest paid,3003,Project Cedar Point |Manual,0
2033,Lease Interest paid,3003,Project Eagle Pass |Manual,0
2033,Total Dividend Received,3004,Project Cedar Point |Manual,0
2033,Total Dividend Received,3004,Project Eagle Pass |Manual,0
2033,Total Dividend Received,3004,Project Ironwood |Main Plan,2
2033,Operating Cashflow,3005,Project Blue Horizon |Main Plan,1559
2033,Operating Cashflow,3005,Project Cedar Point |Manual,680
2033,Operating Cashflow,3005,Project Copper Bay |Main Plan,96
2033,Operating Cashflow,3005,Project Eagle Pass |Manual,680
2033,Operating Cashflow,3005,Project Granite Basin |Main Plan,129
2033,Operating Cashflow,3005,Project Highland Crest |Main Plan,-64
2033,Operating Cashflow,3005,Project Ironwood |Main Plan,284
2033,Operating Cashflow,3005,Project Northstar |Main Plan,306
2033,Operating Cashflow,3005,Project Raven Rock |Main Plan,384
2033,Operating Cashflow,3005,Project Redcliff |Main Plan,415
2033,Operating Cashflow,3005,Project Silver Peak |Main Plan,926
2033,Operating Cashflow,3005,Project Stonehaven |Main Plan,2
2033,Cash Capex,3006,Project Blue Horizon |Main Plan,-1147
2033,Cash Capex,3006,Project Cedar Point |Manual,-310
2033,Cash Capex,3006,Project Copper Bay |Main Plan,-2
2033,Cash Capex,3006,Project Eagle Pass |Manual,-310
2033,Cash Capex,3006,Project Granite Basin |Main Plan,-114
2033,Cash Capex,3006,Project Ironwood |Main Plan,-21
2033,Cash Capex,3006,Project Northstar |Main Plan,-124
2033,Cash Capex,3006,Project Raven Rock |Main Plan,-22
2033,Cash Capex,3006,Project Redcliff |Main Plan,-88
2033,Cash Capex,3006,Project Silver Peak |Main Plan,-283
2033,Cash Flow from Sale of Operations,3007,Project Cedar Point |Manual,0
2033,Cash Flow from Sale of Operations,3007,Project Eagle Pass |Manual,0
2033,Pre Tax Cash Flow,3008,Project Blue Horizon |Main Plan,412
2033,Pre Tax Cash Flow,3008,Project Cedar Point |Manual,380
2033,Pre Tax Cash Flow,3008,Project Copper Bay |Main Plan,94
2033,Pre Tax Cash Flow,3008,Project Eagle Pass |Manual,380
2033,Pre Tax Cash Flow,3008,Project Granite Basin |Main Plan,15
2033,Pre Tax Cash Flow,3008,Project Highland Crest |Main Plan,-64
2033,Pre Tax Cash Flow,3008,Project Ironwood |Main Plan,263
2033,Pre Tax Cash Flow,3008,Project Northstar |Main Plan,177
2033,Pre Tax Cash Flow,3008,Project Raven Rock |Main Plan,362
2033,Pre Tax Cash Flow,3008,Project Redcliff |Main Plan,327
2033,Pre Tax Cash Flow,3008,Project Silver Peak |Main Plan,616
2033,Pre Tax Cash Flow,3008,Project Stonehaven |Main Plan,2
2033,Capital Employed,4001,Project Blue Horizon |Main Plan,134
2033,Capital Employed,4001,Project Cedar Point |Manual,2240
2033,Capital Employed,4001,Project Copper Bay |Main Plan,208
2033,Capital Employed,4001,Project Eagle Pass |Manual,2240
2033,Capital Employed,4001,Project Granite Basin |Main Plan,73
2033,Capital Employed,4001,Project Highland Crest |Main Plan,2329
2033,Capital Employed,4001,Project Ironwood |Main Plan,192
2033,Capital Employed,4001,Project Northstar |Main Plan,103
2033,Capital Employed,4001,Project Raven Rock |Main Plan,-630
2033,Capital Employed,4001,Project Redcliff |Main Plan,595
2033,Capital Employed,4001,Project Silver Peak |Main Plan,2086
2033,Capital Employed,4001,Project Stonehaven |Main Plan,-297
2034,Total Production (mboed),1001,Project Blue Horizon |Main Plan,113
2034,Total Production (mboed),1001,Project Cedar Point |Manual,30
2034,Total Production (mboed),1001,Project Copper Bay |Main Plan,12
2034,Total Production (mboed),1001,Project Eagle Pass |Manual,30
2034,Total Production (mboed),1001,Project Granite Basin |Main Plan,30
2034,Total Production (mboed),1001,Project Ironwood |Main Plan,17
2034,Total Production (mboed),1001,Project Northstar |Main Plan,25
2034,Total Production (mboed),1001,Project Raven Rock |Main Plan,39
2034,Total Production (mboed),1001,Project Redcliff |Main Plan,39
2034,Total Production (mboed),1001,Project Silver Peak |Main Plan,46
2034,Oil Production (mb/d),1002,Project Blue Horizon |Main Plan,113
2034,Oil Production (mb/d),1002,Project Cedar Point |Manual,30
2034,Oil Production (mb/d),1002,Project Copper Bay |Main Plan,12
2034,Oil Production (mb/d),1002,Project Eagle Pass |Manual,30
2034,Oil Production (mb/d),1002,Project Granite Basin |Main Plan,6
2034,Oil Production (mb/d),1002,Project Ironwood |Main Plan,2
2034,Oil Production (mb/d),1002,Project Northstar |Main Plan,25
2034,Oil Production (mb/d),1002,Project Raven Rock |Main Plan,1
2034,Oil Production (mb/d),1002,Project Redcliff |Main Plan,5
2034,Oil Production (mb/d),1002,Project Silver Peak |Main Plan,46
2034,NGL Production (mb/d),1003,Project Cedar Point |Manual,0
2034,NGL Production (mb/d),1003,Project Eagle Pass |Manual,0
2034,NGL Production (mb/d),1003,Project Ironwood |Main Plan,2
2034,NGL Production (mb/d),1003,Project Raven Rock |Main Plan,1
2034,NGL Production (mb/d),1003,Project Redcliff |Main Plan,0
2034,Gas Production (mmscf/d),1004,Project Cedar Point |Manual,0
2034,Gas Production (mmscf/d),1004,Project Eagle Pass |Manual,0
2034,Gas Production (mmscf/d),1004,Project Granite Basin |Main Plan,140
2034,Gas Production (mmscf/d),1004,Project Ironwood |Main Plan,79
2034,Gas Production (mmscf/d),1004,Project Raven Rock |Main Plan,216
2034,Gas Production (mmscf/d),1004,Project Redcliff |Main Plan,193
2034,Revenue Generating Total Prod (mboed),1005,Project Blue Horizon |Main Plan,113
2034,Revenue Generating Total Prod (mboed),1005,Project Cedar Point |Manual,30
2034,Revenue Generating Total Prod (mboed),1005,Project Copper Bay |Main Plan,12
2034,Revenue Generating Total Prod (mboed),1005,Project Eagle Pass |Manual,30
2034,Revenue Generating Total Prod (mboed),1005,Project Granite Basin |Main Plan,30
2034,Revenue Generating Total Prod (mboed),1005,Project Ironwood |Main Plan,15
2034,Revenue Generating Total Prod (mboed),1005,Project Northstar |Main Plan,25
2034,Revenue Generating Total Prod (mboed),1005,Project Raven Rock |Main Plan,39
2034,Revenue Generating Total Prod (mboed),1005,Project Redcliff |Main Plan,36
2034,Revenue Generating Total Prod (mboed),1005,Project Silver Peak |Main Plan,46
2034,Gas - Non-Revenue Generating Prod (mmscfd),1008,Project Redcliff |Main Plan,-21
2034,Equity Accounted Total Production (mboed),1009,Project Cedar Point |Manual,0
2034,Equity Accounted Total Production (mboed),1009,Project Eagle Pass |Manual,0
2034,Equity Accounted Total Production (mboed),1009,Project Ironwood |Main Plan,-3
2034,Equity Accounted NGL Production,1011,Project Ironwood |Main Plan,-3
2034,Liquids Production (mboed),1013,Project Blue Horizon |Main Plan,113
2034,Liquids Production (mboed),1013,Project Cedar Point |Manual,30
2034,Liquids Production (mboed),1013,Project Copper Bay |Main Plan,12
2034,Liquids Production (mboed),1013,Project Eagle Pass |Manual,30
2034,Liquids Production (mboed),1013,Project Granite Basin |Main Plan,6
2034,Liquids Production (mboed),1013,Project Ironwood |Main Plan,4
2034,Liquids Production (mboed),1013,Project Northstar |Main Plan,25
2034,Liquids Production (mboed),1013,Project Raven Rock |Main Plan,2
2034,Liquids Production (mboed),1013,Project Redcliff |Main Plan,5
2034,Liquids Production (mboed),1013,Project Silver Peak |Main Plan,46
2034,Revenue Generating Total Prod (mboe),1015,Project Blue Horizon |Main Plan,41.245
2034,Revenue Generating Total Prod (mboe),1015,Project Copper Bay |Main Plan,4.38
2034,Revenue Generating Total Prod (mboe),1015,Project Granite Basin |Main Plan,10.95
2034,Revenue Generating Total Prod (mboe),1015,Project Ironwood |Main Plan,5.475
2034,Revenue Generating Total Prod (mboe),1015,Project Northstar |Main Plan,9.125
2034,Revenue Generating Total Prod (mboe),1015,Project Raven Rock |Main Plan,14.235
2034,Revenue Generating Total Prod (mboe),1015,Project Redcliff |Main Plan,13.14
2034,Revenue Generating Total Prod (mboe),1015,Project Silver Peak |Main Plan,16.79
2034,Gross Margin,2001,Project Blue Horizon |Main Plan,2319
2034,Gross Margin,2001,Project Cedar Point |Manual,1020
2034,Gross Margin,2001,Project Copper Bay |Main Plan,280
2034,Gross Margin,2001,Project Eagle Pass |Manual,1020
2034,Gross Margin,2001,Project Granite Basin |Main Plan,342
2034,Gross Margin,2001,Project Ironwood |Main Plan,191
2034,Gross Margin,2001,Project Northstar |Main Plan,556
2034,Gross Margin,2001,Project Raven Rock |Main Plan,266
2034,Gross Margin,2001,Project Redcliff |Main Plan,524
2034,Gross Margin,2001,Project Silver Peak |Main Plan,1088
2034,Total Cash Costs,2002,Project Blue Horizon |Main Plan,-438
2034,Total Cash Costs,2002,Project Cedar Point |Manual,-250
2034,Total Cash Costs,2002,Project Copper Bay |Main Plan,-161
2034,Total Cash Costs,2002,Project Eagle Pass |Manual,-250
2034,Total Cash Costs,2002,Project Granite Basin |Main Plan,-201
2034,Total Cash Costs,2002,Project Ironwood |Main Plan,-37
2034,Total Cash Costs,2002,Project Northstar |Main Plan,-246
2034,Total Cash Costs,2002,Project Raven Rock |Main Plan,-14
2034,Total Cash Costs,2002,Project Redcliff |Main Plan,-172
2034,Total Cash Costs,2002,Project Silver Peak |Main Plan,-239
2034,Production Costs,2003,Project Blue Horizon |Main Plan,-438
2034,Production Costs,2003,Project Cedar Point |Manual,-190
2034,Production Costs,2003,Project Copper Bay |Main Plan,-159
2034,Production Costs,2003,Project Eagle Pass |Manual,-190
2034,Production Costs,2003,Project Granite Basin |Main Plan,-67
2034,Production Costs,2003,Project Ironwood |Main Plan,-37
2034,Production Costs,2003,Project Northstar |Main Plan,-246
2034,Production Costs,2003,Project Raven Rock |Main Plan,-14
2034,Production Costs,2003,Project Redcliff |Main Plan,-70
2034,Production Costs,2003,Project Silver Peak |Main Plan,-160
2034,EBITDA,2004,Project Blue Horizon |Main Plan,1881
2034,EBITDA,2004,Project Cedar Point |Manual,770
2034,EBITDA,2004,Project Copper Bay |Main Plan,119
2034,EBITDA,2004,Project Eagle Pass |Manual,770
2034,EBITDA,2004,Project Granite Basin |Main Plan,141
2034,EBITDA,2004,Project Ironwood |Main Plan,154
2034,EBITDA,2004,Project Northstar |Main Plan,310
2034,EBITDA,2004,Project Raven Rock |Main Plan,252
2034,EBITDA,2004,Project Redcliff |Main Plan,352
2034,EBITDA,2004,Project Silver Peak |Main Plan,849
2034,DD&A Charge,2005,Project Blue Horizon |Main Plan,-1325
2034,DD&A Charge,2005,Project Cedar Point |Manual,-490
2034,DD&A Charge,2005,Project Copper Bay |Main Plan,-103
2034,DD&A Charge,2005,Project Eagle Pass |Manual,-490
2034,DD&A Charge,2005,Project Granite Basin |Main Plan,-158
2034,DD&A Charge,2005,Project Highland Crest |Main Plan,-47
2034,DD&A Charge,2005,Project Ironwood |Main Plan,-87
2034,DD&A Charge,2005,Project Northstar |Main Plan,-142
2034,DD&A Charge,2005,Project Raven Rock |Main Plan,-147
2034,DD&A Charge,2005,Project Redcliff |Main Plan,-153
2034,DD&A Charge,2005,Project Silver Peak |Main Plan,-559
2034,Related Company Income,2006,Project Cedar Point |Manual,0
2034,Related Company Income,2006,Project Eagle Pass |Manual,0
2034,Related Company Income,2006,Project Ironwood |Main Plan,0
2034,Underlying RCOP,2007,Project Blue Horizon |Main Plan,556
2034,Underlying RCOP,2007,Project Cedar Point |Manual,290
2034,Underlying RCOP,2007,Project Copper Bay |Main Plan,16
2034,Underlying RCOP,2007,Project Eagle Pass |Manual,290
2034,Underlying RCOP,2007,Project Granite Basin |Main Plan,-17
2034,Underlying RCOP,2007,Project Highland Crest |Main Plan,-47
2034,Underlying RCOP,2007,Project Ironwood |Main Plan,67
2034,Underlying RCOP,2007,Project Northstar |Main Plan,168
2034,Underlying RCOP,2007,Project Raven Rock |Main Plan,105
2034,Underlying RCOP,2007,Project Redcliff |Main Plan,199
2034,Underlying RCOP,2007,Project Silver Peak |Main Plan,290
2034,Working Capital Changes (SEA),3001,Project Blue Horizon |Main Plan,-24
2034,Working Capital Changes (SEA),3001,Project Cedar Point |Manual,-120
2034,Working Capital Changes (SEA),3001,Project Copper Bay |Main Plan,-57
2034,Working Capital Changes (SEA),3001,Project Eagle Pass |Manual,-120
2034,Working Capital Changes (SEA),3001,Project Granite Basin |Main Plan,-3
2034,Working Capital Changes (SEA),3001,Project Highland Crest |Main Plan,-10
2034,Working Capital Changes (SEA),3001,Project Raven Rock |Main Plan,24
2034,Working Capital Changes (SEA),3001,Project Redcliff |Main Plan,1
2034,Working Capital Changes (SEA),3001,Project Silver Peak |Main Plan,5
2034,Working Capital Changes (SEA),3001,Project Stonehaven |Main Plan,-94
2034,Decommissioning Payments,3002,Project Cedar Point |Manual,-120
2034,Decommissioning Payments,3002,Project Copper Bay |Main Plan,-59
2034,Decommissioning Payments,3002,Project Eagle Pass |Manual,-120
2034,Decommissioning Payments,3002,Project Highland Crest |Main Plan,-10
2034,Decommissioning Payments,3002,Project Redcliff |Main Plan,-3
2034,Decommissioning Payments,3002,Project Stonehaven |Main Plan,-85
2034,Lease Interest paid,3003,Project Cedar Point |Manual,0
2034,Lease Interest paid,3003,Project Eagle Pass |Manual,0
2034,Total Dividend Received,3004,Project Cedar Point |Manual,0
2034,Total Dividend Received,3004,Project Eagle Pass |Manual,0
2034,Total Dividend Received,3004,Project Ironwood |Main Plan,0
2034,Operating Cashflow,3005,Project Blue Horizon |Main Plan,1853
2034,Operating Cashflow,3005,Project Cedar Point |Manual,660
2034,Operating Cashflow,3005,Project Copper Bay |Main Plan,61
2034,Operating Cashflow,3005,Project Eagle Pass |Manual,660
2034,Operating Cashflow,3005,Project Granite Basin |Main Plan,137
2034,Operating Cashflow,3005,Project Highland Crest |Main Plan,-11
2034,Operating Cashflow,3005,Project Ironwood |Main Plan,153
2034,Operating Cashflow,3005,Project Northstar |Main Plan,309
2034,Operating Cashflow,3005,Project Raven Rock |Main Plan,275
2034,Operating Cashflow,3005,Project Redcliff |Main Plan,352
2034,Operating Cashflow,3005,Project Silver Peak |Main Plan,853
2034,Operating Cashflow,3005,Project Stonehaven |Main Plan,-94
2034,Cash Capex,3006,Project Blue Horizon |Main Plan,-1412
2034,Cash Capex,3006,Project Cedar Point |Manual,-300
2034,Cash Capex,3006,Project Copper Bay |Main Plan,-2
2034,Cash Capex,3006,Project Eagle Pass |Manual,-300
2034,Cash Capex,3006,Project Granite Basin |Main Plan,-148
2034,Cash Capex,3006,Project Ironwood |Main Plan,-20
2034,Cash Capex,3006,Project Northstar |Main Plan,-78
2034,Cash Capex,3006,Project Raven Rock |Main Plan,-22
2034,Cash Capex,3006,Project Redcliff |Main Plan,-69
2034,Cash Capex,3006,Project Silver Peak |Main Plan,-244
2034,Cash Flow from Sale of Operations,3007,Project Cedar Point |Manual,0
2034,Cash Flow from Sale of Operations,3007,Project Eagle Pass |Manual,0
2034,Pre Tax Cash Flow,3008,Project Blue Horizon |Main Plan,441
2034,Pre Tax Cash Flow,3008,Project Cedar Point |Manual,370
2034,Pre Tax Cash Flow,3008,Project Copper Bay |Main Plan,59
2034,Pre Tax Cash Flow,3008,Project Eagle Pass |Manual,370
2034,Pre Tax Cash Flow,3008,Project Granite Basin |Main Plan,-11
2034,Pre Tax Cash Flow,3008,Project Highland Crest |Main Plan,-11
2034,Pre Tax Cash Flow,3008,Project Ironwood |Main Plan,133
2034,Pre Tax Cash Flow,3008,Project Northstar |Main Plan,226
2034,Pre Tax Cash Flow,3008,Project Raven Rock |Main Plan,253
2034,Pre Tax Cash Flow,3008,Project Redcliff |Main Plan,283
2034,Pre Tax Cash Flow,3008,Project Silver Peak |Main Plan,577
2034,Pre Tax Cash Flow,3008,Project Stonehaven |Main Plan,-94
2034,Capital Employed,4001,Project Blue Horizon |Main Plan,245
2034,Capital Employed,4001,Project Cedar Point |Manual,2130
2034,Capital Employed,4001,Project Copper Bay |Main Plan,158
2034,Capital Employed,4001,Project Eagle Pass |Manual,2130
2034,Capital Employed,4001,Project Granite Basin |Main Plan,52
2034,Capital Employed,4001,Project Highland Crest |Main Plan,2291
2034,Capital Employed,4001,Project Ironwood |Main Plan,125
2034,Capital Employed,4001,Project Northstar |Main Plan,43
2034,Capital Employed,4001,Project Raven Rock |Main Plan,-781
2034,Capital Employed,4001,Project Redcliff |Main Plan,491
2034,Capital Employed,4001,Project Silver Peak |Main Plan,1731
2034,Capital Employed,4001,Project Stonehaven |Main Plan,-205
2035,Total Production (mboed),1001,Project Blue Horizon |Main Plan,101
2035,Total Production (mboed),1001,Project Cedar Point |Manual,30
2035,Total Production (mboed),1001,Project Copper Bay |Main Plan,12
2035,Total Production (mboed),1001,Project Eagle Pass |Manual,30
2035,Total Production (mboed),1001,Project Granite Basin |Main Plan,31
2035,Total Production (mboed),1001,Project Ironwood |Main Plan,12
2035,Total Production (mboed),1001,Project Northstar |Main Plan,24
2035,Total Production (mboed),1001,Project Raven Rock |Main Plan,38
2035,Total Production (mboed),1001,Project Redcliff |Main Plan,33
2035,Total Production (mboed),1001,Project Silver Peak |Main Plan,41
2035,Oil Production (mb/d),1002,Project Blue Horizon |Main Plan,101
2035,Oil Production (mb/d),1002,Project Cedar Point |Manual,30
2035,Oil Production (mb/d),1002,Project Copper Bay |Main Plan,12
2035,Oil Production (mb/d),1002,Project Eagle Pass |Manual,30
2035,Oil Production (mb/d),1002,Project Granite Basin |Main Plan,6
2035,Oil Production (mb/d),1002,Project Ironwood |Main Plan,1
2035,Oil Production (mb/d),1002,Project Northstar |Main Plan,24
2035,Oil Production (mb/d),1002,Project Raven Rock |Main Plan,1
2035,Oil Production (mb/d),1002,Project Redcliff |Main Plan,4
2035,Oil Production (mb/d),1002,Project Silver Peak |Main Plan,41
2035,NGL Production (mb/d),1003,Project Cedar Point |Manual,0
2035,NGL Production (mb/d),1003,Project Eagle Pass |Manual,0
2035,NGL Production (mb/d),1003,Project Ironwood |Main Plan,1
2035,NGL Production (mb/d),1003,Project Raven Rock |Main Plan,0
2035,NGL Production (mb/d),1003,Project Redcliff |Main Plan,0
2035,Gas Production (mmscf/d),1004,Project Cedar Point |Manual,0
2035,Gas Production (mmscf/d),1004,Project Eagle Pass |Manual,0
2035,Gas Production (mmscf/d),1004,Project Granite Basin |Main Plan,145
2035,Gas Production (mmscf/d),1004,Project Ironwood |Main Plan,52
2035,Gas Production (mmscf/d),1004,Project Raven Rock |Main Plan,209
2035,Gas Production (mmscf/d),1004,Project Redcliff |Main Plan,163
2035,Revenue Generating Total Prod (mboed),1005,Project Blue Horizon |Main Plan,101
2035,Revenue Generating Total Prod (mboed),1005,Project Cedar Point |Manual,30
2035,Revenue Generating Total Prod (mboed),1005,Project Copper Bay |Main Plan,12
2035,Revenue Generating Total Prod (mboed),1005,Project Eagle Pass |Manual,30
2035,Revenue Generating Total Prod (mboed),1005,Project Granite Basin |Main Plan,31
2035,Revenue Generating Total Prod (mboed),1005,Project Ironwood |Main Plan,10
2035,Revenue Generating Total Prod (mboed),1005,Project Northstar |Main Plan,24
2035,Revenue Generating Total Prod (mboed),1005,Project Raven Rock |Main Plan,38
2035,Revenue Generating Total Prod (mboed),1005,Project Redcliff |Main Plan,31
2035,Revenue Generating Total Prod (mboed),1005,Project Silver Peak |Main Plan,41
2035,Gas - Non-Revenue Generating Prod (mmscfd),1008,Project Redcliff |Main Plan,-18
2035,Equity Accounted Total Production (mboed),1009,Project Cedar Point |Manual,0
2035,Equity Accounted Total Production (mboed),1009,Project Eagle Pass |Manual,0
2035,Equity Accounted Total Production (mboed),1009,Project Ironwood |Main Plan,-2
2035,Equity Accounted NGL Production,1011,Project Ironwood |Main Plan,-2
2035,Liquids Production (mboed),1013,Project Blue Horizon |Main Plan,101
2035,Liquids Production (mboed),1013,Project Cedar Point |Manual,30
2035,Liquids Production (mboed),1013,Project Copper Bay |Main Plan,12
2035,Liquids Production (mboed),1013,Project Eagle Pass |Manual,30
2035,Liquids Production (mboed),1013,Project Granite Basin |Main Plan,6
2035,Liquids Production (mboed),1013,Project Ironwood |Main Plan,2
2035,Liquids Production (mboed),1013,Project Northstar |Main Plan,24
2035,Liquids Production (mboed),1013,Project Raven Rock |Main Plan,1
2035,Liquids Production (mboed),1013,Project Redcliff |Main Plan,4
2035,Liquids Production (mboed),1013,Project Silver Peak |Main Plan,41
2035,Revenue Generating Total Prod (mboe),1015,Project Blue Horizon |Main Plan,36.865
2035,Revenue Generating Total Prod (mboe),1015,Project Copper Bay |Main Plan,4.38
2035,Revenue Generating Total Prod (mboe),1015,Project Granite Basin |Main Plan,11.315
2035,Revenue Generating Total Prod (mboe),1015,Project Ironwood |Main Plan,3.65
2035,Revenue Generating Total Prod (mboe),1015,Project Northstar |Main Plan,8.76
2035,Revenue Generating Total Prod (mboe),1015,Project Raven Rock |Main Plan,13.87
2035,Revenue Generating Total Prod (mboe),1015,Project Redcliff |Main Plan,11.315
2035,Revenue Generating Total Prod (mboe),1015,Project Silver Peak |Main Plan,14.965
2035,Gross Margin,2001,Project Blue Horizon |Main Plan,2137
2035,Gross Margin,2001,Project Cedar Point |Manual,990
2035,Gross Margin,2001,Project Copper Bay |Main Plan,282
2035,Gross Margin,2001,Project Eagle Pass |Manual,990
2035,Gross Margin,2001,Project Granite Basin |Main Plan,352
2035,Gross Margin,2001,Project Ironwood |Main Plan,124
2035,Gross Margin,2001,Project Northstar |Main Plan,549
2035,Gross Margin,2001,Project Raven Rock |Main Plan,308
2035,Gross Margin,2001,Project Redcliff |Main Plan,450
2035,Gross Margin,2001,Project Silver Peak |Main Plan,1004
2035,Total Cash Costs,2002,Project Blue Horizon |Main Plan,-458
2035,Total Cash Costs,2002,Project Cedar Point |Manual,-250
2035,Total Cash Costs,2002,Project Copper Bay |Main Plan,-158
2035,Total Cash Costs,2002,Project Eagle Pass |Manual,-250
2035,Total Cash Costs,2002,Project Granite Basin |Main Plan,-207
2035,Total Cash Costs,2002,Project Ironwood |Main Plan,-32
2035,Total Cash Costs,2002,Project Northstar |Main Plan,-242
2035,Total Cash Costs,2002,Project Raven Rock |Main Plan,-14
2035,Total Cash Costs,2002,Project Redcliff |Main Plan,-155
2035,Total Cash Costs,2002,Project Silver Peak |Main Plan,-227
2035,Production Costs,2003,Project Blue Horizon |Main Plan,-458
2035,Production Costs,2003,Project Cedar Point |Manual,-190
2035,Production Costs,2003,Project Copper Bay |Main Plan,-156
2035,Production Costs,2003,Project Eagle Pass |Manual,-190
2035,Production Costs,2003,Project Granite Basin |Main Plan,-68
2035,Production Costs,2003,Project Ironwood |Main Plan,-32
2035,Production Costs,2003,Project Northstar |Main Plan,-242
2035,Production Costs,2003,Project Raven Rock |Main Plan,-14
2035,Production Costs,2003,Project Redcliff |Main Plan,-69
2035,Production Costs,2003,Project Silver Peak |Main Plan,-155
2035,EBITDA,2004,Project Blue Horizon |Main Plan,1679
2035,EBITDA,2004,Project Cedar Point |Manual,740
2035,EBITDA,2004,Project Copper Bay |Main Plan,124
2035,EBITDA,2004,Project Eagle Pass |Manual,740
2035,EBITDA,2004,Project Granite Basin |Main Plan,145
2035,EBITDA,2004,Project Ironwood |Main Plan,91
2035,EBITDA,2004,Project Northstar |Main Plan,307
2035,EBITDA,2004,Project Raven Rock |Main Plan,294
2035,EBITDA,2004,Project Redcliff |Main Plan,295
2035,EBITDA,2004,Project Silver Peak |Main Plan,777
2035,DD&A Charge,2005,Project Blue Horizon |Main Plan,-1181
2035,DD&A Charge,2005,Project Cedar Point |Manual,-470
2035,DD&A Charge,2005,Project Copper Bay |Main Plan,-96
2035,DD&A Charge,2005,Project Eagle Pass |Manual,-470
2035,DD&A Charge,2005,Project Granite Basin |Main Plan,-161
2035,DD&A Charge,2005,Project Highland Crest |Main Plan,-47
2035,DD&A Charge,2005,Project Ironwood |Main Plan,-57
2035,DD&A Charge,2005,Project Northstar |Main Plan,-101
2035,DD&A Charge,2005,Project Raven Rock |Main Plan,-149
2035,DD&A Charge,2005,Project Redcliff |Main Plan,-134
2035,DD&A Charge,2005,Project Silver Peak |Main Plan,-506
2035,Related Company Income,2006,Project Cedar Point |Manual,0
2035,Related Company Income,2006,Project Eagle Pass |Manual,0
2035,Related Company Income,2006,Project Ironwood |Main Plan,-1
2035,Underlying RCOP,2007,Project Blue Horizon |Main Plan,498
2035,Underlying RCOP,2007,Project Cedar Point |Manual,280
2035,Underlying RCOP,2007,Project Copper Bay |Main Plan,28
2035,Underlying RCOP,2007,Project Eagle Pass |Manual,280
2035,Underlying RCOP,2007,Project Granite Basin |Main Plan,-16
2035,Underlying RCOP,2007,Project Highland Crest |Main Plan,-47
2035,Underlying RCOP,2007,Project Ironwood |Main Plan,34
2035,Underlying RCOP,2007,Project Northstar |Main Plan,206
2035,Underlying RCOP,2007,Project Raven Rock |Main Plan,145
2035,Underlying RCOP,2007,Project Redcliff |Main Plan,161
2035,Underlying RCOP,2007,Project Silver Peak |Main Plan,271
2035,Working Capital Changes (SEA),3001,Project Blue Horizon |Main Plan,19
2035,Working Capital Changes (SEA),3001,Project Cedar Point |Manual,-120
2035,Working Capital Changes (SEA),3001,Project Copper Bay |Main Plan,-52
2035,Working Capital Changes (SEA),3001,Project Eagle Pass |Manual,-120
2035,Working Capital Changes (SEA),3001,Project Granite Basin |Main Plan,-1
2035,Working Capital Changes (SEA),3001,Project Highland Crest |Main Plan,-3
2035,Working Capital Changes (SEA),3001,Project Raven Rock |Main Plan,-2
2035,Working Capital Changes (SEA),3001,Project Redcliff |Main Plan,-1
2035,Working Capital Changes (SEA),3001,Project Silver Peak |Main Plan,4
2035,Working Capital Changes (SEA),3001,Project Stonehaven |Main Plan,-98
2035,Decommissioning Payments,3002,Project Cedar Point |Manual,-120
2035,Decommissioning Payments,3002,Project Copper Bay |Main Plan,-50
2035,Decommissioning Payments,3002,Project Eagle Pass |Manual,-120
2035,Decommissioning Payments,3002,Project Highland Crest |Main Plan,-3
2035,Decommissioning Payments,3002,Project Redcliff |Main Plan,-4
2035,Decommissioning Payments,3002,Project Stonehaven |Main Plan,-98
2035,Lease Interest paid,3003,Project Cedar Point |Manual,0
2035,Lease Interest paid,3003,Project Eagle Pass |Manual,0
2035,Total Dividend Received,3004,Project Cedar Point |Manual,0
2035,Total Dividend Received,3004,Project Eagle Pass |Manual,0
2035,Total Dividend Received,3004,Project Ironwood |Main Plan,0
2035,Operating Cashflow,3005,Project Blue Horizon |Main Plan,1694
2035,Operating Cashflow,3005,Project Cedar Point |Manual,630
2035,Operating Cashflow,3005,Project Copper Bay |Main Plan,71
2035,Operating Cashflow,3005,Project Eagle Pass |Manual,630
2035,Operating Cashflow,3005,Project Granite Basin |Main Plan,143
2035,Operating Cashflow,3005,Project Highland Crest |Main Plan,-4
2035,Operating Cashflow,3005,Project Ironwood |Main Plan,90
2035,Operating Cashflow,3005,Project Northstar |Main Plan,306
2035,Operating Cashflow,3005,Project Raven Rock |Main Plan,291
2035,Operating Cashflow,3005,Project Redcliff |Main Plan,293
2035,Operating Cashflow,3005,Project Silver Peak |Main Plan,512
2035,Operating Cashflow,3005,Project Stonehaven |Main Plan,-98
2035,Cash Capex,3006,Project Blue Horizon |Main Plan,-1272
2035,Cash Capex,3006,Project Cedar Point |Manual,-270
2035,Cash Capex,3006,Project Copper Bay |Main Plan,-1
2035,Cash Capex,3006,Project Eagle Pass |Manual,-270
2035,Cash Capex,3006,Project Granite Basin |Main Plan,-129
2035,Cash Capex,3006,Project Ironwood |Main Plan,-20
2035,Cash Capex,3006,Project Northstar |Main Plan,-75
2035,Cash Capex,3006,Project Raven Rock |Main Plan,-22
2035,Cash Capex,3006,Project Redcliff |Main Plan,-55
2035,Cash Capex,3006,Project Silver Peak |Main Plan,-228
2035,Cash Flow from Sale of Operations,3007,Project Cedar Point |Manual,0
2035,Cash Flow from Sale of Operations,3007,Project Eagle Pass |Manual,0
2035,Pre Tax Cash Flow,3008,Project Blue Horizon |Main Plan,422
2035,Pre Tax Cash Flow,3008,Project Cedar Point |Manual,360
2035,Pre Tax Cash Flow,3008,Project Copper Bay |Main Plan,70
2035,Pre Tax Cash Flow,3008,Project Eagle Pass |Manual,360
2035,Pre Tax Cash Flow,3008,Project Granite Basin |Main Plan,14
2035,Pre Tax Cash Flow,3008,Project Highland Crest |Main Plan,-4
2035,Pre Tax Cash Flow,3008,Project Ironwood |Main Plan,70
2035,Pre Tax Cash Flow,3008,Project Northstar |Main Plan,226
2035,Pre Tax Cash Flow,3008,Project Raven Rock |Main Plan,269
2035,Pre Tax Cash Flow,3008,Project Redcliff |Main Plan,238
2035,Pre Tax Cash Flow,3008,Project Silver Peak |Main Plan,248
2035,Pre Tax Cash Flow,3008,Project Stonehaven |Main Plan,-98
2035,Capital Employed,4001,Project Blue Horizon |Main Plan,318
2035,Capital Employed,4001,Project Cedar Point |Manual,2030
2035,Capital Employed,4001,Project Copper Bay |Main Plan,111
2035,Capital Employed,4001,Project Eagle Pass |Manual,2030
2035,Capital Employed,4001,Project Granite Basin |Main Plan,10
2035,Capital Employed,4001,Project Highland Crest |Main Plan,2246
2035,Capital Employed,4001,Project Ironwood |Main Plan,87
2035,Capital Employed,4001,Project Northstar |Main Plan,21
2035,Capital Employed,4001,Project Raven Rock |Main Plan,-905
2035,Capital Employed,4001,Project Redcliff |Main Plan,393
2035,Capital Employed,4001,Project Silver Peak |Main Plan,1680
2035,Capital Employed,4001,Project Stonehaven |Main Plan,-108
2036,Total Production (mboed),1001,Project Blue Horizon |Main Plan,94
2036,Total Production (mboed),1001,Project Cedar Point |Manual,20
2036,Total Production (mboed),1001,Project Copper Bay |Main Plan,11
2036,Total Production (mboed),1001,Project Eagle Pass |Manual,20
2036,Total Production (mboed),1001,Project Granite Basin |Main Plan,30
2036,Total Production (mboed),1001,Project Ironwood |Main Plan,4
2036,Total Production (mboed),1001,Project Northstar |Main Plan,23
2036,Total Production (mboed),1001,Project Raven Rock |Main Plan,33
2036,Total Production (mboed),1001,Project Redcliff |Main Plan,27
2036,Total Production (mboed),1001,Project Silver Peak |Main Plan,39
2036,Oil Production (mb/d),1002,Project Blue Horizon |Main Plan,94
2036,Oil Production (mb/d),1002,Project Cedar Point |Manual,20
2036,Oil Production (mb/d),1002,Project Copper Bay |Main Plan,11
2036,Oil Production (mb/d),1002,Project Eagle Pass |Manual,20
2036,Oil Production (mb/d),1002,Project Granite Basin |Main Plan,5
2036,Oil Production (mb/d),1002,Project Ironwood |Main Plan,0
2036,Oil Production (mb/d),1002,Project Northstar |Main Plan,23
2036,Oil Production (mb/d),1002,Project Raven Rock |Main Plan,0
2036,Oil Production (mb/d),1002,Project Redcliff |Main Plan,3
2036,Oil Production (mb/d),1002,Project Silver Peak |Main Plan,39
2036,NGL Production (mb/d),1003,Project Cedar Point |Manual,0
2036,NGL Production (mb/d),1003,Project Eagle Pass |Manual,0
2036,NGL Production (mb/d),1003,Project Raven Rock |Main Plan,0
2036,NGL Production (mb/d),1003,Project Redcliff |Main Plan,0
2036,Gas Production (mmscf/d),1004,Project Granite Basin |Main Plan,145
2036,Gas Production (mmscf/d),1004,Project Ironwood |Main Plan,21
2036,Gas Production (mmscf/d),1004,Project Raven Rock |Main Plan,184
2036,Gas Production (mmscf/d),1004,Project Redcliff |Main Plan,129
2036,Revenue Generating Total Prod (mboed),1005,Project Blue Horizon |Main Plan,94
2036,Revenue Generating Total Prod (mboed),1005,Project Cedar Point |Manual,20
2036,Revenue Generating Total Prod (mboed),1005,Project Copper Bay |Main Plan,11
2036,Revenue Generating Total Prod (mboed),1005,Project Eagle Pass |Manual,20
2036,Revenue Generating Total Prod (mboed),1005,Project Granite Basin |Main Plan,30
2036,Revenue Generating Total Prod (mboed),1005,Project Ironwood |Main Plan,4
2036,Revenue Generating Total Prod (mboed),1005,Project Northstar |Main Plan,23
2036,Revenue Generating Total Prod (mboed),1005,Project Raven Rock |Main Plan,33
2036,Revenue Generating Total Prod (mboed),1005,Project Redcliff |Main Plan,24
2036,Revenue Generating Total Prod (mboed),1005,Project Silver Peak |Main Plan,39
2036,Gas - Non-Revenue Generating Prod (mmscfd),1008,Project Redcliff |Main Plan,-14
2036,Equity Accounted Total Production (mboed),1009,Project Cedar Point |Manual,0
2036,Equity Accounted Total Production (mboed),1009,Project Eagle Pass |Manual,0
2036,Liquids Production (mboed),1013,Project Blue Horizon |Main Plan,94
2036,Liquids Production (mboed),1013,Project Cedar Point |Manual,20
2036,Liquids Production (mboed),1013,Project Copper Bay |Main Plan,11
2036,Liquids Production (mboed),1013,Project Eagle Pass |Manual,20
2036,Liquids Production (mboed),1013,Project Granite Basin |Main Plan,5
2036,Liquids Production (mboed),1013,Project Ironwood |Main Plan,0
2036,Liquids Production (mboed),1013,Project Northstar |Main Plan,23
2036,Liquids Production (mboed),1013,Project Raven Rock |Main Plan,0
2036,Liquids Production (mboed),1013,Project Redcliff |Main Plan,3
2036,Liquids Production (mboed),1013,Project Silver Peak |Main Plan,39
2036,Revenue Generating Total Prod (mboe),1015,Project Blue Horizon |Main Plan,34.31
2036,Revenue Generating Total Prod (mboe),1015,Project Copper Bay |Main Plan,4.015
2036,Revenue Generating Total Prod (mboe),1015,Project Granite Basin |Main Plan,10.95
2036,Revenue Generating Total Prod (mboe),1015,Project Ironwood |Main Plan,1.46
2036,Revenue Generating Total Prod (mboe),1015,Project Northstar |Main Plan,8.395
2036,Revenue Generating Total Prod (mboe),1015,Project Raven Rock |Main Plan,12.045
2036,Revenue Generating Total Prod (mboe),1015,Project Redcliff |Main Plan,8.76
2036,Revenue Generating Total Prod (mboe),1015,Project Silver Peak |Main Plan,14.235
2036,Gross Margin,2001,Project Blue Horizon |Main Plan,2023
2036,Gross Margin,2001,Project Cedar Point |Manual,930
2036,Gross Margin,2001,Project Copper Bay |Main Plan,281
2036,Gross Margin,2001,Project Eagle Pass |Manual,930
2036,Gross Margin,2001,Project Granite Basin |Main Plan,362
2036,Gross Margin,2001,Project Ironwood |Main Plan,53
2036,Gross Margin,2001,Project Northstar |Main Plan,530
2036,Gross Margin,2001,Project Raven Rock |Main Plan,269
2036,Gross Margin,2001,Project Redcliff |Main Plan,364
2036,Gross Margin,2001,Project Silver Peak |Main Plan,974
2036,Total Cash Costs,2002,Project Blue Horizon |Main Plan,-500
2036,Total Cash Costs,2002,Project Cedar Point |Manual,-250
2036,Total Cash Costs,2002,Project Copper Bay |Main Plan,-154
2036,Total Cash Costs,2002,Project Eagle Pass |Manual,-250
2036,Total Cash Costs,2002,Project Granite Basin |Main Plan,-188
2036,Total Cash Costs,2002,Project Ironwood |Main Plan,-15
2036,Total Cash Costs,2002,Project Northstar |Main Plan,-241
2036,Total Cash Costs,2002,Project Raven Rock |Main Plan,-14
2036,Total Cash Costs,2002,Project Redcliff |Main Plan,-154
2036,Total Cash Costs,2002,Project Silver Peak |Main Plan,-238
2036,Production Costs,2003,Project Blue Horizon |Main Plan,-500
2036,Production Costs,2003,Project Cedar Point |Manual,-190
2036,Production Costs,2003,Project Copper Bay |Main Plan,-152
2036,Production Costs,2003,Project Eagle Pass |Manual,-190
2036,Production Costs,2003,Project Granite Basin |Main Plan,-70
2036,Production Costs,2003,Project Ironwood |Main Plan,-15
2036,Production Costs,2003,Project Northstar |Main Plan,-241
2036,Production Costs,2003,Project Raven Rock |Main Plan,-14
2036,Production Costs,2003,Project Redcliff |Main Plan,-69
2036,Production Costs,2003,Project Silver Peak |Main Plan,-166
2036,EBITDA,2004,Project Blue Horizon |Main Plan,1523
2036,EBITDA,2004,Project Cedar Point |Manual,680
2036,EBITDA,2004,Project Copper Bay |Main Plan,127
2036,EBITDA,2004,Project Eagle Pass |Manual,680
2036,EBITDA,2004,Project Granite Basin |Main Plan,174
2036,EBITDA,2004,Project Ironwood |Main Plan,38
2036,EBITDA,2004,Project Northstar |Main Plan,289
2036,EBITDA,2004,Project Raven Rock |Main Plan,255
2036,EBITDA,2004,Project Redcliff |Main Plan,210
2036,EBITDA,2004,Project Silver Peak |Main Plan,736
2036,DD&A Charge,2005,Project Blue Horizon |Main Plan,-1070
2036,DD&A Charge,2005,Project Cedar Point |Manual,-430
2036,DD&A Charge,2005,Project Copper Bay |Main Plan,-85
2036,DD&A Charge,2005,Project Eagle Pass |Manual,-430
2036,DD&A Charge,2005,Project Granite Basin |Main Plan,-160
2036,DD&A Charge,2005,Project Highland Crest |Main Plan,-47
2036,DD&A Charge,2005,Project Ironwood |Main Plan,-15
2036,DD&A Charge,2005,Project Northstar |Main Plan,-78
2036,DD&A Charge,2005,Project Raven Rock |Main Plan,-151
2036,DD&A Charge,2005,Project Redcliff |Main Plan,-109
2036,DD&A Charge,2005,Project Silver Peak |Main Plan,-481
2036,Related Company Income,2006,Project Cedar Point |Manual,0
2036,Related Company Income,2006,Project Eagle Pass |Manual,0
2036,Underlying RCOP,2007,Project Blue Horizon |Main Plan,453
2036,Underlying RCOP,2007,Project Cedar Point |Manual,260
2036,Underlying RCOP,2007,Project Copper Bay |Main Plan,42
2036,Underlying RCOP,2007,Project Eagle Pass |Manual,260
2036,Underlying RCOP,2007,Project Granite Basin |Main Plan,14
2036,Underlying RCOP,2007,Project Highland Crest |Main Plan,-47
2036,Underlying RCOP,2007,Project Ironwood |Main Plan,23
2036,Underlying RCOP,2007,Project Northstar |Main Plan,211
2036,Underlying RCOP,2007,Project Raven Rock |Main Plan,104
2036,Underlying RCOP,2007,Project Redcliff |Main Plan,101
2036,Underlying RCOP,2007,Project Silver Peak |Main Plan,255
2036,Working Capital Changes (SEA),3001,Project Blue Horizon |Main Plan,19
2036,Working Capital Changes (SEA),3001,Project Cedar Point |Manual,-110
2036,Working Capital Changes (SEA),3001,Project Copper Bay |Main Plan,-51
2036,Working Capital Changes (SEA),3001,Project Eagle Pass |Manual,-110
2036,Working Capital Changes (SEA),3001,Project Granite Basin |Main Plan,-42
2036,Working Capital Changes (SEA),3001,Project Highland Crest |Main Plan,-3
2036,Working Capital Changes (SEA),3001,Project Raven Rock |Main Plan,6
2036,Working Capital Changes (SEA),3001,Project Redcliff |Main Plan,2
2036,Working Capital Changes (SEA),3001,Project Silver Peak |Main Plan,2
2036,Working Capital Changes (SEA),3001,Project Stonehaven |Main Plan,-57
2036,Decommissioning Payments,3002,Project Cedar Point |Manual,-120
2036,Decommissioning Payments,3002,Project Copper Bay |Main Plan,-50
2036,Decommissioning Payments,3002,Project Eagle Pass |Manual,-120
2036,Decommissioning Payments,3002,Project Granite Basin |Main Plan,-35
2036,Decommissioning Payments,3002,Project Highland Crest |Main Plan,-3
2036,Decommissioning Payments,3002,Project Redcliff |Main Plan,-5
2036,Decommissioning Payments,3002,Project Stonehaven |Main Plan,-57
2036,Lease Interest paid,3003,Project Cedar Point |Manual,0
2036,Lease Interest paid,3003,Project Eagle Pass |Manual,0
2036,Total Dividend Received,3004,Project Cedar Point |Manual,0
2036,Total Dividend Received,3004,Project Eagle Pass |Manual,0
2036,Operating Cashflow,3005,Project Blue Horizon |Main Plan,1538
2036,Operating Cashflow,3005,Project Cedar Point |Manual,580
2036,Operating Cashflow,3005,Project Copper Bay |Main Plan,75
2036,Operating Cashflow,3005,Project Eagle Pass |Manual,580
2036,Operating Cashflow,3005,Project Granite Basin |Main Plan,131
2036,Operating Cashflow,3005,Project Highland Crest |Main Plan,-4
2036,Operating Cashflow,3005,Project Ironwood |Main Plan,37
2036,Operating Cashflow,3005,Project Northstar |Main Plan,288
2036,Operating Cashflow,3005,Project Raven Rock |Main Plan,260
2036,Operating Cashflow,3005,Project Redcliff |Main Plan,211
2036,Operating Cashflow,3005,Project Silver Peak |Main Plan,737
2036,Operating Cashflow,3005,Project Stonehaven |Main Plan,-57
2036,Cash Capex,3006,Project Blue Horizon |Main Plan,-1115
2036,Cash Capex,3006,Project Cedar Point |Manual,-230
2036,Cash Capex,3006,Project Copper Bay |Main Plan,-1
2036,Cash Capex,3006,Project Eagle Pass |Manual,-230
2036,Cash Capex,3006,Project Granite Basin |Main Plan,-111
2036,Cash Capex,3006,Project Ironwood |Main Plan,-13
2036,Cash Capex,3006,Project Northstar |Main Plan,-57
2036,Cash Capex,3006,Project Raven Rock |Main Plan,-21
2036,Cash Capex,3006,Project Redcliff |Main Plan,-46
2036,Cash Capex,3006,Project Silver Peak |Main Plan,-249
2036,Cash Flow from Sale of Operations,3007,Project Cedar Point |Manual,0
2036,Cash Flow from Sale of Operations,3007,Project Eagle Pass |Manual,0
2036,Pre Tax Cash Flow,3008,Project Blue Horizon |Main Plan,423
2036,Pre Tax Cash Flow,3008,Project Cedar Point |Manual,350
2036,Pre Tax Cash Flow,3008,Project Copper Bay |Main Plan,74
2036,Pre Tax Cash Flow,3008,Project Eagle Pass |Manual,350
2036,Pre Tax Cash Flow,3008,Project Granite Basin |Main Plan,20
2036,Pre Tax Cash Flow,3008,Project Highland Crest |Main Plan,-4
2036,Pre Tax Cash Flow,3008,Project Ironwood |Main Plan,24
2036,Pre Tax Cash Flow,3008,Project Northstar |Main Plan,226
2036,Pre Tax Cash Flow,3008,Project Raven Rock |Main Plan,239
2036,Pre Tax Cash Flow,3008,Project Redcliff |Main Plan,165
2036,Pre Tax Cash Flow,3008,Project Silver Peak |Main Plan,488
2036,Pre Tax Cash Flow,3008,Project Stonehaven |Main Plan,-57
2036,Capital Employed,4001,Project Blue Horizon |Main Plan,346
2036,Capital Employed,4001,Project Cedar Point |Manual,1910
2036,Capital Employed,4001,Project Copper Bay |Main Plan,74
2036,Capital Employed,4001,Project Eagle Pass |Manual,1910
2036,Capital Employed,4001,Project Granite Basin |Main Plan,-11
2036,Capital Employed,4001,Project Highland Crest |Main Plan,2202
2036,Capital Employed,4001,Project Ironwood |Main Plan,86
2036,Capital Employed,4001,Project Northstar |Main Plan,5
2036,Capital Employed,4001,Project Raven Rock |Main Plan,-1044
2036,Capital Employed,4001,Project Redcliff |Main Plan,309
2036,Capital Employed,4001,Project Silver Peak |Main Plan,1411
2036,Capital Employed,4001,Project Stonehaven |Main Plan,-51
2037,Total Production (mboed),1001,Project Blue Horizon |Main Plan,93
2037,Total Production (mboed),1001,Project Cedar Point |Manual,20
2037,Total Production (mboed),1001,Project Copper Bay |Main Plan,3
2037,Total Production (mboed),1001,Project Eagle Pass |Manual,20
2037,Total Production (mboed),1001,Project Granite Basin |Main Plan,62
2037,Total Production (mboed),1001,Project Ironwood |Main Plan,1
2037,Total Production (mboed),1001,Project Northstar |Main Plan,21
2037,Total Production (mboed),1001,Project Raven Rock |Main Plan,29
2037,Total Production (mboed),1001,Project Redcliff |Main Plan,22
2037,Total Production (mboed),1001,Project Silver Peak |Main Plan,37
2037,Oil Production (mb/d),1002,Project Blue Horizon |Main Plan,93
2037,Oil Production (mb/d),1002,Project Cedar Point |Manual,20
2037,Oil Production (mb/d),1002,Project Copper Bay |Main Plan,3
2037,Oil Production (mb/d),1002,Project Eagle Pass |Manual,20
2037,Oil Production (mb/d),1002,Project Granite Basin |Main Plan,9
2037,Oil Production (mb/d),1002,Project Ironwood |Main Plan,0
2037,Oil Production (mb/d),1002,Project Northstar |Main Plan,21
2037,Oil Production (mb/d),1002,Project Raven Rock |Main Plan,0
2037,Oil Production (mb/d),1002,Project Redcliff |Main Plan,3
2037,Oil Production (mb/d),1002,Project Silver Peak |Main Plan,37
2037,NGL Production (mb/d),1003,Project Cedar Point |Manual,0
2037,NGL Production (mb/d),1003,Project Eagle Pass |Manual,0
2037,NGL Production (mb/d),1003,Project Raven Rock |Main Plan,0
2037,NGL Production (mb/d),1003,Project Redcliff |Main Plan,0
2037,Gas Production (mmscf/d),1004,Project Granite Basin |Main Plan,303
2037,Gas Production (mmscf/d),1004,Project Ironwood |Main Plan,9
2037,Gas Production (mmscf/d),1004,Project Raven Rock |Main Plan,161
2037,Gas Production (mmscf/d),1004,Project Redcliff |Main Plan,103
2037,Revenue Generating Total Prod (mboed),1005,Project Blue Horizon |Main Plan,93
2037,Revenue Generating Total Prod (mboed),1005,Project Cedar Point |Manual,20
2037,Revenue Generating Total Prod (mboed),1005,Project Copper Bay |Main Plan,3
2037,Revenue Generating Total Prod (mboed),1005,Project Eagle Pass |Manual,20
2037,Revenue Generating Total Prod (mboed),1005,Project Granite Basin |Main Plan,62
2037,Revenue Generating Total Prod (mboed),1005,Project Ironwood |Main Plan,1
2037,Revenue Generating Total Prod (mboed),1005,Project Northstar |Main Plan,21
2037,Revenue Generating Total Prod (mboed),1005,Project Raven Rock |Main Plan,29
2037,Revenue Generating Total Prod (mboed),1005,Project Redcliff |Main Plan,20
2037,Revenue Generating Total Prod (mboed),1005,Project Silver Peak |Main Plan,37
2037,Gas - Non-Revenue Generating Prod (mmscfd),1008,Project Redcliff |Main Plan,-11
2037,Equity Accounted Total Production (mboed),1009,Project Cedar Point |Manual,0
2037,Equity Accounted Total Production (mboed),1009,Project Eagle Pass |Manual,0
2037,Liquids Production (mboed),1013,Project Blue Horizon |Main Plan,93
2037,Liquids Production (mboed),1013,Project Cedar Point |Manual,20
2037,Liquids Production (mboed),1013,Project Copper Bay |Main Plan,3
2037,Liquids Production (mboed),1013,Project Eagle Pass |Manual,20
2037,Liquids Production (mboed),1013,Project Granite Basin |Main Plan,9
2037,Liquids Production (mboed),1013,Project Ironwood |Main Plan,0
2037,Liquids Production (mboed),1013,Project Northstar |Main Plan,21
2037,Liquids Production (mboed),1013,Project Raven Rock |Main Plan,0
2037,Liquids Production (mboed),1013,Project Redcliff |Main Plan,3
2037,Liquids Production (mboed),1013,Project Silver Peak |Main Plan,37
2037,Revenue Generating Total Prod (mboe),1015,Project Blue Horizon |Main Plan,33.945
2037,Revenue Generating Total Prod (mboe),1015,Project Copper Bay |Main Plan,1.095
2037,Revenue Generating Total Prod (mboe),1015,Project Granite Basin |Main Plan,22.63
2037,Revenue Generating Total Prod (mboe),1015,Project Ironwood |Main Plan,0.365
2037,Revenue Generating Total Prod (mboe),1015,Project Northstar |Main Plan,7.665
2037,Revenue Generating Total Prod (mboe),1015,Project Raven Rock |Main Plan,10.585
2037,Revenue Generating Total Prod (mboe),1015,Project Redcliff |Main Plan,7.3
2037,Revenue Generating Total Prod (mboe),1015,Project Silver Peak |Main Plan,13.505
2037,Gross Margin,2001,Project Blue Horizon |Main Plan,2059
2037,Gross Margin,2001,Project Cedar Point |Manual,870
2037,Gross Margin,2001,Project Copper Bay |Main Plan,88
2037,Gross Margin,2001,Project Eagle Pass |Manual,870
2037,Gross Margin,2001,Project Granite Basin |Main Plan,692
2037,Gross Margin,2001,Project Ironwood |Main Plan,24
2037,Gross Margin,2001,Project Northstar |Main Plan,498
2037,Gross Margin,2001,Project Raven Rock |Main Plan,230
2037,Gross Margin,2001,Project Redcliff |Main Plan,326
2037,Gross Margin,2001,Project Silver Peak |Main Plan,924
2037,Total Cash Costs,2002,Project Blue Horizon |Main Plan,-523
2037,Total Cash Costs,2002,Project Cedar Point |Manual,-260
2037,Total Cash Costs,2002,Project Copper Bay |Main Plan,-98
2037,Total Cash Costs,2002,Project Eagle Pass |Manual,-260
2037,Total Cash Costs,2002,Project Granite Basin |Main Plan,-94
2037,Total Cash Costs,2002,Project Ironwood |Main Plan,-7
2037,Total Cash Costs,2002,Project Northstar |Main Plan,-237
2037,Total Cash Costs,2002,Project Raven Rock |Main Plan,-14
2037,Total Cash Costs,2002,Project Redcliff |Main Plan,-166
2037,Total Cash Costs,2002,Project Silver Peak |Main Plan,-216
2037,Production Costs,2003,Project Blue Horizon |Main Plan,-523
2037,Production Costs,2003,Project Cedar Point |Manual,-200
2037,Production Costs,2003,Project Copper Bay |Main Plan,-96
2037,Production Costs,2003,Project Eagle Pass |Manual,-200
2037,Production Costs,2003,Project Granite Basin |Main Plan,-72
2037,Production Costs,2003,Project Ironwood |Main Plan,-7
2037,Production Costs,2003,Project Northstar |Main Plan,-237
2037,Production Costs,2003,Project Raven Rock |Main Plan,-14
2037,Production Costs,2003,Project Redcliff |Main Plan,-70
2037,Production Costs,2003,Project Silver Peak |Main Plan,-164
2037,EBITDA,2004,Project Blue Horizon |Main Plan,1536
2037,EBITDA,2004,Project Cedar Point |Manual,610
2037,EBITDA,2004,Project Copper Bay |Main Plan,-10
2037,EBITDA,2004,Project Eagle Pass |Manual,610
2037,EBITDA,2004,Project Granite Basin |Main Plan,598
2037,EBITDA,2004,Project Ironwood |Main Plan,17
2037,EBITDA,2004,Project Northstar |Main Plan,261
2037,EBITDA,2004,Project Raven Rock |Main Plan,216
2037,EBITDA,2004,Project Redcliff |Main Plan,160
2037,EBITDA,2004,Project Silver Peak |Main Plan,708
2037,DD&A Charge,2005,Project Blue Horizon |Main Plan,-1079
2037,DD&A Charge,2005,Project Cedar Point |Manual,-390
2037,DD&A Charge,2005,Project Copper Bay |Main Plan,-25
2037,DD&A Charge,2005,Project Eagle Pass |Manual,-390
2037,DD&A Charge,2005,Project Granite Basin |Main Plan,-320
2037,DD&A Charge,2005,Project Highland Crest |Main Plan,-47
2037,DD&A Charge,2005,Project Ironwood |Main Plan,-6
2037,DD&A Charge,2005,Project Northstar |Main Plan,-72
2037,DD&A Charge,2005,Project Raven Rock |Main Plan,-153
2037,DD&A Charge,2005,Project Redcliff |Main Plan,-91
2037,DD&A Charge,2005,Project Silver Peak |Main Plan,-448
2037,Related Company Income,2006,Project Cedar Point |Manual,0
2037,Related Company Income,2006,Project Eagle Pass |Manual,0
2037,Underlying RCOP,2007,Project Blue Horizon |Main Plan,457
2037,Underlying RCOP,2007,Project Cedar Point |Manual,230
2037,Underlying RCOP,2007,Project Copper Bay |Main Plan,-35
2037,Underlying RCOP,2007,Project Eagle Pass |Manual,230
2037,Underlying RCOP,2007,Project Granite Basin |Main Plan,278
2037,Underlying RCOP,2007,Project Highland Crest |Main Plan,-47
2037,Underlying RCOP,2007,Project Ironwood |Main Plan,11
2037,Underlying RCOP,2007,Project Northstar |Main Plan,189
2037,Underlying RCOP,2007,Project Raven Rock |Main Plan,63
2037,Underlying RCOP,2007,Project Redcliff |Main Plan,69
2037,Underlying RCOP,2007,Project Silver Peak |Main Plan,260
2037,Working Capital Changes (SEA),3001,Project Blue Horizon |Main Plan,2
2037,Working Capital Changes (SEA),3001,Project Cedar Point |Manual,-100
2037,Working Capital Changes (SEA),3001,Project Copper Bay |Main Plan,-41
2037,Working Capital Changes (SEA),3001,Project Eagle Pass |Manual,-100
2037,Working Capital Changes (SEA),3001,Project Granite Basin |Main Plan,-267
2037,Working Capital Changes (SEA),3001,Project Highland Crest |Main Plan,-4
2037,Working Capital Changes (SEA),3001,Project Raven Rock |Main Plan,6
2037,Working Capital Changes (SEA),3001,Project Redcliff |Main Plan,-2
2037,Working Capital Changes (SEA),3001,Project Silver Peak |Main Plan,2
2037,Working Capital Changes (SEA),3001,Project Stonehaven |Main Plan,-52
2037,Decommissioning Payments,3002,Project Cedar Point |Manual,-110
2037,Decommissioning Payments,3002,Project Copper Bay |Main Plan,-46
2037,Decommissioning Payments,3002,Project Eagle Pass |Manual,-110
2037,Decommissioning Payments,3002,Project Granite Basin |Main Plan,-205
2037,Decommissioning Payments,3002,Project Highland Crest |Main Plan,-4
2037,Decommissioning Payments,3002,Project Redcliff |Main Plan,-6
2037,Decommissioning Payments,3002,Project Stonehaven |Main Plan,-52
2037,Lease Interest paid,3003,Project Cedar Point |Manual,0
2037,Lease Interest paid,3003,Project Eagle Pass |Manual,0
2037,Total Dividend Received,3004,Project Cedar Point |Manual,0
2037,Total Dividend Received,3004,Project Eagle Pass |Manual,0
2037,Operating Cashflow,3005,Project Blue Horizon |Main Plan,1534
2037,Operating Cashflow,3005,Project Cedar Point |Manual,520
2037,Operating Cashflow,3005,Project Copper Bay |Main Plan,-52
2037,Operating Cashflow,3005,Project Eagle Pass |Manual,520
2037,Operating Cashflow,3005,Project Granite Basin |Main Plan,330
2037,Operating Cashflow,3005,Project Highland Crest |Main Plan,-5
2037,Operating Cashflow,3005,Project Ironwood |Main Plan,16
2037,Operating Cashflow,3005,Project Northstar |Main Plan,260
2037,Operating Cashflow,3005,Project Raven Rock |Main Plan,221
2037,Operating Cashflow,3005,Project Redcliff |Main Plan,157
2037,Operating Cashflow,3005,Project Silver Peak |Main Plan,709
2037,Operating Cashflow,3005,Project Stonehaven |Main Plan,-52
2037,Cash Capex,3006,Project Blue Horizon |Main Plan,-1109
2037,Cash Capex,3006,Project Cedar Point |Manual,-190
2037,Cash Capex,3006,Project Copper Bay |Main Plan,-2
2037,Cash Capex,3006,Project Eagle Pass |Manual,-190
2037,Cash Capex,3006,Project Granite Basin |Main Plan,-52
2037,Cash Capex,3006,Project Ironwood |Main Plan,-3
2037,Cash Capex,3006,Project Northstar |Main Plan,-33
2037,Cash Capex,3006,Project Raven Rock |Main Plan,-22
2037,Cash Capex,3006,Project Redcliff |Main Plan,-21
2037,Cash Capex,3006,Project Silver Peak |Main Plan,-263
2037,Cash Flow from Sale of Operations,3007,Project Cedar Point |Manual,0
2037,Cash Flow from Sale of Operations,3007,Project Eagle Pass |Manual,0
2037,Pre Tax Cash Flow,3008,Project Blue Horizon |Main Plan,425
2037,Pre Tax Cash Flow,3008,Project Cedar Point |Manual,330
2037,Pre Tax Cash Flow,3008,Project Copper Bay |Main Plan,-54
2037,Pre Tax Cash Flow,3008,Project Eagle Pass |Manual,330
2037,Pre Tax Cash Flow,3008,Project Granite Basin |Main Plan,278
2037,Pre Tax Cash Flow,3008,Project Highland Crest |Main Plan,-5
2037,Pre Tax Cash Flow,3008,Project Ironwood |Main Plan,13
2037,Pre Tax Cash Flow,3008,Project Northstar |Main Plan,222
2037,Pre Tax Cash Flow,3008,Project Raven Rock |Main Plan,199
2037,Pre Tax Cash Flow,3008,Project Redcliff |Main Plan,136
2037,Pre Tax Cash Flow,3008,Project Silver Peak |Main Plan,446
2037,Pre Tax Cash Flow,3008,Project Stonehaven |Main Plan,-52
2037,Capital Employed,4001,Project Blue Horizon |Main Plan,375
2037,Capital Employed,4001,Project Cedar Point |Manual,1790
2037,Capital Employed,4001,Project Copper Bay |Main Plan,86
2037,Capital Employed,4001,Project Eagle Pass |Manual,1790
2037,Capital Employed,4001,Project Granite Basin |Main Plan,-26
2037,Capital Employed,4001,Project Highland Crest |Main Plan,2158
2037,Capital Employed,4001,Project Ironwood |Main Plan,83
2037,Capital Employed,4001,Project Northstar |Main Plan,-29
2037,Capital Employed,4001,Project Raven Rock |Main Plan,-1182
2037,Capital Employed,4001,Project Redcliff |Main Plan,221
2037,Capital Employed,4001,Project Silver Peak |Main Plan,1190
2037,Capital Employed,4001,Project Stonehaven |Main Plan,0
2038,Total Production (mboed),1001,Project Blue Horizon |Main Plan,89
2038,Total Production (mboed),1001,Project Cedar Point |Manual,20
2038,Total Production (mboed),1001,Project Eagle Pass |Manual,20
2038,Total Production (mboed),1001,Project Granite Basin |Main Plan,31
2038,Total Production (mboed),1001,Project Ironwood |Main Plan,1
2038,Total Production (mboed),1001,Project Northstar |Main Plan,19
2038,Total Production (mboed),1001,Project Raven Rock |Main Plan,23
2038,Total Production (mboed),1001,Project Redcliff |Main Plan,18
2038,Total Production (mboed),1001,Project Silver Peak |Main Plan,39
2038,Oil Production (mb/d),1002,Project Blue Horizon |Main Plan,89
2038,Oil Production (mb/d),1002,Project Cedar Point |Manual,20
2038,Oil Production (mb/d),1002,Project Eagle Pass |Manual,20
2038,Oil Production (mb/d),1002,Project Granite Basin |Main Plan,5
2038,Oil Production (mb/d),1002,Project Ironwood |Main Plan,0
2038,Oil Production (mb/d),1002,Project Northstar |Main Plan,19
2038,Oil Production (mb/d),1002,Project Raven Rock |Main Plan,0
2038,Oil Production (mb/d),1002,Project Redcliff |Main Plan,3
2038,Oil Production (mb/d),1002,Project Silver Peak |Main Plan,39
2038,NGL Production (mb/d),1003,Project Cedar Point |Manual,0
2038,NGL Production (mb/d),1003,Project Eagle Pass |Manual,0
2038,NGL Production (mb/d),1003,Project Raven Rock |Main Plan,0
2038,NGL Production (mb/d),1003,Project Redcliff |Main Plan,0
2038,Gas Production (mmscf/d),1004,Project Granite Basin |Main Plan,151
2038,Gas Production (mmscf/d),1004,Project Ironwood |Main Plan,6
2038,Gas Production (mmscf/d),1004,Project Raven Rock |Main Plan,129
2038,Gas Production (mmscf/d),1004,Project Redcliff |Main Plan,86
2038,Revenue Generating Total Prod (mboed),1005,Project Blue Horizon |Main Plan,89
2038,Revenue Generating Total Prod (mboed),1005,Project Cedar Point |Manual,20
2038,Revenue Generating Total Prod (mboed),1005,Project Eagle Pass |Manual,20
2038,Revenue Generating Total Prod (mboed),1005,Project Granite Basin |Main Plan,31
2038,Revenue Generating Total Prod (mboed),1005,Project Ironwood |Main Plan,1
2038,Revenue Generating Total Prod (mboed),1005,Project Northstar |Main Plan,19
2038,Revenue Generating Total Prod (mboed),1005,Project Raven Rock |Main Plan,23
2038,Revenue Generating Total Prod (mboed),1005,Project Redcliff |Main Plan,17
2038,Revenue Generating Total Prod (mboed),1005,Project Silver Peak |Main Plan,39
2038,Gas - Non-Revenue Generating Prod (mmscfd),1008,Project Redcliff |Main Plan,-10
2038,Equity Accounted Total Production (mboed),1009,Project Cedar Point |Manual,0
2038,Equity Accounted Total Production (mboed),1009,Project Eagle Pass |Manual,0
2038,Liquids Production (mboed),1013,Project Blue Horizon |Main Plan,89
2038,Liquids Production (mboed),1013,Project Cedar Point |Manual,20
2038,Liquids Production (mboed),1013,Project Eagle Pass |Manual,20
2038,Liquids Production (mboed),1013,Project Granite Basin |Main Plan,5
2038,Liquids Production (mboed),1013,Project Ironwood |Main Plan,0
2038,Liquids Production (mboed),1013,Project Northstar |Main Plan,19
2038,Liquids Production (mboed),1013,Project Raven Rock |Main Plan,0
2038,Liquids Production (mboed),1013,Project Redcliff |Main Plan,3
2038,Liquids Production (mboed),1013,Project Silver Peak |Main Plan,39
2038,Revenue Generating Total Prod (mboe),1015,Project Blue Horizon |Main Plan,32.485
2038,Revenue Generating Total Prod (mboe),1015,Project Granite Basin |Main Plan,11.315
2038,Revenue Generating Total Prod (mboe),1015,Project Ironwood |Main Plan,0.365
2038,Revenue Generating Total Prod (mboe),1015,Project Northstar |Main Plan,6.935
2038,Revenue Generating Total Prod (mboe),1015,Project Raven Rock |Main Plan,8.395
2038,Revenue Generating Total Prod (mboe),1015,Project Redcliff |Main Plan,6.205
2038,Revenue Generating Total Prod (mboe),1015,Project Silver Peak |Main Plan,14.235
2038,Gross Margin,2001,Project Blue Horizon |Main Plan,2003
2038,Gross Margin,2001,Project Cedar Point |Manual,820
2038,Gross Margin,2001,Project Eagle Pass |Manual,820
2038,Gross Margin,2001,Project Granite Basin |Main Plan,358
2038,Gross Margin,2001,Project Ironwood |Main Plan,14
2038,Gross Margin,2001,Project Northstar |Main Plan,462
2038,Gross Margin,2001,Project Raven Rock |Main Plan,213
2038,Gross Margin,2001,Project Redcliff |Main Plan,279
2038,Gross Margin,2001,Project Silver Peak |Main Plan,1013
2038,Total Cash Costs,2002,Project Blue Horizon |Main Plan,-548
2038,Total Cash Costs,2002,Project Cedar Point |Manual,-260
2038,Total Cash Costs,2002,Project Copper Bay |Main Plan,-1
2038,Total Cash Costs,2002,Project Eagle Pass |Manual,-260
2038,Total Cash Costs,2002,Project Granite Basin |Main Plan,-96
2038,Total Cash Costs,2002,Project Ironwood |Main Plan,-5
2038,Total Cash Costs,2002,Project Northstar |Main Plan,-236
2038,Total Cash Costs,2002,Project Raven Rock |Main Plan,-14
2038,Total Cash Costs,2002,Project Redcliff |Main Plan,-152
2038,Total Cash Costs,2002,Project Silver Peak |Main Plan,-213
2038,Production Costs,2003,Project Blue Horizon |Main Plan,-548
2038,Production Costs,2003,Project Cedar Point |Manual,-200
2038,Production Costs,2003,Project Copper Bay |Main Plan,-1
2038,Production Costs,2003,Project Eagle Pass |Manual,-200
2038,Production Costs,2003,Project Granite Basin |Main Plan,-74
2038,Production Costs,2003,Project Ironwood |Main Plan,-5
2038,Production Costs,2003,Project Northstar |Main Plan,-236
2038,Production Costs,2003,Project Raven Rock |Main Plan,-14
2038,Production Costs,2003,Project Redcliff |Main Plan,-72
2038,Production Costs,2003,Project Silver Peak |Main Plan,-161
2038,EBITDA,2004,Project Blue Horizon |Main Plan,1455
2038,EBITDA,2004,Project Cedar Point |Manual,560
2038,EBITDA,2004,Project Copper Bay |Main Plan,-1
2038,EBITDA,2004,Project Eagle Pass |Manual,560
2038,EBITDA,2004,Project Granite Basin |Main Plan,262
2038,EBITDA,2004,Project Ironwood |Main Plan,9
2038,EBITDA,2004,Project Northstar |Main Plan,226
2038,EBITDA,2004,Project Raven Rock |Main Plan,199
2038,EBITDA,2004,Project Redcliff |Main Plan,127
2038,EBITDA,2004,Project Silver Peak |Main Plan,800
2038,DD&A Charge,2005,Project Blue Horizon |Main Plan,-1021
2038,DD&A Charge,2005,Project Cedar Point |Manual,-370
2038,DD&A Charge,2005,Project Eagle Pass |Manual,-370
2038,DD&A Charge,2005,Project Granite Basin |Main Plan,-163
2038,DD&A Charge,2005,Project Highland Crest |Main Plan,-47
2038,DD&A Charge,2005,Project Ironwood |Main Plan,-3
2038,DD&A Charge,2005,Project Northstar |Main Plan,-65
2038,DD&A Charge,2005,Project Raven Rock |Main Plan,-131
2038,DD&A Charge,2005,Project Redcliff |Main Plan,-79
2038,DD&A Charge,2005,Project Silver Peak |Main Plan,-481
2038,Related Company Income,2006,Project Cedar Point |Manual,0
2038,Related Company Income,2006,Project Eagle Pass |Manual,0
2038,Underlying RCOP,2007,Project Blue Horizon |Main Plan,434
2038,Underlying RCOP,2007,Project Cedar Point |Manual,200
2038,Underlying RCOP,2007,Project Copper Bay |Main Plan,-1
2038,Underlying RCOP,2007,Project Eagle Pass |Manual,200
2038,Underlying RCOP,2007,Project Granite Basin |Main Plan,99
2038,Underlying RCOP,2007,Project Highland Crest |Main Plan,-47
2038,Underlying RCOP,2007,Project Ironwood |Main Plan,6
2038,Underlying RCOP,2007,Project Northstar |Main Plan,161
2038,Underlying RCOP,2007,Project Raven Rock |Main Plan,68
2038,Underlying RCOP,2007,Project Redcliff |Main Plan,48
2038,Underlying RCOP,2007,Project Silver Peak |Main Plan,319
2038,Working Capital Changes (SEA),3001,Project Blue Horizon |Main Plan,9
2038,Working Capital Changes (SEA),3001,Project Cedar Point |Manual,-100
2038,Working Capital Changes (SEA),3001,Project Copper Bay |Main Plan,-23
2038,Working Capital Changes (SEA),3001,Project Eagle Pass |Manual,-100
2038,Working Capital Changes (SEA),3001,Project Granite Basin |Main Plan,-167
2038,Working Capital Changes (SEA),3001,Project Highland Crest |Main Plan,-4
2038,Working Capital Changes (SEA),3001,Project Raven Rock |Main Plan,1
2038,Working Capital Changes (SEA),3001,Project Redcliff |Main Plan,-37
2038,Working Capital Changes (SEA),3001,Project Silver Peak |Main Plan,-141
2038,Working Capital Changes (SEA),3001,Project Stonehaven |Main Plan,-12
2038,Decommissioning Payments,3002,Project Cedar Point |Manual,-100
2038,Decommissioning Payments,3002,Project Copper Bay |Main Plan,-14
2038,Decommissioning Payments,3002,Project Eagle Pass |Manual,-100
2038,Decommissioning Payments,3002,Project Granite Basin |Main Plan,-213
2038,Decommissioning Payments,3002,Project Highland Crest |Main Plan,-4
2038,Decommissioning Payments,3002,Project Redcliff |Main Plan,-38
2038,Decommissioning Payments,3002,Project Silver Peak |Main Plan,-132
2038,Decommissioning Payments,3002,Project Stonehaven |Main Plan,-12
2038,Lease Interest paid,3003,Project Cedar Point |Manual,0
2038,Lease Interest paid,3003,Project Eagle Pass |Manual,0
2038,Total Dividend Received,3004,Project Cedar Point |Manual,0
2038,Total Dividend Received,3004,Project Eagle Pass |Manual,0
2038,Operating Cashflow,3005,Project Blue Horizon |Main Plan,1460
2038,Operating Cashflow,3005,Project Cedar Point |Manual,470
2038,Operating Cashflow,3005,Project Copper Bay |Main Plan,-24
2038,Operating Cashflow,3005,Project Eagle Pass |Manual,470
2038,Operating Cashflow,3005,Project Granite Basin |Main Plan,94
2038,Operating Cashflow,3005,Project Highland Crest |Main Plan,-5
2038,Operating Cashflow,3005,Project Ironwood |Main Plan,8
2038,Operating Cashflow,3005,Project Northstar |Main Plan,225
2038,Operating Cashflow,3005,Project Raven Rock |Main Plan,199
2038,Operating Cashflow,3005,Project Redcliff |Main Plan,89
2038,Operating Cashflow,3005,Project Silver Peak |Main Plan,658
2038,Operating Cashflow,3005,Project Stonehaven |Main Plan,-12
2038,Cash Capex,3006,Project Blue Horizon |Main Plan,-1031
2038,Cash Capex,3006,Project Cedar Point |Manual,-180
2038,Cash Capex,3006,Project Copper Bay |Main Plan,-1
2038,Cash Capex,3006,Project Eagle Pass |Manual,-180
2038,Cash Capex,3006,Project Granite Basin |Main Plan,-31
2038,Cash Capex,3006,Project Ironwood |Main Plan,-3
2038,Cash Capex,3006,Project Northstar |Main Plan,-34
2038,Cash Capex,3006,Project Raven Rock |Main Plan,-23
2038,Cash Capex,3006,Project Redcliff |Main Plan,-13
2038,Cash Capex,3006,Project Silver Peak |Main Plan,-286
2038,Cash Flow from Sale of Operations,3007,Project Cedar Point |Manual,0
2038,Cash Flow from Sale of Operations,3007,Project Eagle Pass |Manual,0
2038,Pre Tax Cash Flow,3008,Project Blue Horizon |Main Plan,429
2038,Pre Tax Cash Flow,3008,Project Cedar Point |Manual,300
2038,Pre Tax Cash Flow,3008,Project Copper Bay |Main Plan,-25
2038,Pre Tax Cash Flow,3008,Project Eagle Pass |Manual,300
2038,Pre Tax Cash Flow,3008,Project Granite Basin |Main Plan,63
2038,Pre Tax Cash Flow,3008,Project Highland Crest |Main Plan,-5
2038,Pre Tax Cash Flow,3008,Project Ironwood |Main Plan,5
2038,Pre Tax Cash Flow,3008,Project Northstar |Main Plan,186
2038,Pre Tax Cash Flow,3008,Project Raven Rock |Main Plan,176
2038,Pre Tax Cash Flow,3008,Project Redcliff |Main Plan,76
2038,Pre Tax Cash Flow,3008,Project Silver Peak |Main Plan,372
2038,Pre Tax Cash Flow,3008,Project Stonehaven |Main Plan,-12
2038,Capital Employed,4001,Project Blue Horizon |Main Plan,375
2038,Capital Employed,4001,Project Cedar Point |Manual,1670
2038,Capital Employed,4001,Project Copper Bay |Main Plan,109
2038,Capital Employed,4001,Project Eagle Pass |Manual,1670
2038,Capital Employed,4001,Project Granite Basin |Main Plan,-3
2038,Capital Employed,4001,Project Highland Crest |Main Plan,2113
2038,Capital Employed,4001,Project Ironwood |Main Plan,83
2038,Capital Employed,4001,Project Northstar |Main Plan,-56
2038,Capital Employed,4001,Project Raven Rock |Main Plan,-1292
2038,Capital Employed,4001,Project Redcliff |Main Plan,174
2038,Capital Employed,4001,Project Silver Peak |Main Plan,1097
2038,Capital Employed,4001,Project Stonehaven |Main Plan,12
2039,Total Production (mboed),1001,Project Blue Horizon |Main Plan,99
2039,Total Production (mboed),1001,Project Cedar Point |Manual,20
2039,Total Production (mboed),1001,Project Eagle Pass |Manual,20
2039,Total Production (mboed),1001,Project Granite Basin |Main Plan,29
2039,Total Production (mboed),1001,Project Ironwood |Main Plan,0
2039,Total Production (mboed),1001,Project Northstar |Main Plan,18
2039,Total Production (mboed),1001,Project Raven Rock |Main Plan,17
2039,Total Production (mboed),1001,Project Redcliff |Main Plan,16
2039,Total Production (mboed),1001,Project Silver Peak |Main Plan,36
2039,Oil Production (mb/d),1002,Project Blue Horizon |Main Plan,99
2039,Oil Production (mb/d),1002,Project Cedar Point |Manual,20
2039,Oil Production (mb/d),1002,Project Eagle Pass |Manual,20
2039,Oil Production (mb/d),1002,Project Granite Basin |Main Plan,4
2039,Oil Production (mb/d),1002,Project Ironwood |Main Plan,0
2039,Oil Production (mb/d),1002,Project Northstar |Main Plan,18
2039,Oil Production (mb/d),1002,Project Raven Rock |Main Plan,0
2039,Oil Production (mb/d),1002,Project Redcliff |Main Plan,2
2039,Oil Production (mb/d),1002,Project Silver Peak |Main Plan,36
2039,NGL Production (mb/d),1003,Project Cedar Point |Manual,0
2039,NGL Production (mb/d),1003,Project Eagle Pass |Manual,0
2039,NGL Production (mb/d),1003,Project Raven Rock |Main Plan,0
2039,NGL Production (mb/d),1003,Project Redcliff |Main Plan,0
2039,Gas Production (mmscf/d),1004,Project Granite Basin |Main Plan,144
2039,Gas Production (mmscf/d),1004,Project Ironwood |Main Plan,1
2039,Gas Production (mmscf/d),1004,Project Raven Rock |Main Plan,97
2039,Gas Production (mmscf/d),1004,Project Redcliff |Main Plan,74
2039,Revenue Generating Total Prod (mboed),1005,Project Blue Horizon |Main Plan,99
2039,Revenue Generating Total Prod (mboed),1005,Project Cedar Point |Manual,20
2039,Revenue Generating Total Prod (mboed),1005,Project Eagle Pass |Manual,20
2039,Revenue Generating Total Prod (mboed),1005,Project Granite Basin |Main Plan,29
2039,Revenue Generating Total Prod (mboed),1005,Project Ironwood |Main Plan,0
2039,Revenue Generating Total Prod (mboed),1005,Project Northstar |Main Plan,18
2039,Revenue Generating Total Prod (mboed),1005,Project Raven Rock |Main Plan,17
2039,Revenue Generating Total Prod (mboed),1005,Project Redcliff |Main Plan,14
2039,Revenue Generating Total Prod (mboed),1005,Project Silver Peak |Main Plan,36
2039,Gas - Non-Revenue Generating Prod (mmscfd),1008,Project Redcliff |Main Plan,-8
2039,Equity Accounted Total Production (mboed),1009,Project Cedar Point |Manual,0
2039,Equity Accounted Total Production (mboed),1009,Project Eagle Pass |Manual,0
2039,Liquids Production (mboed),1013,Project Blue Horizon |Main Plan,99
2039,Liquids Production (mboed),1013,Project Cedar Point |Manual,20
2039,Liquids Production (mboed),1013,Project Eagle Pass |Manual,20
2039,Liquids Production (mboed),1013,Project Granite Basin |Main Plan,4
2039,Liquids Production (mboed),1013,Project Ironwood |Main Plan,0
2039,Liquids Production (mboed),1013,Project Northstar |Main Plan,18
2039,Liquids Production (mboed),1013,Project Raven Rock |Main Plan,0
2039,Liquids Production (mboed),1013,Project Redcliff |Main Plan,2
2039,Liquids Production (mboed),1013,Project Silver Peak |Main Plan,36
2039,Revenue Generating Total Prod (mboe),1015,Project Blue Horizon |Main Plan,36.135
2039,Revenue Generating Total Prod (mboe),1015,Project Granite Basin |Main Plan,10.585
2039,Revenue Generating Total Prod (mboe),1015,Project Ironwood |Main Plan,0
2039,Revenue Generating Total Prod (mboe),1015,Project Northstar |Main Plan,6.57
2039,Revenue Generating Total Prod (mboe),1015,Project Raven Rock |Main Plan,6.205
2039,Revenue Generating Total Prod (mboe),1015,Project Redcliff |Main Plan,5.11
2039,Revenue Generating Total Prod (mboe),1015,Project Silver Peak |Main Plan,13.14
2039,Gross Margin,2001,Project Blue Horizon |Main Plan,2274
2039,Gross Margin,2001,Project Cedar Point |Manual,780
2039,Gross Margin,2001,Project Eagle Pass |Manual,780
2039,Gross Margin,2001,Project Granite Basin |Main Plan,344
2039,Gross Margin,2001,Project Ironwood |Main Plan,2
2039,Gross Margin,2001,Project Northstar |Main Plan,432
2039,Gross Margin,2001,Project Raven Rock |Main Plan,158
2039,Gross Margin,2001,Project Redcliff |Main Plan,241
2039,Gross Margin,2001,Project Silver Peak |Main Plan,943
2039,Total Cash Costs,2002,Project Blue Horizon |Main Plan,-573
2039,Total Cash Costs,2002,Project Cedar Point |Manual,-260
2039,Total Cash Costs,2002,Project Copper Bay |Main Plan,-1
2039,Total Cash Costs,2002,Project Eagle Pass |Manual,-260
2039,Total Cash Costs,2002,Project Granite Basin |Main Plan,-98
2039,Total Cash Costs,2002,Project Ironwood |Main Plan,-3
2039,Total Cash Costs,2002,Project Northstar |Main Plan,-232
2039,Total Cash Costs,2002,Project Redcliff |Main Plan,-144
2039,Total Cash Costs,2002,Project Silver Peak |Main Plan,-225
2039,Production Costs,2003,Project Blue Horizon |Main Plan,-573
2039,Production Costs,2003,Project Cedar Point |Manual,-200
2039,Production Costs,2003,Project Copper Bay |Main Plan,-1
2039,Production Costs,2003,Project Eagle Pass |Manual,-200
2039,Production Costs,2003,Project Granite Basin |Main Plan,-74
2039,Production Costs,2003,Project Ironwood |Main Plan,-3
2039,Production Costs,2003,Project Northstar |Main Plan,-232
2039,Production Costs,2003,Project Redcliff |Main Plan,-69
2039,Production Costs,2003,Project Silver Peak |Main Plan,-175
2039,EBITDA,2004,Project Blue Horizon |Main Plan,1701
2039,EBITDA,2004,Project Cedar Point |Manual,520
2039,EBITDA,2004,Project Copper Bay |Main Plan,-1
2039,EBITDA,2004,Project Eagle Pass |Manual,520
2039,EBITDA,2004,Project Granite Basin |Main Plan,246
2039,EBITDA,2004,Project Ironwood |Main Plan,-1
2039,EBITDA,2004,Project Northstar |Main Plan,200
2039,EBITDA,2004,Project Raven Rock |Main Plan,158
2039,EBITDA,2004,Project Redcliff |Main Plan,97
2039,EBITDA,2004,Project Silver Peak |Main Plan,718
2039,DD&A Charge,2005,Project Blue Horizon |Main Plan,-1122
2039,DD&A Charge,2005,Project Cedar Point |Manual,-340
2039,DD&A Charge,2005,Project Eagle Pass |Manual,-340
2039,DD&A Charge,2005,Project Granite Basin |Main Plan,-155
2039,DD&A Charge,2005,Project Highland Crest |Main Plan,-47
2039,DD&A Charge,2005,Project Ironwood |Main Plan,-1
2039,DD&A Charge,2005,Project Northstar |Main Plan,-60
2039,DD&A Charge,2005,Project Raven Rock |Main Plan,-110
2039,DD&A Charge,2005,Project Redcliff |Main Plan,-70
2039,DD&A Charge,2005,Project Silver Peak |Main Plan,-439
2039,Related Company Income,2006,Project Cedar Point |Manual,0
2039,Related Company Income,2006,Project Eagle Pass |Manual,0
2039,Underlying RCOP,2007,Project Blue Horizon |Main Plan,579
2039,Underlying RCOP,2007,Project Cedar Point |Manual,180
2039,Underlying RCOP,2007,Project Copper Bay |Main Plan,-1
2039,Underlying RCOP,2007,Project Eagle Pass |Manual,180
2039,Underlying RCOP,2007,Project Granite Basin |Main Plan,91
2039,Underlying RCOP,2007,Project Highland Crest |Main Plan,-47
2039,Underlying RCOP,2007,Project Ironwood |Main Plan,-2
2039,Underlying RCOP,2007,Project Northstar |Main Plan,140
2039,Underlying RCOP,2007,Project Raven Rock |Main Plan,48
2039,Underlying RCOP,2007,Project Redcliff |Main Plan,27
2039,Underlying RCOP,2007,Project Silver Peak |Main Plan,279
2039,Working Capital Changes (SEA),3001,Project Blue Horizon |Main Plan,-17
2039,Working Capital Changes (SEA),3001,Project Cedar Point |Manual,-90
2039,Working Capital Changes (SEA),3001,Project Copper Bay |Main Plan,0
2039,Working Capital Changes (SEA),3001,Project Eagle Pass |Manual,-90
2039,Working Capital Changes (SEA),3001,Project Granite Basin |Main Plan,-216
2039,Working Capital Changes (SEA),3001,Project Highland Crest |Main Plan,-4
2039,Working Capital Changes (SEA),3001,Project Raven Rock |Main Plan,2
2039,Working Capital Changes (SEA),3001,Project Redcliff |Main Plan,-2
2039,Working Capital Changes (SEA),3001,Project Silver Peak |Main Plan,-120
2039,Working Capital Changes (SEA),3001,Project Stonehaven |Main Plan,-4
2039,Decommissioning Payments,3002,Project Cedar Point |Manual,-90
2039,Decommissioning Payments,3002,Project Eagle Pass |Manual,-90
2039,Decommissioning Payments,3002,Project Granite Basin |Main Plan,-217
2039,Decommissioning Payments,3002,Project Highland Crest |Main Plan,-4
2039,Decommissioning Payments,3002,Project Redcliff |Main Plan,-3
2039,Decommissioning Payments,3002,Project Silver Peak |Main Plan,-126
2039,Decommissioning Payments,3002,Project Stonehaven |Main Plan,-4
2039,Lease Interest paid,3003,Project Cedar Point |Manual,0
2039,Lease Interest paid,3003,Project Eagle Pass |Manual,0
2039,Total Dividend Received,3004,Project Cedar Point |Manual,0
2039,Total Dividend Received,3004,Project Eagle Pass |Manual,0
2039,Operating Cashflow,3005,Project Blue Horizon |Main Plan,1680
2039,Operating Cashflow,3005,Project Cedar Point |Manual,430
2039,Operating Cashflow,3005,Project Copper Bay |Main Plan,-1
2039,Operating Cashflow,3005,Project Eagle Pass |Manual,430
2039,Operating Cashflow,3005,Project Granite Basin |Main Plan,29
2039,Operating Cashflow,3005,Project Highland Crest |Main Plan,-5
2039,Operating Cashflow,3005,Project Ironwood |Main Plan,-2
2039,Operating Cashflow,3005,Project Northstar |Main Plan,199
2039,Operating Cashflow,3005,Project Raven Rock |Main Plan,159
2039,Operating Cashflow,3005,Project Redcliff |Main Plan,94
2039,Operating Cashflow,3005,Project Silver Peak |Main Plan,597
2039,Operating Cashflow,3005,Project Stonehaven |Main Plan,-4
2039,Cash Capex,3006,Project Blue Horizon |Main Plan,-1246
2039,Cash Capex,3006,Project Cedar Point |Manual,-150
2039,Cash Capex,3006,Project Eagle Pass |Manual,-150
2039,Cash Capex,3006,Project Granite Basin |Main Plan,-30
2039,Cash Capex,3006,Project Ironwood |Main Plan,-1
2039,Cash Capex,3006,Project Northstar |Main Plan,-33
2039,Cash Capex,3006,Project Raven Rock |Main Plan,-17
2039,Cash Capex,3006,Project Redcliff |Main Plan,-13
2039,Cash Capex,3006,Project Silver Peak |Main Plan,-257
2039,Cash Flow from Sale of Operations,3007,Project Cedar Point |Manual,0
2039,Cash Flow from Sale of Operations,3007,Project Eagle Pass |Manual,0
2039,Pre Tax Cash Flow,3008,Project Blue Horizon |Main Plan,434
2039,Pre Tax Cash Flow,3008,Project Cedar Point |Manual,290
2039,Pre Tax Cash Flow,3008,Project Copper Bay |Main Plan,-1
2039,Pre Tax Cash Flow,3008,Project Eagle Pass |Manual,290
2039,Pre Tax Cash Flow,3008,Project Granite Basin |Main Plan,-1
2039,Pre Tax Cash Flow,3008,Project Highland Crest |Main Plan,-5
2039,Pre Tax Cash Flow,3008,Project Ironwood |Main Plan,-3
2039,Pre Tax Cash Flow,3008,Project Northstar |Main Plan,163
2039,Pre Tax Cash Flow,3008,Project Raven Rock |Main Plan,142
2039,Pre Tax Cash Flow,3008,Project Redcliff |Main Plan,81
2039,Pre Tax Cash Flow,3008,Project Silver Peak |Main Plan,340
2039,Pre Tax Cash Flow,3008,Project Stonehaven |Main Plan,-4
2039,Capital Employed,4001,Project Blue Horizon |Main Plan,518
2039,Capital Employed,4001,Project Cedar Point |Manual,1560
2039,Capital Employed,4001,Project Copper Bay |Main Plan,109
2039,Capital Employed,4001,Project Eagle Pass |Manual,1560
2039,Capital Employed,4001,Project Granite Basin |Main Plan,73
2039,Capital Employed,4001,Project Highland Crest |Main Plan,2070
2039,Capital Employed,4001,Project Ironwood |Main Plan,82
2039,Capital Employed,4001,Project Northstar |Main Plan,-79
2039,Capital Employed,4001,Project Raven Rock |Main Plan,-1387
2039,Capital Employed,4001,Project Redcliff |Main Plan,99
2039,Capital Employed,4001,Project Silver Peak |Main Plan,999
2039,Capital Employed,4001,Project Stonehaven |Main Plan,15
2040,Total Production (mboed),1001,Project Blue Horizon |Main Plan,93
2040,Total Production (mboed),1001,Project Cedar Point |Manual,20
2040,Total Production (mboed),1001,Project Eagle Pass |Manual,20
2040,Total Production (mboed),1001,Project Granite Basin |Main Plan,37
2040,Total Production (mboed),1001,Project Ironwood |Main Plan,0
2040,Total Production (mboed),1001,Project Raven Rock |Main Plan,14
2040,Total Production (mboed),1001,Project Redcliff |Main Plan,14
2040,Total Production (mboed),1001,Project Silver Peak |Main Plan,33
2040,Oil Production (mb/d),1002,Project Blue Horizon |Main Plan,93
2040,Oil Production (mb/d),1002,Project Cedar Point |Manual,20
2040,Oil Production (mb/d),1002,Project Eagle Pass |Manual,20
2040,Oil Production (mb/d),1002,Project Granite Basin |Main Plan,5
2040,Oil Production (mb/d),1002,Project Ironwood |Main Plan,0
2040,Oil Production (mb/d),1002,Project Raven Rock |Main Plan,0
2040,Oil Production (mb/d),1002,Project Redcliff |Main Plan,2
2040,Oil Production (mb/d),1002,Project Silver Peak |Main Plan,33
2040,NGL Production (mb/d),1003,Project Cedar Point |Manual,0
2040,NGL Production (mb/d),1003,Project Eagle Pass |Manual,0
2040,NGL Production (mb/d),1003,Project Raven Rock |Main Plan,0
2040,NGL Production (mb/d),1003,Project Redcliff |Main Plan,0
2040,Gas Production (mmscf/d),1004,Project Granite Basin |Main Plan,184
2040,Gas Production (mmscf/d),1004,Project Ironwood |Main Plan,0
2040,Gas Production (mmscf/d),1004,Project Raven Rock |Main Plan,83
2040,Gas Production (mmscf/d),1004,Project Redcliff |Main Plan,63
2040,Revenue Generating Total Prod (mboed),1005,Project Blue Horizon |Main Plan,93
2040,Revenue Generating Total Prod (mboed),1005,Project Cedar Point |Manual,20
2040,Revenue Generating Total Prod (mboed),1005,Project Eagle Pass |Manual,20
2040,Revenue Generating Total Prod (mboed),1005,Project Granite Basin |Main Plan,37
2040,Revenue Generating Total Prod (mboed),1005,Project Ironwood |Main Plan,0
2040,Revenue Generating Total Prod (mboed),1005,Project Raven Rock |Main Plan,14
2040,Revenue Generating Total Prod (mboed),1005,Project Redcliff |Main Plan,12
2040,Revenue Generating Total Prod (mboed),1005,Project Silver Peak |Main Plan,33
2040,Gas - Non-Revenue Generating Prod (mmscfd),1008,Project Redcliff |Main Plan,-7
2040,Equity Accounted Total Production (mboed),1009,Project Cedar Point |Manual,0
2040,Equity Accounted Total Production (mboed),1009,Project Eagle Pass |Manual,0
2040,Liquids Production (mboed),1013,Project Blue Horizon |Main Plan,93
2040,Liquids Production (mboed),1013,Project Cedar Point |Manual,20
2040,Liquids Production (mboed),1013,Project Eagle Pass |Manual,20
2040,Liquids Production (mboed),1013,Project Granite Basin |Main Plan,5
2040,Liquids Production (mboed),1013,Project Ironwood |Main Plan,0
2040,Liquids Production (mboed),1013,Project Raven Rock |Main Plan,0
2040,Liquids Production (mboed),1013,Project Redcliff |Main Plan,2
2040,Liquids Production (mboed),1013,Project Silver Peak |Main Plan,33
2040,Revenue Generating Total Prod (mboe),1015,Project Blue Horizon |Main Plan,33.945
2040,Revenue Generating Total Prod (mboe),1015,Project Granite Basin |Main Plan,13.505
2040,Revenue Generating Total Prod (mboe),1015,Project Ironwood |Main Plan,0
2040,Revenue Generating Total Prod (mboe),1015,Project Raven Rock |Main Plan,5.11
2040,Revenue Generating Total Prod (mboe),1015,Project Redcliff |Main Plan,4.38
2040,Revenue Generating Total Prod (mboe),1015,Project Silver Peak |Main Plan,12.045
2040,Gross Margin,2001,Project Blue Horizon |Main Plan,2192
2040,Gross Margin,2001,Project Cedar Point |Manual,750
2040,Gross Margin,2001,Project Eagle Pass |Manual,750
2040,Gross Margin,2001,Project Granite Basin |Main Plan,422
2040,Gross Margin,2001,Project Ironwood |Main Plan,0
2040,Gross Margin,2001,Project Raven Rock |Main Plan,134
2040,Gross Margin,2001,Project Redcliff |Main Plan,210
2040,Gross Margin,2001,Project Silver Peak |Main Plan,898
2040,Total Cash Costs,2002,Project Blue Horizon |Main Plan,-627
2040,Total Cash Costs,2002,Project Cedar Point |Manual,-260
2040,Total Cash Costs,2002,Project Copper Bay |Main Plan,-1
2040,Total Cash Costs,2002,Project Eagle Pass |Manual,-260
2040,Total Cash Costs,2002,Project Granite Basin |Main Plan,-95
2040,Total Cash Costs,2002,Project Ironwood |Main Plan,-1
2040,Total Cash Costs,2002,Project Redcliff |Main Plan,-154
2040,Total Cash Costs,2002,Project Silver Peak |Main Plan,-218
2040,Production Costs,2003,Project Blue Horizon |Main Plan,-627
2040,Production Costs,2003,Project Cedar Point |Manual,-210
2040,Production Costs,2003,Project Copper Bay |Main Plan,-1
2040,Production Costs,2003,Project Eagle Pass |Manual,-210
2040,Production Costs,2003,Project Granite Basin |Main Plan,-74
2040,Production Costs,2003,Project Ironwood |Main Plan,-1
2040,Production Costs,2003,Project Redcliff |Main Plan,-67
2040,Production Costs,2003,Project Silver Peak |Main Plan,-167
2040,EBITDA,2004,Project Blue Horizon |Main Plan,1565
2040,EBITDA,2004,Project Cedar Point |Manual,490
2040,EBITDA,2004,Project Copper Bay |Main Plan,-1
2040,EBITDA,2004,Project Eagle Pass |Manual,490
2040,EBITDA,2004,Project Granite Basin |Main Plan,327
2040,EBITDA,2004,Project Ironwood |Main Plan,-1
2040,EBITDA,2004,Project Raven Rock |Main Plan,134
2040,EBITDA,2004,Project Redcliff |Main Plan,56
2040,EBITDA,2004,Project Silver Peak |Main Plan,680
2040,DD&A Charge,2005,Project Blue Horizon |Main Plan,-1019
2040,DD&A Charge,2005,Project Cedar Point |Manual,-320
2040,DD&A Charge,2005,Project Eagle Pass |Manual,-320
2040,DD&A Charge,2005,Project Granite Basin |Main Plan,-191
2040,DD&A Charge,2005,Project Highland Crest |Main Plan,-47
2040,DD&A Charge,2005,Project Ironwood |Main Plan,-1
2040,DD&A Charge,2005,Project Raven Rock |Main Plan,-65
2040,DD&A Charge,2005,Project Redcliff |Main Plan,-62
2040,DD&A Charge,2005,Project Silver Peak |Main Plan,-410
2040,Related Company Income,2006,Project Cedar Point |Manual,0
2040,Related Company Income,2006,Project Eagle Pass |Manual,0
2040,Underlying RCOP,2007,Project Blue Horizon |Main Plan,546
2040,Underlying RCOP,2007,Project Cedar Point |Manual,170
2040,Underlying RCOP,2007,Project Copper Bay |Main Plan,-1
2040,Underlying RCOP,2007,Project Eagle Pass |Manual,170
2040,Underlying RCOP,2007,Project Granite Basin |Main Plan,136
2040,Underlying RCOP,2007,Project Highland Crest |Main Plan,-47
2040,Underlying RCOP,2007,Project Ironwood |Main Plan,-2
2040,Underlying RCOP,2007,Project Raven Rock |Main Plan,69
2040,Underlying RCOP,2007,Project Redcliff |Main Plan,-6
2040,Underlying RCOP,2007,Project Silver Peak |Main Plan,270
2040,Working Capital Changes (SEA),3001,Project Blue Horizon |Main Plan,19
2040,Working Capital Changes (SEA),3001,Project Cedar Point |Manual,-90
2040,Working Capital Changes (SEA),3001,Project Eagle Pass |Manual,-90
2040,Working Capital Changes (SEA),3001,Project Granite Basin |Main Plan,-202
2040,Working Capital Changes (SEA),3001,Project Highland Crest |Main Plan,-4
2040,Working Capital Changes (SEA),3001,Project Raven Rock |Main Plan,2
2040,Working Capital Changes (SEA),3001,Project Redcliff |Main Plan,-36
2040,Working Capital Changes (SEA),3001,Project Silver Peak |Main Plan,-118
2040,Decommissioning Payments,3002,Project Cedar Point |Manual,-90
2040,Decommissioning Payments,3002,Project Eagle Pass |Manual,-90
2040,Decommissioning Payments,3002,Project Granite Basin |Main Plan,-188
2040,Decommissioning Payments,3002,Project Highland Crest |Main Plan,-4
2040,Decommissioning Payments,3002,Project Redcliff |Main Plan,-40
2040,Decommissioning Payments,3002,Project Silver Peak |Main Plan,-120
2040,Lease Interest paid,3003,Project Cedar Point |Manual,0
2040,Lease Interest paid,3003,Project Eagle Pass |Manual,0
2040,Total Dividend Received,3004,Project Cedar Point |Manual,0
2040,Total Dividend Received,3004,Project Eagle Pass |Manual,0
2040,Operating Cashflow,3005,Project Blue Horizon |Main Plan,1580
2040,Operating Cashflow,3005,Project Cedar Point |Manual,410
2040,Operating Cashflow,3005,Project Copper Bay |Main Plan,-1
2040,Operating Cashflow,3005,Project Eagle Pass |Manual,410
2040,Operating Cashflow,3005,Project Granite Basin |Main Plan,124
2040,Operating Cashflow,3005,Project Highland Crest |Main Plan,-5
2040,Operating Cashflow,3005,Project Ironwood |Main Plan,-2
2040,Operating Cashflow,3005,Project Raven Rock |Main Plan,135
2040,Operating Cashflow,3005,Project Redcliff |Main Plan,19
2040,Operating Cashflow,3005,Project Silver Peak |Main Plan,561
2040,Cash Capex,3006,Project Blue Horizon |Main Plan,-1156
2040,Cash Capex,3006,Project Cedar Point |Manual,-140
2040,Cash Capex,3006,Project Eagle Pass |Manual,-140
2040,Cash Capex,3006,Project Granite Basin |Main Plan,-30
2040,Cash Capex,3006,Project Ironwood |Main Plan,-1
2040,Cash Capex,3006,Project Northstar |Main Plan,-19
2040,Cash Capex,3006,Project Raven Rock |Main Plan,-19
2040,Cash Capex,3006,Project Redcliff |Main Plan,-17
2040,Cash Capex,3006,Project Silver Peak |Main Plan,-277
2040,Cash Flow from Sale of Operations,3007,Project Cedar Point |Manual,0
2040,Cash Flow from Sale of Operations,3007,Project Eagle Pass |Manual,0
2040,Pre Tax Cash Flow,3008,Project Blue Horizon |Main Plan,424
2040,Pre Tax Cash Flow,3008,Project Cedar Point |Manual,270
2040,Pre Tax Cash Flow,3008,Project Copper Bay |Main Plan,-1
2040,Pre Tax Cash Flow,3008,Project Eagle Pass |Manual,270
2040,Pre Tax Cash Flow,3008,Project Granite Basin |Main Plan,94
2040,Pre Tax Cash Flow,3008,Project Highland Crest |Main Plan,-5
2040,Pre Tax Cash Flow,3008,Project Ironwood |Main Plan,-3
2040,Pre Tax Cash Flow,3008,Project Northstar |Main Plan,-19
2040,Pre Tax Cash Flow,3008,Project Raven Rock |Main Plan,116
2040,Pre Tax Cash Flow,3008,Project Redcliff |Main Plan,2
2040,Pre Tax Cash Flow,3008,Project Silver Peak |Main Plan,284
2040,Capital Employed,4001,Project Blue Horizon |Main Plan,635
2040,Capital Employed,4001,Project Cedar Point |Manual,1450
2040,Capital Employed,4001,Project Copper Bay |Main Plan,109
2040,Capital Employed,4001,Project Eagle Pass |Manual,1450
2040,Capital Employed,4001,Project Granite Basin |Main Plan,100
2040,Capital Employed,4001,Project Highland Crest |Main Plan,2026
2040,Capital Employed,4001,Project Ironwood |Main Plan,82
2040,Capital Employed,4001,Project Northstar |Main Plan,-60
2040,Capital Employed,4001,Project Raven Rock |Main Plan,-1436
2040,Capital Employed,4001,Project Redcliff |Main Plan,69
2040,Capital Employed,4001,Project Silver Peak |Main Plan,945
2040,Capital Employed,4001,Project Stonehaven |Main Plan,15
